user_id,establishment_id,product_name,rating
136,Super Maia - Taguatinga,Alface,3
97,Pão de Açúcar - Asa Norte,Berinjela,3
189,Extra - Asa Sul,Morango,2
125,Feira do Produtor de São Sebastião,Agrião,3
33,Feira do Produtor de Samambaia,Cebola,4
102,Atacadão - Taguatinga,Brócolis,3
133,Feira do Produtor de Taguatinga,Cenoura,3
28,Feira do Produtor do Guará,Banana,2
146,Feira do Produtor do Sudoeste,Coco,4
121,CEASA-DF,Beterraba,3
132,Comper - Águas Claras,Tangerina,4
122,Assaí Atacadista - Taguatinga,Maracujá,3
1,Assaí Atacadista - Ceilândia,Pepino,2
126,Associação dos Produtores de Hortigranjeiros do Distrito Federal (Asphor),Jiló,4
93,"Cooperativa de Trabalho, Consultoria, Instrutoria e Serviços para o Desenvolvimento Agropecuário, Econômico e Social (Agrocoop)",Pepino,4
17,Associação dos Produtores da Agricultura Familiar (Aspaf),Abóbora,4
183,Cooperativa Agrícola da Região de Planaltina (Cootaquara),Graviola,4
104,Carrefour - Águas Claras,Mandioca,4
25,Extra - Asa Norte,Limão,2
191,CEASA-DF,Pimentão,3
156,Feira do Produtor do Guará,Pimentão,3
89,Atacadão - Taguatinga,Pitaia,2
197,Extra - Asa Sul,Lichia,3
80,Assaí Atacadista - Taguatinga,Goiaba,4
13,Cooperativa de Agricultura Familiar Mista do Distrito Federal (Coopermista),Coco,2
71,Associação dos Produtores de Hortigranjeiros do Distrito Federal (Asphor),Cenoura,5
107,Feira do Produtor do Riacho Fundo II,Berinjela,4
149,Feira do Produtor do Guará,Pimentão,3
74,Feira do Produtor do Recanto das Emas,Pimentão,3
165,Pão de Açúcar - Asa Sul,Atemóia,4
194,Associação dos Produtores Rurais de Alexandre Gusmão (Asspag),Banana,4
130,Feira do Produtor de Águas Claras,Chuchu,2
189,Extra - Asa Sul,Goiaba,3
190,Feira do Produtor da Estrutural,Quiabo,4
80,Associação dos Produtores de Hortigranjeiros do Distrito Federal (Asphor),Graviola,5
114,Feira do Produtor do Paranoá,Cenoura,4
121,Atacadão - Taguatinga,Beterraba,3
18,Atacadão - Ceilândia,Pitaia,4
2,Associação dos Trabalhadores Rurais da Agricultura Familiar do Assentamento Chapadinha (Astraf),Cebola,4
35,Feira do Produtor de São Sebastião,Repolho,4
180,Feira do Produtor do Sudoeste,Morango,2
176,Super Maia - Sobradinho,Abacate,5
72,Feira do Produtor do Gama,Coco,3
140,Feira do Produtor do Núcleo Bandeirante,Uva,3
105,Associação dos Produtores de Hortigranjeiros do Distrito Federal (Asphor),Brócolis,4
197,Sam's Club - Asa Norte,Coco,3
142,Feira do Produtor do Riacho Fundo II,Goiaba,5
61,Cooperativa Mista da Agricultura Familiar do Meio Ambiente e da Cultura do Brasil (Coopbrasil),Pimentão,3
29,Comper - Sudoeste,Coco,3
138,Cooperativa Agropecuária e Industrial do Rio Preto (Coopari),Brócolis,4
126,Feira do Produtor de Santa Maria,Chuchu,4
9,Feira do Produtor de Ceilândia,Graviola,4
185,Cooperativa dos Produtores Rurais do PAD-DF (Coopadf),Mamão,2
78,Super Maia - Taguatinga,Atemóia,5
33,Supercei - Ceilândia,Alface,4
132,Atacadão - Taguatinga,Mamão,4
125,Associação dos Produtores Rurais Orgânicos e Convencionais do Distrito Federal e Entorno (Asproc),Pitaia,3
10,Assaí Atacadista - Taguatinga,Pimentão,4
91,Associação dos Produtores Rurais Orgânicos e Convencionais do Distrito Federal e Entorno (Asproc),Manga,3
115,Cooperativa Agropecuária e Industrial do Rio Preto (Coopari),Uva,3
24,Cooperativa Agrícola da Região de Planaltina (Cootaquara),Tangerina,3
189,Supercei - Ceilândia,Repolho,3
68,Feira do Produtor do Lago Norte,Coco,3
162,Cooperativa Mista da Agricultura Familiar do Meio Ambiente e da Cultura do Brasil (Coopbrasil),Pimentão,4
10,Comper - Sudoeste,Banana,4
95,Extra - Asa Norte,Cenoura,3
133,Feira do Produtor do Núcleo Bandeirante,Jiló,3
98,Comper - Águas Claras,Repolho,4
106,Mercado Orgânico do CEASA,Tomate,4
138,Cooperativa Mista da Agricultura Familiar do Meio Ambiente e da Cultura do Brasil (Coopbrasil),Repolho,5
112,Feira do Produtor do Lago Norte,Couve,4
141,Associação dos Produtores Rurais Novo Horizonte Betinho (Aspronte),Cenoura,4
99,Feira do Produtor do Cruzeiro,Cajamanga,3
155,Feira do Produtor do Park Way,Limão,4
135,"Cooperativa de Trabalho, Consultoria, Instrutoria e Serviços para o Desenvolvimento Agropecuário, Econômico e Social (Agrocoop)",Pitaia,4
39,Feira do Produtor da Candangolândia,Pitaia,4
155,Supercei - Sobradinho,Agrião,4
105,Associação dos Produtores da Agricultura Familiar (Aspaf),Coco,4
165,Feira do Produtor do Itapoã,Repolho,4
26,Feira do Produtor da Candangolândia,Goiaba,4
77,Comper - Sudoeste,Abóbora,4
168,CEASA-DF,Pitaia,4
166,Associação dos Trabalhadores Rurais da Agricultura Familiar do Assentamento Chapadinha (Astraf),Banana,3
44,Feira do Produtor da Estrutural,Tomate,3
49,Comper - Águas Claras,Batata,3
5,Assaí Atacadista - Ceilândia,Limão,3
84,Cooperativa de Agricultura Familiar Mista do Distrito Federal (Coopermista),Morango,4
62,Feira do Produtor de Samambaia,Mamão,2
99,Associação dos Produtores Rurais Novo Horizonte Betinho (Aspronte),Maracujá,3
157,Atacadão - Taguatinga,Mamão,5
113,Feira do Produtor do Riacho Fundo,Pimentão,4
185,Atacadão - Ceilândia,Batata,3
184,Feira do Produtor de Taguatinga,Pimentão,5
128,Extra - Asa Norte,Batata,4
107,Comper - Águas Claras,Cebola,4
105,CEASA-DF,Cajamanga,4
145,Cooperativa de Produção Agropecuária dos Assentados e Pequenos Produtores Rurais do Distrito Federal e Entorno (Coopercal),Cajamanga,3
155,Supercei - Sobradinho,Limão,3
74,Associação dos Produtores Rurais Orgânicos e Convencionais do Distrito Federal e Entorno (Asproc),Gengibre,2
158,Feira do Produtor do Lago Sul,Limão,3
112,Pão de Açúcar - Asa Sul,Abacate,4
84,Feira do Produtor do Sudoeste,Repolho,3
166,Pão de Açúcar - Asa Norte,Goiaba,4
176,Feira do Produtor do Lago Norte,Quiabo,4
34,Comper - Sudoeste,Cenoura,3
88,Feira do Produtor do Park Way,Maracujá,2
64,Feira da Agricultura Familiar - Plano Piloto,Batata,3
17,Cooperativa dos Produtores Rurais de Brazlândia (Coopabra),Tangerina,5
82,"Associação Mista dos Agricultores Familiares, Orgânicos e Produtores Rurais do DF e Entorno (Amista)",Morango,2
43,Associação dos Produtores de Hortigranjeiros do Distrito Federal (Asphor),Brócolis,4
174,Feira do Produtor de Sobradinho,Cebola,3
66,CEASA-DF,Chuchu,4
99,Feira do Produtor do Sudoeste,Lichia,2
198,Feira do Produtor de São Sebastião,Agrião,4
73,Associação dos Produtores Rurais Novo Horizonte Betinho (Aspronte),Tomate,3
200,Associação dos Produtores Rurais Novo Horizonte Betinho (Aspronte),Chuchu,2
167,Assaí Atacadista - Taguatinga,Jiló,5
189,Feira do Produtor do Cruzeiro,Brócolis,3
26,Feira do Produtor do Lago Sul,Cajamanga,4
33,Feira do Produtor do Itapoã,Maracujá,5
190,Feira do Produtor do Paranoá,Brócolis,4
195,Feira do Produtor do Riacho Fundo,Batata,3
117,Cooperativa de Agricultura Familiar Mista do Distrito Federal (Coopermista),Beterraba,4
37,Associação dos Produtores Rurais de Alexandre Gusmão (Asspag),Abacate,4
168,Cooperativa de Agricultura Familiar Mista do Distrito Federal (Coopermista),Goiaba,4
66,Feira do Produtor de Ceilândia,Tangerina,3
53,Pão de Açúcar - Asa Sul,Atemóia,4
97,Supercei - Taguatinga,Banana,5
142,Comper - Águas Claras,Pepino,4
86,Feira do Produtor do Itapoã,Tangerina,4
155,CEASA-DF,Pepino,4
173,CEASA-DF,Batata,4
136,Feira do Produtor do Varjão,Tangerina,3
135,Cooperativa Agrícola da Região de Planaltina (Cootaquara),Tangerina,3
19,Feira do Produtor do Riacho Fundo II,Manga,3
11,Super Maia - Taguatinga,Cajamanga,3
124,Feira do Produtor de São Sebastião,Uva,4
35,Associação Agrícola do Distrito Federal e Ride (Agrifam),Lichia,4
165,Comper - Sudoeste,Cenoura,4
6,Feira do Produtor do Jardim Botânico,Uva,4
144,CEASA-DF,Lichia,4
75,Feira do Produtor do Park Way,Berinjela,3
198,Feira do Produtor do Riacho Fundo II,Limão,2
38,Supercei - Sobradinho,Tomate,4
37,Feira do Produtor de Sobradinho,Chuchu,3
194,Cooperativa Mista da Agricultura Familiar do Meio Ambiente e da Cultura do Brasil (Coopbrasil),Limão,4
176,Feira do Produtor do Lago Norte,Graviola,4
4,Associação dos Produtores de Hortigranjeiros do Distrito Federal (Asphor),Cebola,3
114,Associação dos Produtores Rurais de Alexandre Gusmão (Asspag),Berinjela,5
124,Feira do Produtor do Park Way,Lichia,4
4,Associação dos Produtores Rurais Orgânicos e Convencionais do Distrito Federal e Entorno (Asproc),Pitaia,2
61,Comper - Águas Claras,Lichia,3
50,Feira do Produtor do Varjão,Lichia,3
139,Assaí Atacadista - Ceilândia,Graviola,4
10,Carrefour - Asa Norte,Limão,3
21,Associação de Agricultores Familiares da Eco Comunidade do Assentamento 15 de Agosto (Afeca),Cebola,2
53,Mercado Orgânico do CEASA,Coco,4
114,Feira do Produtor do Cruzeiro,Couve,4
67,CEASA-DF,Mandioca,5
85,Assaí Atacadista - Taguatinga,Goiaba,3
27,Feira do Produtor de Taguatinga,Uva,5
97,Associação de Agricultores Familiares da Eco Comunidade do Assentamento 15 de Agosto (Afeca),Chuchu,4
168,Supercei - Sobradinho,Goiaba,4
96,Associação dos Produtores Rurais de Alexandre Gusmão (Asspag),Abóbora,3
15,Associação dos Produtores Rurais Orgânicos e Convencionais do Distrito Federal e Entorno (Asproc),Pimentão,2
149,Assaí Atacadista - Ceilândia,Cenoura,4
177,Feira do Produtor do Recanto das Emas,Uva,4
48,Feira do Produtor da Candangolândia,Manga,4
164,Atacadão - Ceilândia,Brócolis,4
112,Feira do Produtor do Riacho Fundo,Gengibre,3
156,Extra - Asa Norte,Pepino,4
161,Feira do Produtor do Varjão,Pimentão,4
3,Walmart - Samambaia,Graviola,4
141,Feira do Produtor da Candangolândia,Abóbora,4
50,CEASA-DF,Beterraba,4
55,Feira do Produtor de Ceilândia,Quiabo,4
109,Feira do Produtor do Núcleo Bandeirante,Jiló,2
133,Sam's Club - Asa Norte,Banana,3
95,Feira do Produtor do Lago Sul,Abacate,2
95,Supercei - Ceilândia,Cajamanga,3
198,Big Box - Águas Claras,Morango,2
66,Feira do Produtor do Recanto das Emas,Coco,3
142,Associação dos Produtores Rurais Orgânicos e Convencionais do Distrito Federal e Entorno (Asproc),Quiabo,4
134,Cooperativa de Agricultura Familiar Mista do Distrito Federal (Coopermista),Goiaba,5
160,Feira do Produtor do Riacho Fundo,Pepino,4
62,Big Box - Águas Claras,Pitaia,3
11,Feira do Produtor do Gama,Repolho,4
109,Extra - Asa Sul,Cajamanga,3
13,Feira do Produtor do Sudoeste,Alface,4
181,Extra - Asa Norte,Chuchu,3
190,Extra - Asa Norte,Batata,4
65,Feira do Produtor do Recanto das Emas,Pimentão,4
72,Feira do Produtor do Jardim Botânico,Lichia,4
54,Feira do Produtor da Candangolândia,Coco,3
115,Feira do Produtor do Varjão,Alface,5
138,Feira do Produtor do Paranoá,Morango,4
168,Assaí Atacadista - Ceilândia,Atemóia,4
182,Comper - Águas Claras,Uva,2
141,Super Maia - Sobradinho,Jiló,5
59,Feira do Produtor de Santa Maria,Pepino,4
58,Carrefour - Águas Claras,Uva,3
80,Supercei - Sobradinho,Chuchu,4
22,Comper - Águas Claras,Batata,5
184,Cooperativa de Agricultura Familiar Mista do Distrito Federal (Coopermista),Manga,4
6,Feira do Produtor do Núcleo Bandeirante,Uva,5
131,"Cooperativa de Trabalho, Consultoria, Instrutoria e Serviços para o Desenvolvimento Agropecuário, Econômico e Social (Agrocoop)",Maracujá,4
125,Comper - Sudoeste,Batata,4
126,Associação dos Produtores de Hortigranjeiros do Distrito Federal (Asphor),Atemóia,4
156,Sam's Club - Asa Norte,Uva,3
84,Cooperativa dos Produtores Rurais de Brazlândia (Coopabra),Chuchu,4
178,Associação dos Produtores Rurais de Alexandre Gusmão (Asspag),Chuchu,3
118,Feira do Produtor do Guará,Coco,5
123,Associação Agrícola do Distrito Federal e Ride (Agrifam),Mandioca,4
41,Feira do Produtor do Park Way,Lichia,4
14,Associação Agrícola do Distrito Federal e Ride (Agrifam),Goiaba,3
117,Associação dos Trabalhadores Rurais da Agricultura Familiar do Assentamento Chapadinha (Astraf),Cebola,4
18,Atacadão - Ceilândia,Pitaia,5
190,Feira do Produtor do Lago Sul,Morango,3
114,Associação dos Produtores Rurais Novo Horizonte Betinho (Aspronte),Repolho,5
65,Associação dos Produtores da Agricultura Familiar (Aspaf),Uva,5
41,Sam's Club - Asa Norte,Pimentão,4
114,Pão de Açúcar - Asa Norte,Alface,5
9,"Associação Mista dos Agricultores Familiares, Orgânicos e Produtores Rurais do DF e Entorno (Amista)",Agrião,3
197,Feira do Produtor da Candangolândia,Alface,2
36,Feira do Produtor do Sudoeste,Gengibre,4
43,Super Maia - Sobradinho,Limão,5
153,Feira do Produtor do Itapoã,Repolho,4
45,Feira do Produtor da Estrutural,Jiló,4
191,Supercei - Ceilândia,Graviola,3
58,Mercado Orgânico do CEASA,Tangerina,3
43,Feira do Produtor do Gama,Graviola,4
200,Cooperativa dos Produtores Rurais do PAD-DF (Coopadf),Manga,3
183,Feira do Produtor de Sobradinho,Couve,3
183,Carrefour - Águas Claras,Tangerina,4
27,Cooperativa Agropecuária e Industrial do Rio Preto (Coopari),Quiabo,4
151,Feira do Produtor de Sobradinho,Gengibre,4
46,Feira do Produtor de Planaltina,Cenoura,3
92,Feira da Agricultura Familiar - Plano Piloto,Batata,3
175,Extra - Asa Sul,Banana,4
52,Mercado Orgânico do CEASA,Quiabo,4
183,Big Box - Águas Claras,Chuchu,3
121,Cooperativa dos Produtores Rurais do PAD-DF (Coopadf),Repolho,4
174,Feira do Produtor do Cruzeiro,Pitaia,2
101,Extra - Asa Norte,Abóbora,2
46,Associação dos Produtores Rurais Orgânicos e Convencionais do Distrito Federal e Entorno (Asproc),Mandioca,3
14,Feira do Produtor do Paranoá,Chuchu,3
13,Cooperativa Mista da Agricultura Familiar do Meio Ambiente e da Cultura do Brasil (Coopbrasil),Repolho,3
133,Feira do Produtor do Lago Norte,Cenoura,3
153,Supercei - Ceilândia,Banana,3
187,Associação dos Produtores Rurais de Alexandre Gusmão (Asspag),Limão,4
91,Feira do Produtor de Ceilândia,Atemóia,3
129,Associação dos Trabalhadores Rurais da Agricultura Familiar do Assentamento Chapadinha (Astraf),Mamão,5
170,Feira do Produtor de Taguatinga,Mamão,4
25,Feira do Produtor do Jardim Botânico,Morango,3
18,Feira do Produtor do Varjão,Tomate,3
33,Feira do Produtor do Itapoã,Chuchu,3
112,Associação dos Produtores de Hortigranjeiros do Distrito Federal (Asphor),Gengibre,3
14,Feira do Produtor da Estrutural,Maracujá,3
4,Feira do Produtor do Recanto das Emas,Uva,3
140,Cooperativa dos Produtores Rurais do PAD-DF (Coopadf),Uva,4
30,Cooperativa de Produção Agropecuária dos Assentados e Pequenos Produtores Rurais do Distrito Federal e Entorno (Coopercal),Jiló,3
117,Feira do Produtor do Varjão,Quiabo,4
143,Feira do Produtor do Cruzeiro,Couve,2
150,Comper - Águas Claras,Lichia,4
196,Pão de Açúcar - Asa Norte,Batata,3
48,Carrefour - Asa Norte,Pepino,3
155,Feira do Produtor de Planaltina,Batata,2
37,Walmart - Samambaia,Abacate,5
24,Feira do Produtor de Vicente Pires,Cajamanga,3
93,Cooperativa dos Produtores Rurais do PAD-DF (Coopadf),Banana,4
188,Assaí Atacadista - Taguatinga,Beterraba,4
193,Associação Agrícola do Distrito Federal e Ride (Agrifam),Berinjela,5
126,Cooperativa Mista da Agricultura Familiar do Meio Ambiente e da Cultura do Brasil (Coopbrasil),Tangerina,3
191,Supercei - Ceilândia,Pimentão,3
200,"Associação Mista dos Agricultores Familiares, Orgânicos e Produtores Rurais do DF e Entorno (Amista)",Coco,3
144,Pão de Açúcar - Asa Sul,Atemóia,4
9,Comper - Águas Claras,Gengibre,3
125,Associação dos Produtores da Agricultura Familiar (Aspaf),Cebola,3
44,Comper - Sudoeste,Batata,2
22,Feira do Produtor do Itapoã,Lichia,4
86,Feira do Produtor do Cruzeiro,Lichia,2
69,Super Maia - Sobradinho,Tomate,3
99,Pão de Açúcar - Asa Norte,Brócolis,3
126,Feira do Produtor do Riacho Fundo,Uva,3
15,Cooperativa Mista da Agricultura Familiar do Meio Ambiente e da Cultura do Brasil (Coopbrasil),Goiaba,3
37,CEASA-DF,Alface,3
6,Feira do Produtor do Varjão,Mamão,4
105,Assaí Atacadista - Taguatinga,Mamão,5
18,Feira do Produtor do Paranoá,Cebola,3
139,Feira do Produtor do Guará,Mamão,2
41,Atacadão - Ceilândia,Morango,4
109,Extra - Asa Norte,Abacate,4
86,Pão de Açúcar - Asa Norte,Graviola,3
136,Walmart - Samambaia,Gengibre,3
42,Pão de Açúcar - Asa Sul,Pepino,4
88,Assaí Atacadista - Ceilândia,Cenoura,3
155,"Cooperativa de Trabalho, Consultoria, Instrutoria e Serviços para o Desenvolvimento Agropecuário, Econômico e Social (Agrocoop)",Beterraba,3
164,Associação dos Produtores Rurais Novo Horizonte Betinho (Aspronte),Agrião,3
109,Feira do Produtor de Planaltina,Cenoura,2
100,Walmart - Samambaia,Mandioca,3
86,Supercei - Ceilândia,Tomate,4
184,Associação dos Produtores Rurais Novo Horizonte Betinho (Aspronte),Pitaia,4
100,Feira do Produtor da Candangolândia,Graviola,5
174,Cooperativa dos Produtores Rurais de Brazlândia (Coopabra),Mandioca,3
73,Supercei - Sobradinho,Agrião,3
67,Associação dos Produtores Rurais de Alexandre Gusmão (Asspag),Gengibre,4
121,Feira do Produtor do Guará,Cenoura,3
25,Associação de Agricultores Familiares da Eco Comunidade do Assentamento 15 de Agosto (Afeca),Lichia,2
47,Associação dos Produtores Rurais Novo Horizonte Betinho (Aspronte),Quiabo,4
144,Cooperativa dos Produtores Rurais de Brazlândia (Coopabra),Maracujá,4
61,Feira do Produtor do Lago Norte,Agrião,2
158,Feira do Produtor de Ceilândia,Mandioca,3
68,Super Maia - Taguatinga,Uva,3
97,Feira do Produtor do Lago Sul,Quiabo,3
159,Feira do Produtor da Estrutural,Abóbora,5
169,Associação de Agricultores Familiares da Eco Comunidade do Assentamento 15 de Agosto (Afeca),Cajamanga,4
9,Associação dos Produtores Rurais Novo Horizonte Betinho (Aspronte),Manga,4
181,Carrefour - Asa Norte,Pepino,4
134,Feira do Produtor da Estrutural,Pepino,4
139,Associação dos Produtores Rurais de Alexandre Gusmão (Asspag),Abacate,3
196,Cooperativa Agropecuária e Industrial do Rio Preto (Coopari),Berinjela,3
145,Assaí Atacadista - Ceilândia,Quiabo,3
9,Cooperativa de Produção Agropecuária dos Assentados e Pequenos Produtores Rurais do Distrito Federal e Entorno (Coopercal),Couve,4
10,Cooperativa de Agricultura Familiar Mista do Distrito Federal (Coopermista),Batata,3
9,Feira do Produtor de Brazlândia,Abacate,4
20,Feira do Produtor de Águas Claras,Abóbora,5
90,Feira do Produtor do Lago Norte,Cenoura,5
174,Feira do Produtor de Ceilândia,Abóbora,3
75,"Associação Mista dos Agricultores Familiares, Orgânicos e Produtores Rurais do DF e Entorno (Amista)",Beterraba,3
132,Feira do Produtor de Sobradinho,Pepino,4
190,Cooperativa Agropecuária e Industrial do Rio Preto (Coopari),Jiló,4
73,Associação dos Produtores Rurais Novo Horizonte Betinho (Aspronte),Pepino,3
133,Feira do Produtor de Planaltina,Mamão,3
122,Carrefour - Asa Norte,Beterraba,3
96,Cooperativa Mista da Agricultura Familiar do Meio Ambiente e da Cultura do Brasil (Coopbrasil),Morango,4
58,Walmart - Samambaia,Lichia,3
200,Cooperativa Agrícola da Região de Planaltina (Cootaquara),Atemóia,3
137,Associação dos Produtores Rurais de Alexandre Gusmão (Asspag),Maracujá,4
83,Feira do Produtor do Paranoá,Quiabo,3
174,Atacadão - Ceilândia,Cenoura,3
48,Feira do Produtor da Estrutural,Tomate,3
36,Associação dos Produtores Rurais Orgânicos e Convencionais do Distrito Federal e Entorno (Asproc),Agrião,4
68,Super Maia - Taguatinga,Chuchu,2
29,Feira do Produtor de Samambaia,Manga,2
159,Feira do Produtor da Estrutural,Quiabo,5
51,Feira do Produtor do Lago Sul,Pimentão,5
132,Atacadão - Taguatinga,Gengibre,3
131,Assaí Atacadista - Taguatinga,Agrião,3
28,Supercei - Ceilândia,Coco,3
119,Feira do Produtor do Sudoeste,Coco,4
78,Feira do Produtor de Taguatinga,Pitaia,5
54,Big Box - Águas Claras,Maracujá,3
158,Feira do Produtor do Jardim Botânico,Limão,3
11,Feira do Produtor do Núcleo Bandeirante,Chuchu,4
114,Extra - Asa Sul,Manga,5
178,Feira do Produtor de Planaltina,Cenoura,3
15,Associação dos Trabalhadores Rurais da Agricultura Familiar do Assentamento Chapadinha (Astraf),Morango,2
193,Cooperativa Mista da Agricultura Familiar do Meio Ambiente e da Cultura do Brasil (Coopbrasil),Agrião,4
57,Carrefour - Asa Norte,Limão,3
152,Cooperativa de Produção Agropecuária dos Assentados e Pequenos Produtores Rurais do Distrito Federal e Entorno (Coopercal),Uva,5
53,Supercei - Ceilândia,Beterraba,3
13,Cooperativa Agrícola da Região de Planaltina (Cootaquara),Goiaba,3
11,Feira do Produtor do Riacho Fundo II,Tomate,3
142,Cooperativa de Agricultura Familiar Mista do Distrito Federal (Coopermista),Mandioca,4
29,"Cooperativa de Trabalho, Consultoria, Instrutoria e Serviços para o Desenvolvimento Agropecuário, Econômico e Social (Agrocoop)",Cebola,4
12,Feira do Produtor de Águas Claras,Pepino,3
184,Feira do Produtor do Guará,Tangerina,4
79,Associação Agrícola do Distrito Federal e Ride (Agrifam),Mamão,4
143,Supercei - Taguatinga,Graviola,3
70,Cooperativa Agropecuária e Industrial do Rio Preto (Coopari),Limão,5
96,Walmart - Samambaia,Mamão,4
118,Extra - Asa Norte,Coco,5
108,Feira do Produtor do Riacho Fundo II,Mamão,5
86,Supercei - Taguatinga,Cajamanga,2
102,Feira do Produtor do Park Way,Brócolis,3
91,Feira do Produtor de Santa Maria,Pimentão,3
119,Feira do Produtor de Ceilândia,Agrião,4
131,Feira do Produtor de Águas Claras,Mamão,4
183,Feira do Produtor do Riacho Fundo II,Batata,4
132,Super Maia - Taguatinga,Tangerina,4
59,Feira da Agricultura Familiar - Plano Piloto,Alface,4
93,Atacadão - Ceilândia,Abóbora,4
143,Associação dos Produtores Rurais Orgânicos e Convencionais do Distrito Federal e Entorno (Asproc),Cenoura,2
122,Assaí Atacadista - Taguatinga,Agrião,4
29,Supercei - Taguatinga,Chuchu,3
53,Extra - Asa Sul,Lichia,5
37,Feira do Produtor do Núcleo Bandeirante,Graviola,4
150,Carrefour - Águas Claras,Beterraba,3
87,Feira do Produtor de Vicente Pires,Cajamanga,4
16,Mercado Orgânico do CEASA,Alface,3
48,Feira do Produtor do Riacho Fundo,Tangerina,2
178,Feira do Produtor do Lago Sul,Abóbora,3
24,Atacadão - Ceilândia,Berinjela,3
106,Feira do Produtor do Guará,Repolho,4
187,Walmart - Samambaia,Coco,4
49,Feira do Produtor de Santa Maria,Mamão,3
70,Associação dos Produtores Rurais Orgânicos e Convencionais do Distrito Federal e Entorno (Asproc),Pepino,4
55,Feira do Produtor do Recanto das Emas,Cebola,4
69,Super Maia - Taguatinga,Mandioca,4
114,Assaí Atacadista - Taguatinga,Beterraba,4
114,Associação dos Produtores da Agricultura Familiar (Aspaf),Gengibre,4
50,Feira do Produtor do Varjão,Beterraba,4
49,Cooperativa dos Produtores Rurais do PAD-DF (Coopadf),Mamão,3
134,Feira do Produtor do Recanto das Emas,Uva,5
185,Comper - Águas Claras,Beterraba,3
82,Cooperativa Mista da Agricultura Familiar do Meio Ambiente e da Cultura do Brasil (Coopbrasil),Goiaba,2
35,Super Maia - Sobradinho,Couve,5
31,Big Box - Águas Claras,Cenoura,3
73,Feira do Produtor de Sobradinho,Atemóia,4
25,Big Box - Águas Claras,Couve,3
123,Sam's Club - Asa Norte,Cenoura,4
168,Feira do Produtor do Lago Norte,Alface,3
94,Feira do Produtor do Cruzeiro,Couve,3
102,Feira do Produtor de Ceilândia,Atemóia,2
187,Feira do Produtor do Lago Sul,Pimentão,3
164,Feira do Produtor de Sobradinho,Jiló,3
134,Feira do Produtor de Samambaia,Gengibre,4
39,Assaí Atacadista - Taguatinga,Abacate,3
132,Associação Agrícola do Distrito Federal e Ride (Agrifam),Mandioca,4
84,Feira do Produtor de Vicente Pires,Manga,3
109,Feira do Produtor de Planaltina,Cajamanga,2
157,Associação dos Produtores da Agricultura Familiar (Aspaf),Lichia,3
69,Associação dos Produtores Rurais Novo Horizonte Betinho (Aspronte),Repolho,3
21,Cooperativa Mista da Agricultura Familiar do Meio Ambiente e da Cultura do Brasil (Coopbrasil),Goiaba,4
33,Supercei - Ceilândia,Tangerina,5
80,Feira do Produtor de Sobradinho,Atemóia,4
188,Feira do Produtor de Brazlândia,Abóbora,2
189,Supercei - Taguatinga,Abóbora,3
78,Atacadão - Ceilândia,Agrião,5
4,Feira do Produtor do Itapoã,Manga,3
125,Supercei - Sobradinho,Pimentão,3
58,Associação de Agricultores Familiares da Eco Comunidade do Assentamento 15 de Agosto (Afeca),Pitaia,4
31,Extra - Asa Sul,Agrião,4
140,Cooperativa dos Produtores Rurais do PAD-DF (Coopadf),Brócolis,3
166,Supercei - Taguatinga,Maracujá,3
102,Feira do Produtor de Vicente Pires,Alface,2
69,Extra - Asa Norte,Manga,2
119,Comper - Águas Claras,Repolho,4
100,"Cooperativa de Trabalho, Consultoria, Instrutoria e Serviços para o Desenvolvimento Agropecuário, Econômico e Social (Agrocoop)",Jiló,4
10,Supercei - Sobradinho,Tomate,4
82,Feira da Agricultura Familiar - Plano Piloto,Tomate,3
183,Cooperativa Agrícola da Região de Planaltina (Cootaquara),Batata,5
134,Feira do Produtor do Varjão,Limão,4
101,Feira do Produtor do Riacho Fundo II,Graviola,4
108,CEASA-DF,Beterraba,4
116,Cooperativa de Agricultura Familiar Mista do Distrito Federal (Coopermista),Mandioca,4
16,Cooperativa Agrícola da Região de Planaltina (Cootaquara),Jiló,3
116,Feira do Produtor do Itapoã,Chuchu,5
114,Carrefour - Águas Claras,Berinjela,5
185,Supercei - Ceilândia,Coco,2
176,Feira do Produtor de Ceilândia,Manga,4
125,Associação dos Produtores da Agricultura Familiar (Aspaf),Chuchu,3
45,Feira do Produtor da Estrutural,Abóbora,3
51,Sam's Club - Asa Norte,Gengibre,4
114,Cooperativa de Agricultura Familiar Mista do Distrito Federal (Coopermista),Mandioca,4
10,Feira do Produtor do Guará,Mamão,5
53,Cooperativa dos Produtores Rurais de Brazlândia (Coopabra),Mamão,5
9,Feira do Produtor de Brazlândia,Berinjela,2
184,Comper - Águas Claras,Agrião,5
9,"Associação Mista dos Agricultores Familiares, Orgânicos e Produtores Rurais do DF e Entorno (Amista)",Tomate,3
169,Associação dos Produtores Rurais Orgânicos e Convencionais do Distrito Federal e Entorno (Asproc),Coco,4
92,Assaí Atacadista - Taguatinga,Abacate,3
81,Feira do Produtor de São Sebastião,Beterraba,4
12,Feira do Produtor do Itapoã,Cebola,3
178,Feira do Produtor de Águas Claras,Uva,3
106,Feira do Produtor de Ceilândia,Cajamanga,5
78,Associação dos Produtores Rurais Novo Horizonte Betinho (Aspronte),Cajamanga,5
122,CEASA-DF,Abóbora,4
102,Cooperativa Agrícola da Região de Planaltina (Cootaquara),Abacate,2
185,Feira da Agricultura Familiar - Plano Piloto,Tangerina,2
28,Feira do Produtor do Gama,Maracujá,2
169,Feira do Produtor de Sobradinho,Chuchu,3
189,Pão de Açúcar - Asa Norte,Repolho,3
137,Feira do Produtor do Riacho Fundo II,Cajamanga,3
183,Feira do Produtor da Estrutural,Abacate,5
63,Cooperativa de Produção Agropecuária dos Assentados e Pequenos Produtores Rurais do Distrito Federal e Entorno (Coopercal),Abóbora,3
104,Feira do Produtor de Águas Claras,Pepino,5
189,Cooperativa Agropecuária e Industrial do Rio Preto (Coopari),Pimentão,2
154,Feira do Produtor de Vicente Pires,Couve,2
90,Feira do Produtor de Planaltina,Uva,4
174,Associação dos Produtores Rurais Novo Horizonte Betinho (Aspronte),Graviola,3
81,Comper - Sudoeste,Coco,4
21,Feira do Produtor do Riacho Fundo II,Jiló,4
58,Walmart - Samambaia,Gengibre,4
180,Feira do Produtor da Estrutural,Batata,4
98,Associação dos Produtores Rurais de Alexandre Gusmão (Asspag),Gengibre,5
168,Cooperativa Agropecuária e Industrial do Rio Preto (Coopari),Beterraba,2
58,Sam's Club - Asa Norte,Repolho,4
114,Atacadão - Ceilândia,Cenoura,4
12,Feira do Produtor do Riacho Fundo,Pitaia,2
152,Feira do Produtor do Jardim Botânico,Tangerina,4
189,Supercei - Ceilândia,Beterraba,3
38,Pão de Açúcar - Asa Norte,Mandioca,4
7,Feira do Produtor de Vicente Pires,Couve,5
42,Feira do Produtor da Estrutural,Goiaba,5
31,Extra - Asa Norte,Coco,3
116,Feira da Agricultura Familiar - Plano Piloto,Limão,4
150,Associação dos Produtores Rurais Novo Horizonte Betinho (Aspronte),Graviola,4
126,Cooperativa de Produção Agropecuária dos Assentados e Pequenos Produtores Rurais do Distrito Federal e Entorno (Coopercal),Abóbora,3
49,Feira do Produtor do Sudoeste,Manga,3
24,Feira do Produtor de Ceilândia,Abóbora,3
35,Feira do Produtor da Estrutural,Batata,5
158,Feira do Produtor do Lago Sul,Limão,3
43,Feira do Produtor de Brazlândia,Alface,4
82,Mercado Orgânico do CEASA,Alface,3
101,Atacadão - Ceilândia,Couve,3
167,Super Maia - Sobradinho,Chuchu,4
118,Feira do Produtor de Vicente Pires,Goiaba,5
32,Feira do Produtor da Estrutural,Agrião,2
181,Sam's Club - Asa Norte,Couve,4
171,Feira do Produtor do Riacho Fundo II,Batata,3
107,Extra - Asa Sul,Pitaia,4
166,Pão de Açúcar - Asa Norte,Morango,3
135,Sam's Club - Asa Norte,Pimentão,3
195,Feira do Produtor do Sudoeste,Jiló,4
153,Feira da Agricultura Familiar - Plano Piloto,Batata,4
61,Cooperativa Mista da Agricultura Familiar do Meio Ambiente e da Cultura do Brasil (Coopbrasil),Cajamanga,3
123,Cooperativa de Agricultura Familiar Mista do Distrito Federal (Coopermista),Chuchu,4
172,Big Box - Águas Claras,Pitaia,3
128,Feira do Produtor do Itapoã,Abacate,5
93,Feira do Produtor de São Sebastião,Batata,4
179,Cooperativa de Agricultura Familiar Mista do Distrito Federal (Coopermista),Morango,4
35,Associação Agrícola do Distrito Federal e Ride (Agrifam),Pimentão,4
117,Cooperativa dos Produtores Rurais do PAD-DF (Coopadf),Cenoura,4
133,Atacadão - Taguatinga,Pitaia,3
101,"Associação Mista dos Agricultores Familiares, Orgânicos e Produtores Rurais do DF e Entorno (Amista)",Pimentão,3
141,Feira do Produtor do Sudoeste,Pepino,4
29,Walmart - Samambaia,Atemóia,4
193,Cooperativa dos Produtores Rurais de Brazlândia (Coopabra),Atemóia,5
84,Supercei - Ceilândia,Coco,3
61,Associação dos Trabalhadores Rurais da Agricultura Familiar do Assentamento Chapadinha (Astraf),Pepino,3
5,Associação dos Produtores Rurais de Alexandre Gusmão (Asspag),Graviola,3
68,Feira do Produtor de São Sebastião,Gengibre,3
87,Cooperativa Agropecuária e Industrial do Rio Preto (Coopari),Limão,4
10,Cooperativa de Produção Agropecuária dos Assentados e Pequenos Produtores Rurais do Distrito Federal e Entorno (Coopercal),Couve,4
56,Atacadão - Taguatinga,Tangerina,3
105,Feira do Produtor da Candangolândia,Alface,3
171,Feira do Produtor do Itapoã,Pepino,4
198,Feira do Produtor do Paranoá,Banana,3
184,Feira da Agricultura Familiar - Plano Piloto,Graviola,4
21,Atacadão - Taguatinga,Atemóia,4
56,Feira do Produtor de Samambaia,Gengibre,4
33,Feira do Produtor de São Sebastião,Chuchu,4
141,Cooperativa dos Produtores Rurais do PAD-DF (Coopadf),Couve,3
126,Atacadão - Taguatinga,Cenoura,2
191,Feira do Produtor de Vicente Pires,Quiabo,4
178,Feira do Produtor de Planaltina,Pepino,3
66,Feira do Produtor do Paranoá,Uva,2
142,Cooperativa de Agricultura Familiar Mista do Distrito Federal (Coopermista),Morango,5
157,Cooperativa Agrícola da Região de Planaltina (Cootaquara),Brócolis,3
17,"Cooperativa de Trabalho, Consultoria, Instrutoria e Serviços para o Desenvolvimento Agropecuário, Econômico e Social (Agrocoop)",Morango,4
157,Atacadão - Taguatinga,Berinjela,4
10,Feira do Produtor do Varjão,Couve,4
84,Comper - Águas Claras,Goiaba,4
84,Feira do Produtor do Jardim Botânico,Berinjela,4
125,Feira do Produtor do Paranoá,Graviola,3
157,Feira do Produtor do Gama,Morango,3
4,Feira do Produtor do Lago Norte,Pimentão,3
23,Feira do Produtor do Paranoá,Abóbora,3
113,"Cooperativa de Trabalho, Consultoria, Instrutoria e Serviços para o Desenvolvimento Agropecuário, Econômico e Social (Agrocoop)",Alface,3
160,Associação dos Produtores Rurais de Alexandre Gusmão (Asspag),Uva,3
102,Cooperativa Agrícola da Região de Planaltina (Cootaquara),Mamão,2
54,Feira do Produtor do Recanto das Emas,Beterraba,4
14,Feira do Produtor do Lago Sul,Cenoura,3
168,Feira da Agricultura Familiar - Plano Piloto,Pitaia,4
146,Associação dos Produtores Rurais Novo Horizonte Betinho (Aspronte),Pimentão,3
145,Pão de Açúcar - Asa Sul,Morango,3
89,Associação dos Produtores Rurais de Alexandre Gusmão (Asspag),Pimentão,4
176,Sam's Club - Asa Norte,Pepino,4
103,Cooperativa de Agricultura Familiar Mista do Distrito Federal (Coopermista),Lichia,3
177,Assaí Atacadista - Taguatinga,Atemóia,4
79,Feira do Produtor da Candangolândia,Gengibre,5
97,Supercei - Sobradinho,Coco,5
18,Feira do Produtor de Samambaia,Chuchu,3
165,Cooperativa de Agricultura Familiar Mista do Distrito Federal (Coopermista),Morango,3
36,Mercado Orgânico do CEASA,Maracujá,2
93,Associação dos Produtores Rurais de Alexandre Gusmão (Asspag),Alface,5
129,Atacadão - Ceilândia,Brócolis,3
71,Extra - Asa Sul,Morango,4
29,Super Maia - Sobradinho,Maracujá,3
32,Extra - Asa Norte,Gengibre,3
160,Associação dos Produtores da Agricultura Familiar (Aspaf),Quiabo,4
62,Feira do Produtor do Cruzeiro,Mamão,3
34,Walmart - Samambaia,Graviola,3
37,Walmart - Samambaia,Goiaba,5
19,Feira do Produtor de Ceilândia,Uva,4
200,Pão de Açúcar - Asa Norte,Atemóia,3
186,Big Box - Águas Claras,Mamão,3
148,Feira do Produtor de Brazlândia,Morango,2
4,Assaí Atacadista - Taguatinga,Beterraba,4
63,Feira do Produtor de Sobradinho,Couve,4
129,Extra - Asa Norte,Limão,5
115,Associação dos Produtores Rurais Novo Horizonte Betinho (Aspronte),Abacate,3
183,Associação de Agricultores Familiares da Eco Comunidade do Assentamento 15 de Agosto (Afeca),Brócolis,4
190,Feira do Produtor da Estrutural,Manga,3
114,Feira do Produtor do Cruzeiro,Repolho,3
30,Feira do Produtor do Itapoã,Atemóia,3
44,Atacadão - Taguatinga,Atemóia,2
109,Feira da Agricultura Familiar - Plano Piloto,Chuchu,2
196,Feira do Produtor de Samambaia,Tangerina,2
112,Feira do Produtor do Itapoã,Couve,2
81,Feira do Produtor de Ceilândia,Brócolis,4
168,Associação dos Produtores Rurais de Alexandre Gusmão (Asspag),Pepino,2
65,Cooperativa de Agricultura Familiar Mista do Distrito Federal (Coopermista),Tangerina,5
34,Cooperativa de Produção Agropecuária dos Assentados e Pequenos Produtores Rurais do Distrito Federal e Entorno (Coopercal),Couve,3
184,Carrefour - Águas Claras,Chuchu,5
11,Feira do Produtor do Lago Sul,Cenoura,4
98,Cooperativa dos Produtores Rurais do PAD-DF (Coopadf),Batata,4
125,Feira da Agricultura Familiar - Plano Piloto,Morango,2
25,Cooperativa Agropecuária e Industrial do Rio Preto (Coopari),Limão,3
61,Feira do Produtor do Lago Sul,Limão,3
199,Associação dos Produtores da Agricultura Familiar (Aspaf),Pepino,4
59,Sam's Club - Asa Norte,Jiló,3
191,CEASA-DF,Pepino,4
8,Carrefour - Asa Norte,Beterraba,4
65,Feira do Produtor do Núcleo Bandeirante,Maracujá,5
192,Feira do Produtor do Guará,Mandioca,3
88,Feira do Produtor de Planaltina,Couve,3
153,Feira do Produtor de Águas Claras,Coco,3
83,Cooperativa dos Produtores Rurais de Brazlândia (Coopabra),Cajamanga,4
2,Associação Agrícola do Distrito Federal e Ride (Agrifam),Lichia,5
115,Feira do Produtor de Santa Maria,Chuchu,3
183,Cooperativa Agrícola da Região de Planaltina (Cootaquara),Chuchu,4
189,Cooperativa Mista da Agricultura Familiar do Meio Ambiente e da Cultura do Brasil (Coopbrasil),Mamão,2
144,"Cooperativa de Trabalho, Consultoria, Instrutoria e Serviços para o Desenvolvimento Agropecuário, Econômico e Social (Agrocoop)",Cenoura,3
175,Feira do Produtor do Núcleo Bandeirante,Morango,5
96,Carrefour - Asa Norte,Abacate,3
145,Comper - Sudoeste,Mandioca,4
127,Cooperativa Agropecuária e Industrial do Rio Preto (Coopari),Chuchu,3
81,Cooperativa dos Produtores Rurais de Brazlândia (Coopabra),Maracujá,4
92,Associação Agrícola do Distrito Federal e Ride (Agrifam),Couve,4
107,Walmart - Samambaia,Alface,4
199,Carrefour - Asa Norte,Pitaia,4
143,Associação Agrícola do Distrito Federal e Ride (Agrifam),Pimentão,2
148,Feira do Produtor do Sudoeste,Beterraba,3
87,Super Maia - Sobradinho,Manga,3
188,Mercado Orgânico do CEASA,Abóbora,3
107,Supercei - Taguatinga,Graviola,4
37,Feira do Produtor da Estrutural,Goiaba,3
115,Feira do Produtor do Varjão,Cenoura,3
60,Associação dos Trabalhadores Rurais da Agricultura Familiar do Assentamento Chapadinha (Astraf),Cenoura,3
53,Atacadão - Taguatinga,Gengibre,4
110,Super Maia - Taguatinga,Mandioca,4
17,Associação dos Produtores da Agricultura Familiar (Aspaf),Berinjela,4
191,Feira do Produtor da Estrutural,Abacate,2
182,Feira do Produtor do Jardim Botânico,Pitaia,4
58,Feira do Produtor de Brazlândia,Lichia,3
146,Mercado Orgânico do CEASA,Couve,4
142,Associação dos Produtores Rurais Novo Horizonte Betinho (Aspronte),Chuchu,4
63,Feira do Produtor do Recanto das Emas,Mandioca,4
58,Feira do Produtor de Brazlândia,Graviola,4
84,Feira do Produtor do Jardim Botânico,Mandioca,3
183,Mercado Orgânico do CEASA,Tomate,4
60,Feira do Produtor de Sobradinho,Pitaia,3
75,Feira do Produtor do Sudoeste,Chuchu,3
10,Feira do Produtor do Varjão,Batata,4
179,Feira do Produtor do Jardim Botânico,Abóbora,4
138,Cooperativa dos Produtores Rurais de Brazlândia (Coopabra),Mandioca,4
127,Associação dos Produtores Rurais Orgânicos e Convencionais do Distrito Federal e Entorno (Asproc),Goiaba,4
79,Extra - Asa Norte,Atemóia,4
57,Associação dos Produtores da Agricultura Familiar (Aspaf),Cebola,2
28,Feira do Produtor de Santa Maria,Banana,3
8,Carrefour - Asa Norte,Lichia,2
58,Feira do Produtor do Núcleo Bandeirante,Cajamanga,4
119,Feira do Produtor do Jardim Botânico,Agrião,4
19,Associação dos Produtores da Agricultura Familiar (Aspaf),Pimentão,3
133,Feira do Produtor de Sobradinho,Uva,2
75,Feira do Produtor de Ceilândia,Pitaia,3
160,Feira do Produtor de Planaltina,Repolho,4
152,Supercei - Ceilândia,Graviola,5
199,Feira do Produtor do Itapoã,Banana,3
43,Associação dos Produtores Rurais Orgânicos e Convencionais do Distrito Federal e Entorno (Asproc),Abóbora,5
128,Atacadão - Taguatinga,Atemóia,4
22,Comper - Águas Claras,Batata,5
28,Associação Agrícola do Distrito Federal e Ride (Agrifam),Tangerina,3
185,"Associação Mista dos Agricultores Familiares, Orgânicos e Produtores Rurais do DF e Entorno (Amista)",Cajamanga,3
115,Feira do Produtor do Riacho Fundo II,Atemóia,4
131,Supercei - Sobradinho,Cajamanga,5
23,Atacadão - Ceilândia,Morango,5
164,Feira do Produtor do Núcleo Bandeirante,Mandioca,3
53,Atacadão - Ceilândia,Brócolis,5
17,Associação de Agricultores Familiares da Eco Comunidade do Assentamento 15 de Agosto (Afeca),Abacate,5
42,Feira do Produtor do Guará,Pimentão,4
94,Atacadão - Taguatinga,Couve,3
97,Feira do Produtor de Águas Claras,Chuchu,4
177,Feira da Agricultura Familiar - Plano Piloto,Limão,4
37,Feira do Produtor de Planaltina,Manga,4
39,Pão de Açúcar - Asa Norte,Agrião,4
183,Feira do Produtor da Candangolândia,Jiló,4
11,Feira do Produtor da Estrutural,Jiló,4
157,Associação de Agricultores Familiares da Eco Comunidade do Assentamento 15 de Agosto (Afeca),Banana,4
97,Feira do Produtor do Lago Sul,Abóbora,4
51,Feira do Produtor do Jardim Botânico,Couve,4
138,Feira do Produtor do Núcleo Bandeirante,Pitaia,5
168,Associação dos Produtores Rurais de Alexandre Gusmão (Asspag),Berinjela,3
200,Feira do Produtor do Itapoã,Uva,3
53,Atacadão - Ceilândia,Mandioca,4
72,Feira do Produtor do Park Way,Cenoura,3
48,Associação dos Produtores Rurais de Alexandre Gusmão (Asspag),Brócolis,2
120,"Cooperativa de Trabalho, Consultoria, Instrutoria e Serviços para o Desenvolvimento Agropecuário, Econômico e Social (Agrocoop)",Cajamanga,3
14,Comper - Águas Claras,Lichia,2
44,Associação de Agricultores Familiares da Eco Comunidade do Assentamento 15 de Agosto (Afeca),Cajamanga,3
13,Feira da Agricultura Familiar - Plano Piloto,Chuchu,3
103,Pão de Açúcar - Asa Sul,Pimentão,3
152,Feira do Produtor do Lago Sul,Gengibre,4
135,Big Box - Águas Claras,Pitaia,4
38,Feira do Produtor de São Sebastião,Coco,4
155,CEASA-DF,Alface,4
179,Feira do Produtor do Recanto das Emas,Cebola,5
8,Assaí Atacadista - Taguatinga,Abacate,2
54,"Cooperativa de Trabalho, Consultoria, Instrutoria e Serviços para o Desenvolvimento Agropecuário, Econômico e Social (Agrocoop)",Limão,4
30,Feira do Produtor do Riacho Fundo,Tangerina,4
44,Assaí Atacadista - Taguatinga,Mamão,2
36,Associação dos Produtores de Hortigranjeiros do Distrito Federal (Asphor),Graviola,3
167,CEASA-DF,Pimentão,4
12,Feira do Produtor do Sudoeste,Quiabo,3
13,Supercei - Taguatinga,Goiaba,2
110,Associação dos Produtores Rurais Orgânicos e Convencionais do Distrito Federal e Entorno (Asproc),Cebola,3
126,Feira do Produtor do Lago Norte,Atemóia,2
33,Feira do Produtor de Santa Maria,Cenoura,4
112,Cooperativa dos Produtores Rurais do PAD-DF (Coopadf),Atemóia,4
190,Feira do Produtor do Gama,Quiabo,4
84,Walmart - Samambaia,Mandioca,4
49,Comper - Águas Claras,Couve,3
85,Associação dos Produtores Rurais Novo Horizonte Betinho (Aspronte),Maracujá,3
115,Associação dos Produtores Rurais Novo Horizonte Betinho (Aspronte),Pitaia,4
117,Feira do Produtor da Estrutural,Pepino,4
188,Feira do Produtor de Brazlândia,Abacate,3
136,Comper - Sudoeste,Batata,3
158,Supercei - Ceilândia,Beterraba,3
168,Feira do Produtor de Águas Claras,Coco,3
123,Feira do Produtor do Núcleo Bandeirante,Quiabo,3
128,Feira do Produtor do Riacho Fundo II,Lichia,5
42,Feira do Produtor do Lago Norte,Abóbora,5
173,Feira da Agricultura Familiar - Plano Piloto,Cenoura,4
134,Feira do Produtor do Varjão,Batata,4
135,Super Maia - Taguatinga,Tomate,2
139,Feira do Produtor do Jardim Botânico,Couve,1
100,Feira do Produtor do Paranoá,Goiaba,4
70,Feira do Produtor de Santa Maria,Tangerina,4
143,Pão de Açúcar - Asa Norte,Repolho,3
190,Extra - Asa Sul,Cajamanga,4
72,Supercei - Sobradinho,Cajamanga,3
136,Feira do Produtor de Vicente Pires,Abóbora,3
95,Extra - Asa Norte,Maracujá,2
11,Feira do Produtor do Varjão,Lichia,3
99,Associação Agrícola do Distrito Federal e Ride (Agrifam),Brócolis,3
58,Feira do Produtor de Vicente Pires,Pepino,3
139,Feira do Produtor de Vicente Pires,Berinjela,3
126,Feira do Produtor de São Sebastião,Coco,3
50,Feira do Produtor de Sobradinho,Abacate,3
67,Feira do Produtor de Brazlândia,Uva,4
138,Feira do Produtor do Paranoá,Coco,4
106,Comper - Águas Claras,Limão,4
147,Feira do Produtor do Lago Norte,Berinjela,5
43,Super Maia - Taguatinga,Morango,5
101,CEASA-DF,Uva,3
153,Associação dos Produtores de Hortigranjeiros do Distrito Federal (Asphor),Quiabo,4
119,Cooperativa Agropecuária e Industrial do Rio Preto (Coopari),Uva,4
186,Carrefour - Asa Norte,Cenoura,4
150,Carrefour - Águas Claras,Cebola,3
37,Feira do Produtor do Paranoá,Brócolis,3
22,Cooperativa dos Produtores Rurais de Brazlândia (Coopabra),Pepino,5
23,Comper - Sudoeste,Berinjela,2
154,Feira do Produtor do Núcleo Bandeirante,Brócolis,3
192,Associação dos Produtores Rurais Novo Horizonte Betinho (Aspronte),Cebola,4
64,Associação Agrícola do Distrito Federal e Ride (Agrifam),Atemóia,4
135,Cooperativa dos Produtores Rurais do PAD-DF (Coopadf),Cebola,3
161,Feira do Produtor do Itapoã,Abacate,5
62,Feira do Produtor do Varjão,Beterraba,3
19,Feira do Produtor do Riacho Fundo II,Quiabo,2
129,Cooperativa Mista da Agricultura Familiar do Meio Ambiente e da Cultura do Brasil (Coopbrasil),Agrião,3
78,Walmart - Samambaia,Pimentão,5
5,CEASA-DF,Alface,2
179,Assaí Atacadista - Taguatinga,Alface,4
178,Feira do Produtor do Lago Norte,Atemóia,3
188,Feira do Produtor do Sudoeste,Manga,3
97,Feira do Produtor do Riacho Fundo,Mandioca,4
24,Feira do Produtor de Samambaia,Tangerina,3
85,Feira do Produtor do Gama,Cajamanga,2
33,Cooperativa Agrícola da Região de Planaltina (Cootaquara),Goiaba,4
33,Cooperativa Agrícola da Região de Planaltina (Cootaquara),Morango,4
153,Walmart - Samambaia,Pimentão,3
1,Cooperativa Mista da Agricultura Familiar do Meio Ambiente e da Cultura do Brasil (Coopbrasil),Gengibre,3
44,Feira do Produtor do Itapoã,Gengibre,3
55,Feira do Produtor do Núcleo Bandeirante,Repolho,4
86,Supercei - Taguatinga,Cebola,3
163,Associação dos Produtores da Agricultura Familiar (Aspaf),Atemóia,4
60,Feira do Produtor de Santa Maria,Jiló,2
79,Mercado Orgânico do CEASA,Pepino,5
191,Feira do Produtor do Paranoá,Lichia,2
92,Feira do Produtor de Santa Maria,Batata,3
147,Cooperativa de Produção Agropecuária dos Assentados e Pequenos Produtores Rurais do Distrito Federal e Entorno (Coopercal),Tomate,5
125,Feira do Produtor do Varjão,Couve,3
61,CEASA-DF,Batata,4
131,Feira do Produtor de Brazlândia,Abacate,4
136,Feira do Produtor de Sobradinho,Pepino,2
113,Cooperativa de Produção Agropecuária dos Assentados e Pequenos Produtores Rurais do Distrito Federal e Entorno (Coopercal),Cajamanga,4
188,Cooperativa Mista da Agricultura Familiar do Meio Ambiente e da Cultura do Brasil (Coopbrasil),Goiaba,3
51,"Associação Mista dos Agricultores Familiares, Orgânicos e Produtores Rurais do DF e Entorno (Amista)",Maracujá,5
53,Feira do Produtor de Brazlândia,Gengibre,3
21,Feira do Produtor de Taguatinga,Cenoura,4
178,Feira do Produtor de Sobradinho,Chuchu,3
154,Feira do Produtor da Candangolândia,Abacate,3
44,Pão de Açúcar - Asa Norte,Cebola,3
148,Associação dos Produtores de Hortigranjeiros do Distrito Federal (Asphor),Repolho,3
28,Big Box - Águas Claras,Cebola,4
63,Extra - Asa Norte,Abóbora,3
87,Super Maia - Taguatinga,Chuchu,4
41,Feira do Produtor de Samambaia,Chuchu,3
191,Supercei - Ceilândia,Chuchu,2
30,Sam's Club - Asa Norte,Graviola,4
48,Cooperativa Agropecuária e Industrial do Rio Preto (Coopari),Berinjela,3
144,Cooperativa Mista da Agricultura Familiar do Meio Ambiente e da Cultura do Brasil (Coopbrasil),Goiaba,4
119,"Cooperativa de Trabalho, Consultoria, Instrutoria e Serviços para o Desenvolvimento Agropecuário, Econômico e Social (Agrocoop)",Beterraba,3
199,Cooperativa Agrícola da Região de Planaltina (Cootaquara),Couve,3
41,Feira do Produtor de Vicente Pires,Cajamanga,4
147,Feira do Produtor de Samambaia,Gengibre,5
14,Super Maia - Sobradinho,Limão,3
111,Big Box - Águas Claras,Cebola,4
149,Associação Agrícola do Distrito Federal e Ride (Agrifam),Goiaba,4
43,Atacadão - Ceilândia,Berinjela,4
8,Feira do Produtor do Gama,Quiabo,3
168,Associação dos Produtores Rurais Orgânicos e Convencionais do Distrito Federal e Entorno (Asproc),Manga,3
67,Sam's Club - Asa Norte,Jiló,5
6,Associação dos Produtores de Hortigranjeiros do Distrito Federal (Asphor),Gengibre,4
30,Feira do Produtor do Núcleo Bandeirante,Cajamanga,4
73,Walmart - Samambaia,Alface,3
169,Feira do Produtor do Park Way,Alface,3
15,Assaí Atacadista - Ceilândia,Cenoura,3
96,Feira do Produtor do Park Way,Couve,2
182,Feira do Produtor do Riacho Fundo,Mandioca,4
82,Super Maia - Sobradinho,Quiabo,3
196,Walmart - Samambaia,Pimentão,3
14,Feira do Produtor do Lago Sul,Mandioca,3
105,Feira do Produtor do Jardim Botânico,Atemóia,4
24,Cooperativa dos Produtores Rurais do PAD-DF (Coopadf),Manga,2
18,Feira da Agricultura Familiar - Plano Piloto,Cajamanga,3
63,Cooperativa Agropecuária e Industrial do Rio Preto (Coopari),Chuchu,3
55,Cooperativa de Produção Agropecuária dos Assentados e Pequenos Produtores Rurais do Distrito Federal e Entorno (Coopercal),Manga,4
48,Feira da Agricultura Familiar - Plano Piloto,Quiabo,3
121,Feira do Produtor do Cruzeiro,Coco,3
15,Feira da Agricultura Familiar - Plano Piloto,Couve,3
14,Feira do Produtor do Riacho Fundo,Uva,3
132,Assaí Atacadista - Ceilândia,Pitaia,4
131,Cooperativa de Agricultura Familiar Mista do Distrito Federal (Coopermista),Manga,3
130,Feira do Produtor do Itapoã,Alface,3
53,Super Maia - Sobradinho,Pimentão,5
4,Atacadão - Taguatinga,Beterraba,4
97,Associação de Agricultores Familiares da Eco Comunidade do Assentamento 15 de Agosto (Afeca),Alface,3
200,Extra - Asa Norte,Chuchu,2
25,Feira do Produtor do Cruzeiro,Maracujá,3
192,Walmart - Samambaia,Quiabo,4
116,Feira do Produtor do Lago Sul,Agrião,5
29,Feira do Produtor do Cruzeiro,Tomate,3
47,Supercei - Ceilândia,Goiaba,3
194,Comper - Sudoeste,Maracujá,4
141,Assaí Atacadista - Taguatinga,Pimentão,4
112,Feira do Produtor de Samambaia,Gengibre,4
134,Feira do Produtor da Estrutural,Quiabo,4
175,Carrefour - Águas Claras,Mandioca,4
85,Feira do Produtor de São Sebastião,Gengibre,4
117,Associação dos Produtores Rurais de Alexandre Gusmão (Asspag),Limão,5
25,Feira do Produtor do Guará,Chuchu,3
10,Associação dos Produtores de Hortigranjeiros do Distrito Federal (Asphor),Lichia,4
39,Feira do Produtor do Paranoá,Lichia,4
125,Associação dos Produtores Rurais Novo Horizonte Betinho (Aspronte),Berinjela,3
13,Big Box - Águas Claras,Abóbora,3
89,Assaí Atacadista - Taguatinga,Agrião,3
110,Pão de Açúcar - Asa Sul,Couve,4
15,Associação de Agricultores Familiares da Eco Comunidade do Assentamento 15 de Agosto (Afeca),Abacate,2
49,Feira do Produtor do Gama,Quiabo,4
21,Supercei - Ceilândia,Manga,5
85,"Associação Mista dos Agricultores Familiares, Orgânicos e Produtores Rurais do DF e Entorno (Amista)",Cajamanga,2
93,"Cooperativa de Trabalho, Consultoria, Instrutoria e Serviços para o Desenvolvimento Agropecuário, Econômico e Social (Agrocoop)",Tomate,5
66,Feira do Produtor do Recanto das Emas,Graviola,2
29,Feira do Produtor de Brazlândia,Coco,4
149,Feira do Produtor do Gama,Agrião,4
158,Associação Agrícola do Distrito Federal e Ride (Agrifam),Banana,3
30,Atacadão - Taguatinga,Uva,3
79,Atacadão - Taguatinga,Beterraba,4
62,Extra - Asa Norte,Atemóia,3
15,Supercei - Ceilândia,Mandioca,4
119,Cooperativa Mista da Agricultura Familiar do Meio Ambiente e da Cultura do Brasil (Coopbrasil),Tangerina,3
107,Feira do Produtor do Guará,Banana,4
57,Supercei - Ceilândia,Brócolis,3
193,Supercei - Sobradinho,Tomate,5
12,Supercei - Taguatinga,Brócolis,3
90,Comper - Sudoeste,Graviola,5
133,Feira do Produtor de Sobradinho,Agrião,3
132,Associação dos Produtores da Agricultura Familiar (Aspaf),Pimentão,4
140,Pão de Açúcar - Asa Norte,Abóbora,2
141,Feira do Produtor de Taguatinga,Coco,3
98,Feira do Produtor de Brazlândia,Uva,5
1,Big Box - Águas Claras,Cenoura,4
102,Feira do Produtor do Gama,Morango,3
38,Supercei - Sobradinho,Cajamanga,2
111,CEASA-DF,Chuchu,4
13,Feira do Produtor do Gama,Quiabo,3
135,Big Box - Águas Claras,Brócolis,3
61,Feira do Produtor do Park Way,Cajamanga,2
109,Cooperativa dos Produtores Rurais de Brazlândia (Coopabra),Banana,3
6,Feira do Produtor do Park Way,Tangerina,4
77,Feira do Produtor do Lago Sul,Abóbora,4
10,Big Box - Águas Claras,Maracujá,4
155,Feira do Produtor do Riacho Fundo II,Maracujá,3
117,Associação dos Produtores Rurais de Alexandre Gusmão (Asspag),Abacate,4
105,Feira do Produtor de Vicente Pires,Tomate,3
27,Feira do Produtor de Samambaia,Mamão,4
72,Atacadão - Taguatinga,Beterraba,4
138,Cooperativa Agropecuária e Industrial do Rio Preto (Coopari),Chuchu,4
138,Feira do Produtor do Riacho Fundo II,Brócolis,4
28,Feira do Produtor de Planaltina,Brócolis,3
15,Super Maia - Sobradinho,Couve,3
29,Feira do Produtor do Lago Norte,Abóbora,3
154,Extra - Asa Norte,Uva,3
21,Cooperativa Mista da Agricultura Familiar do Meio Ambiente e da Cultura do Brasil (Coopbrasil),Agrião,4
179,Sam's Club - Asa Norte,Beterraba,4
98,Associação de Agricultores Familiares da Eco Comunidade do Assentamento 15 de Agosto (Afeca),Cenoura,4
20,Feira do Produtor do Riacho Fundo II,Berinjela,5
100,Feira do Produtor do Park Way,Alface,5
162,Supercei - Sobradinho,Alface,3
23,Supercei - Sobradinho,Limão,4
183,Extra - Asa Sul,Cebola,4
43,Supercei - Sobradinho,Alface,4
14,Feira do Produtor de Taguatinga,Pimentão,3
39,Feira do Produtor do Lago Norte,Abacate,4
4,Feira do Produtor de Brazlândia,Abóbora,3
53,Sam's Club - Asa Norte,Tangerina,4
139,Feira do Produtor do Sudoeste,Jiló,2
94,"Associação Mista dos Agricultores Familiares, Orgânicos e Produtores Rurais do DF e Entorno (Amista)",Couve,4
73,Carrefour - Águas Claras,Goiaba,4
188,Atacadão - Taguatinga,Pimentão,2
15,Walmart - Samambaia,Alface,3
128,Cooperativa Agropecuária e Industrial do Rio Preto (Coopari),Graviola,4
96,Sam's Club - Asa Norte,Maracujá,3
83,Atacadão - Ceilândia,Cenoura,3
96,Associação dos Produtores Rurais de Alexandre Gusmão (Asspag),Brócolis,2
118,Pão de Açúcar - Asa Norte,Brócolis,5
198,Feira do Produtor do Jardim Botânico,Berinjela,2
125,Feira do Produtor de Sobradinho,Uva,3
146,"Associação Mista dos Agricultores Familiares, Orgânicos e Produtores Rurais do DF e Entorno (Amista)",Morango,3
25,Feira do Produtor de Planaltina,Maracujá,4
136,Atacadão - Ceilândia,Tangerina,4
82,Walmart - Samambaia,Quiabo,4
133,Feira do Produtor do Lago Sul,Pimentão,3
157,Assaí Atacadista - Ceilândia,Coco,5
68,Associação de Agricultores Familiares da Eco Comunidade do Assentamento 15 de Agosto (Afeca),Banana,2
176,Carrefour - Asa Norte,Cenoura,4
41,CEASA-DF,Repolho,3
88,Cooperativa Mista da Agricultura Familiar do Meio Ambiente e da Cultura do Brasil (Coopbrasil),Lichia,3
54,Big Box - Águas Claras,Maracujá,3
150,Cooperativa de Produção Agropecuária dos Assentados e Pequenos Produtores Rurais do Distrito Federal e Entorno (Coopercal),Beterraba,3
189,Feira do Produtor de Sobradinho,Cenoura,3
52,Cooperativa dos Produtores Rurais do PAD-DF (Coopadf),Banana,3
192,Feira do Produtor do Núcleo Bandeirante,Couve,4
161,"Associação Mista dos Agricultores Familiares, Orgânicos e Produtores Rurais do DF e Entorno (Amista)",Cajamanga,5
19,Comper - Sudoeste,Morango,4
21,Feira do Produtor do Park Way,Limão,4
127,Supercei - Ceilândia,Repolho,2
25,Feira do Produtor do Riacho Fundo,Tangerina,2
64,Atacadão - Taguatinga,Limão,3
132,Feira do Produtor do Paranoá,Quiabo,4
189,Extra - Asa Sul,Morango,3
92,Associação dos Produtores Rurais de Alexandre Gusmão (Asspag),Agrião,3
139,Feira do Produtor do Núcleo Bandeirante,Brócolis,2
25,Associação dos Trabalhadores Rurais da Agricultura Familiar do Assentamento Chapadinha (Astraf),Beterraba,2
178,Feira do Produtor de Samambaia,Mamão,3
17,Associação dos Produtores da Agricultura Familiar (Aspaf),Beterraba,4
197,Supercei - Ceilândia,Tangerina,3
40,Cooperativa Mista da Agricultura Familiar do Meio Ambiente e da Cultura do Brasil (Coopbrasil),Quiabo,3
36,Feira do Produtor do Sudoeste,Quiabo,3
158,Cooperativa Mista da Agricultura Familiar do Meio Ambiente e da Cultura do Brasil (Coopbrasil),Repolho,3
191,Feira do Produtor do Varjão,Mandioca,3
99,Feira do Produtor do Riacho Fundo II,Atemóia,3
196,Feira do Produtor de Planaltina,Coco,3
156,Cooperativa de Produção Agropecuária dos Assentados e Pequenos Produtores Rurais do Distrito Federal e Entorno (Coopercal),Uva,2
153,Supercei - Sobradinho,Repolho,4
1,Feira do Produtor do Gama,Goiaba,4
42,Feira do Produtor de Ceilândia,Pimentão,3
68,Feira do Produtor do Cruzeiro,Graviola,3
81,Extra - Asa Norte,Pepino,4
124,Mercado Orgânico do CEASA,Manga,4
27,CEASA-DF,Lichia,4
154,Extra - Asa Sul,Uva,4
136,Feira do Produtor de Samambaia,Mamão,3
42,Pão de Açúcar - Asa Norte,Mandioca,5
148,Sam's Club - Asa Norte,Coco,4
138,Feira do Produtor do Recanto das Emas,Chuchu,5
121,Feira do Produtor do Recanto das Emas,Mandioca,4
144,Cooperativa Mista da Agricultura Familiar do Meio Ambiente e da Cultura do Brasil (Coopbrasil),Maracujá,4
1,Feira do Produtor do Cruzeiro,Mamão,3
18,Feira do Produtor do Núcleo Bandeirante,Morango,4
73,Comper - Sudoeste,Graviola,5
80,Feira do Produtor do Cruzeiro,Graviola,5
153,Supercei - Sobradinho,Pimentão,4
99,Feira do Produtor do Lago Norte,Agrião,2
27,Feira do Produtor do Park Way,Lichia,5
21,Atacadão - Taguatinga,Pitaia,4
84,Associação Agrícola do Distrito Federal e Ride (Agrifam),Alface,4
79,Feira do Produtor do Itapoã,Repolho,5
137,Associação dos Produtores Rurais Novo Horizonte Betinho (Aspronte),Chuchu,3
167,Feira do Produtor do Cruzeiro,Tangerina,4
43,Feira do Produtor do Gama,Manga,5
132,Big Box - Águas Claras,Morango,3
90,Feira do Produtor de Brazlândia,Chuchu,4
172,Feira do Produtor de Planaltina,Pepino,3
200,Associação dos Produtores Rurais Orgânicos e Convencionais do Distrito Federal e Entorno (Asproc),Couve,3
73,Cooperativa de Agricultura Familiar Mista do Distrito Federal (Coopermista),Pepino,4
48,Supercei - Sobradinho,Cajamanga,3
138,Supercei - Taguatinga,Maracujá,4
97,Supercei - Taguatinga,Cajamanga,4
138,Mercado Orgânico do CEASA,Atemóia,3
155,CEASA-DF,Coco,3
55,"Cooperativa de Trabalho, Consultoria, Instrutoria e Serviços para o Desenvolvimento Agropecuário, Econômico e Social (Agrocoop)",Morango,5
142,Associação dos Produtores Rurais Novo Horizonte Betinho (Aspronte),Abacate,4
79,Associação dos Produtores de Hortigranjeiros do Distrito Federal (Asphor),Goiaba,4
12,Carrefour - Asa Norte,Tomate,2
37,Associação Agrícola do Distrito Federal e Ride (Agrifam),Alface,3
114,Cooperativa Mista da Agricultura Familiar do Meio Ambiente e da Cultura do Brasil (Coopbrasil),Limão,5
19,Cooperativa Agrícola da Região de Planaltina (Cootaquara),Beterraba,4
36,Associação dos Produtores da Agricultura Familiar (Aspaf),Chuchu,3
68,Walmart - Samambaia,Abacate,3
139,Associação dos Produtores Rurais Orgânicos e Convencionais do Distrito Federal e Entorno (Asproc),Coco,3
29,Feira do Produtor de Águas Claras,Pitaia,2
151,Feira do Produtor de Samambaia,Tangerina,3
131,Feira do Produtor da Candangolândia,Tangerina,4
187,Feira do Produtor do Cruzeiro,Quiabo,4
82,Feira do Produtor de Taguatinga,Morango,2
26,Feira do Produtor de São Sebastião,Mandioca,5
50,Assaí Atacadista - Taguatinga,Agrião,4
60,Feira do Produtor do Varjão,Pepino,2
181,Feira do Produtor do Riacho Fundo II,Pitaia,5
133,Feira do Produtor de Planaltina,Limão,2
165,Feira do Produtor do Itapoã,Mandioca,5
96,Feira do Produtor do Gama,Morango,3
53,Feira do Produtor da Candangolândia,Morango,4
116,Atacadão - Ceilândia,Cenoura,5
42,Cooperativa de Agricultura Familiar Mista do Distrito Federal (Coopermista),Abacate,4
38,Feira do Produtor de Samambaia,Couve,4
32,Feira do Produtor de Santa Maria,Goiaba,3
109,Feira do Produtor do Riacho Fundo II,Pepino,2
141,Super Maia - Taguatinga,Abóbora,3
151,Feira do Produtor do Paranoá,Pepino,3
58,Associação dos Produtores Rurais Novo Horizonte Betinho (Aspronte),Cajamanga,3
82,Cooperativa Mista da Agricultura Familiar do Meio Ambiente e da Cultura do Brasil (Coopbrasil),Maracujá,3
41,Feira do Produtor do Cruzeiro,Cajamanga,3
82,Feira do Produtor de Taguatinga,Manga,2
106,Cooperativa Agropecuária e Industrial do Rio Preto (Coopari),Quiabo,4
169,Feira do Produtor do Riacho Fundo,Gengibre,3
158,Pão de Açúcar - Asa Norte,Cajamanga,4
181,Feira do Produtor do Recanto das Emas,Uva,5
72,Associação dos Produtores Rurais Novo Horizonte Betinho (Aspronte),Pimentão,4
28,Mercado Orgânico do CEASA,Repolho,4
87,Feira do Produtor de Vicente Pires,Abóbora,3
194,Feira do Produtor do Varjão,Gengibre,3
69,Feira do Produtor de Planaltina,Abacate,3
53,Cooperativa dos Produtores Rurais de Brazlândia (Coopabra),Tomate,4
56,Feira do Produtor do Guará,Lichia,4
97,Supercei - Taguatinga,Jiló,2
173,CEASA-DF,Repolho,4
124,Feira do Produtor do Sudoeste,Coco,5
109,Pão de Açúcar - Asa Norte,Abóbora,2
57,Atacadão - Ceilândia,Mandioca,2
56,Feira do Produtor do Park Way,Agrião,5
110,Cooperativa Agrícola da Região de Planaltina (Cootaquara),Maracujá,3
7,Cooperativa Agropecuária e Industrial do Rio Preto (Coopari),Goiaba,4
147,Associação de Agricultores Familiares da Eco Comunidade do Assentamento 15 de Agosto (Afeca),Chuchu,5
167,Super Maia - Sobradinho,Batata,4
183,Associação dos Trabalhadores Rurais da Agricultura Familiar do Assentamento Chapadinha (Astraf),Morango,4
166,Associação de Agricultores Familiares da Eco Comunidade do Assentamento 15 de Agosto (Afeca),Alface,3
81,Feira do Produtor do Itapoã,Limão,5
3,Associação dos Produtores de Hortigranjeiros do Distrito Federal (Asphor),Alface,3
37,Feira do Produtor da Candangolândia,Tangerina,5
70,Super Maia - Sobradinho,Pitaia,5
27,Feira do Produtor do Núcleo Bandeirante,Chuchu,4
110,Cooperativa Agrícola da Região de Planaltina (Cootaquara),Limão,3
188,Walmart - Samambaia,Coco,4
143,Feira do Produtor de Samambaia,Jiló,2
131,Feira do Produtor do Sudoeste,Pitaia,3
146,Feira do Produtor do Guará,Graviola,4
179,Cooperativa de Produção Agropecuária dos Assentados e Pequenos Produtores Rurais do Distrito Federal e Entorno (Coopercal),Repolho,4
49,Cooperativa Agropecuária e Industrial do Rio Preto (Coopari),Mamão,3
178,Assaí Atacadista - Ceilândia,Atemóia,3
80,Big Box - Águas Claras,Cebola,5
87,Feira do Produtor do Itapoã,Lichia,4
192,Feira da Agricultura Familiar - Plano Piloto,Lichia,4
61,Cooperativa de Agricultura Familiar Mista do Distrito Federal (Coopermista),Agrião,4
23,Feira do Produtor do Recanto das Emas,Beterraba,4
71,Feira do Produtor do Paranoá,Brócolis,5
87,Feira do Produtor do Núcleo Bandeirante,Atemóia,4
106,Feira do Produtor do Guará,Chuchu,4
15,Associação dos Produtores Rurais Novo Horizonte Betinho (Aspronte),Manga,2
4,Feira do Produtor de Santa Maria,Chuchu,4
136,Supercei - Ceilândia,Coco,3
189,Associação dos Produtores da Agricultura Familiar (Aspaf),Batata,2
141,Cooperativa dos Produtores Rurais do PAD-DF (Coopadf),Beterraba,4
116,Associação dos Produtores Rurais Orgânicos e Convencionais do Distrito Federal e Entorno (Asproc),Gengibre,4
10,Associação dos Produtores Rurais Novo Horizonte Betinho (Aspronte),Coco,5
178,Associação dos Produtores Rurais de Alexandre Gusmão (Asspag),Berinjela,2
31,Feira da Agricultura Familiar - Plano Piloto,Quiabo,4
53,Feira do Produtor do Park Way,Maracujá,4
113,Assaí Atacadista - Ceilândia,Manga,3
99,"Associação Mista dos Agricultores Familiares, Orgânicos e Produtores Rurais do DF e Entorno (Amista)",Coco,3
72,Feira do Produtor do Núcleo Bandeirante,Repolho,4
166,Associação dos Trabalhadores Rurais da Agricultura Familiar do Assentamento Chapadinha (Astraf),Tangerina,3
81,Feira do Produtor de Santa Maria,Cenoura,4
176,Cooperativa de Produção Agropecuária dos Assentados e Pequenos Produtores Rurais do Distrito Federal e Entorno (Coopercal),Cajamanga,4
157,Feira do Produtor de Águas Claras,Uva,3
158,Feira do Produtor de Ceilândia,Quiabo,3
180,Feira do Produtor do Núcleo Bandeirante,Uva,3
188,Assaí Atacadista - Taguatinga,Mandioca,3
101,Extra - Asa Sul,Goiaba,3
102,Feira do Produtor do Gama,Goiaba,3
166,Feira do Produtor da Candangolândia,Coco,3
148,Sam's Club - Asa Norte,Manga,3
163,Associação dos Produtores Rurais Orgânicos e Convencionais do Distrito Federal e Entorno (Asproc),Jiló,2
140,Feira do Produtor de São Sebastião,Batata,2
149,Comper - Águas Claras,Lichia,4
115,Carrefour - Asa Norte,Abacate,4
169,Extra - Asa Norte,Limão,4
26,Feira do Produtor do Jardim Botânico,Couve,4
132,Atacadão - Taguatinga,Berinjela,4
33,Cooperativa Agrícola da Região de Planaltina (Cootaquara),Abóbora,5
39,Comper - Sudoeste,Graviola,3
110,Feira do Produtor do Riacho Fundo II,Tomate,3
152,Walmart - Samambaia,Repolho,4
178,"Cooperativa de Trabalho, Consultoria, Instrutoria e Serviços para o Desenvolvimento Agropecuário, Econômico e Social (Agrocoop)",Mamão,2
54,Carrefour - Asa Norte,Lichia,3
61,Cooperativa Mista da Agricultura Familiar do Meio Ambiente e da Cultura do Brasil (Coopbrasil),Manga,3
110,Pão de Açúcar - Asa Sul,Cajamanga,3
128,Feira do Produtor do Itapoã,Couve,4
93,Feira do Produtor do Paranoá,Berinjela,5
183,Atacadão - Ceilândia,Maracujá,5
88,Associação dos Produtores Rurais Novo Horizonte Betinho (Aspronte),Cajamanga,2
11,Feira do Produtor do Lago Sul,Cajamanga,3
25,Feira do Produtor do Guará,Batata,2
74,Extra - Asa Sul,Gengibre,3
176,Assaí Atacadista - Ceilândia,Limão,4
156,Associação dos Produtores da Agricultura Familiar (Aspaf),Cenoura,3
118,Feira do Produtor do Jardim Botânico,Jiló,4
27,Feira do Produtor de Taguatinga,Morango,5
188,Carrefour - Asa Norte,Pitaia,3
155,Feira do Produtor do Guará,Banana,4
68,Associação de Agricultores Familiares da Eco Comunidade do Assentamento 15 de Agosto (Afeca),Brócolis,3
168,Feira do Produtor de Samambaia,Couve,4
63,Supercei - Sobradinho,Cajamanga,4
69,Atacadão - Taguatinga,Gengibre,4
5,Feira do Produtor do Lago Norte,Graviola,4
48,Carrefour - Asa Norte,Beterraba,4
53,Associação dos Produtores Rurais de Alexandre Gusmão (Asspag),Graviola,5
20,Feira do Produtor do Gama,Pepino,5
114,Pão de Açúcar - Asa Sul,Pitaia,5
9,Pão de Açúcar - Asa Norte,Cenoura,2
27,Feira do Produtor de Sobradinho,Manga,5
115,Feira do Produtor de Planaltina,Agrião,4
189,Assaí Atacadista - Ceilândia,Maracujá,1
43,Associação dos Trabalhadores Rurais da Agricultura Familiar do Assentamento Chapadinha (Astraf),Pimentão,5
162,Comper - Sudoeste,Mandioca,4
98,Feira do Produtor do Gama,Abóbora,3
64,Feira do Produtor da Estrutural,Agrião,3
178,Feira do Produtor de Planaltina,Pimentão,3
18,Feira do Produtor de Ceilândia,Mandioca,3
185,"Associação Mista dos Agricultores Familiares, Orgânicos e Produtores Rurais do DF e Entorno (Amista)",Couve,3
42,Cooperativa Agropecuária e Industrial do Rio Preto (Coopari),Quiabo,3
169,Comper - Sudoeste,Cajamanga,3
154,Feira do Produtor do Lago Sul,Morango,4
88,Associação Agrícola do Distrito Federal e Ride (Agrifam),Cajamanga,2
159,Feira do Produtor do Riacho Fundo II,Gengibre,5
93,Extra - Asa Sul,Atemóia,3
165,Associação dos Trabalhadores Rurais da Agricultura Familiar do Assentamento Chapadinha (Astraf),Quiabo,3
175,Carrefour - Águas Claras,Uva,4
162,Pão de Açúcar - Asa Sul,Tangerina,3
60,Cooperativa Mista da Agricultura Familiar do Meio Ambiente e da Cultura do Brasil (Coopbrasil),Quiabo,3
137,Extra - Asa Norte,Morango,4
13,Associação dos Produtores Rurais Novo Horizonte Betinho (Aspronte),Graviola,3
67,Feira do Produtor de Vicente Pires,Maracujá,3
135,Associação dos Produtores Rurais Novo Horizonte Betinho (Aspronte),Agrião,3
156,Associação dos Produtores Rurais Novo Horizonte Betinho (Aspronte),Beterraba,3
107,CEASA-DF,Berinjela,5
89,Comper - Sudoeste,Beterraba,3
184,Feira do Produtor do Guará,Pimentão,5
141,Associação dos Trabalhadores Rurais da Agricultura Familiar do Assentamento Chapadinha (Astraf),Uva,4
10,Big Box - Águas Claras,Couve,4
97,Feira do Produtor de Sobradinho,Manga,4
81,Associação dos Produtores de Hortigranjeiros do Distrito Federal (Asphor),Lichia,4
164,Associação dos Produtores Rurais Orgânicos e Convencionais do Distrito Federal e Entorno (Asproc),Banana,2
101,Atacadão - Ceilândia,Pitaia,4
185,Cooperativa dos Produtores Rurais do PAD-DF (Coopadf),Couve,3
45,Feira do Produtor do Varjão,Pitaia,2
37,Associação dos Produtores da Agricultura Familiar (Aspaf),Abóbora,3
68,Cooperativa dos Produtores Rurais de Brazlândia (Coopabra),Maracujá,2
157,Cooperativa Agrícola da Região de Planaltina (Cootaquara),Abacate,4
94,Associação Agrícola do Distrito Federal e Ride (Agrifam),Couve,4
147,Feira do Produtor do Gama,Manga,3
3,Feira do Produtor de Águas Claras,Limão,4
8,Associação dos Produtores de Hortigranjeiros do Distrito Federal (Asphor),Beterraba,3
184,Extra - Asa Norte,Atemóia,4
114,"Associação Mista dos Agricultores Familiares, Orgânicos e Produtores Rurais do DF e Entorno (Amista)",Beterraba,4
139,Feira do Produtor do Guará,Atemóia,3
185,Feira do Produtor da Candangolândia,Repolho,3
169,Big Box - Águas Claras,Banana,4
110,Associação de Agricultores Familiares da Eco Comunidade do Assentamento 15 de Agosto (Afeca),Pitaia,3
26,Feira do Produtor do Paranoá,Maracujá,4
134,Associação dos Produtores Rurais Novo Horizonte Betinho (Aspronte),Jiló,4
64,Atacadão - Taguatinga,Mamão,3
139,Extra - Asa Norte,Abóbora,2
182,Super Maia - Sobradinho,Alface,4
59,Big Box - Águas Claras,Cebola,3
163,Feira do Produtor do Itapoã,Alface,2
20,Cooperativa dos Produtores Rurais de Brazlândia (Coopabra),Tomate,5
195,Feira do Produtor do Sudoeste,Coco,3
164,Associação dos Produtores Rurais Orgânicos e Convencionais do Distrito Federal e Entorno (Asproc),Gengibre,3
151,Feira do Produtor de Santa Maria,Chuchu,3
102,"Cooperativa de Trabalho, Consultoria, Instrutoria e Serviços para o Desenvolvimento Agropecuário, Econômico e Social (Agrocoop)",Abacate,3
128,Feira do Produtor do Paranoá,Abóbora,4
159,Super Maia - Sobradinho,Tomate,5
10,Comper - Águas Claras,Alface,4
3,Cooperativa Agrícola da Região de Planaltina (Cootaquara),Pepino,3
188,Feira do Produtor do Cruzeiro,Quiabo,3
102,Feira do Produtor do Park Way,Mamão,3
93,Feira do Produtor do Lago Sul,Batata,4
193,Feira do Produtor do Park Way,Pepino,4
36,Associação dos Produtores de Hortigranjeiros do Distrito Federal (Asphor),Cenoura,3
154,Feira do Produtor do Núcleo Bandeirante,Atemóia,4
8,Assaí Atacadista - Taguatinga,Alface,3
120,Mercado Orgânico do CEASA,Tomate,3
122,Supercei - Ceilândia,Cajamanga,4
90,Super Maia - Sobradinho,Brócolis,5
187,Associação dos Produtores Rurais de Alexandre Gusmão (Asspag),Gengibre,3
100,Feira do Produtor do Gama,Banana,5
179,Supercei - Sobradinho,Quiabo,4
133,Feira do Produtor do Lago Sul,Limão,2
61,Cooperativa Agropecuária e Industrial do Rio Preto (Coopari),Maracujá,2
109,Feira do Produtor do Jardim Botânico,Cajamanga,3
184,Feira do Produtor do Lago Sul,Mandioca,4
117,CEASA-DF,Pepino,4
191,Cooperativa dos Produtores Rurais do PAD-DF (Coopadf),Cenoura,3
67,Feira do Produtor do Itapoã,Pitaia,4
21,Atacadão - Taguatinga,Pitaia,3
42,Feira do Produtor de Sobradinho,Limão,4
105,Extra - Asa Sul,Banana,4
135,Supercei - Taguatinga,Cajamanga,4
62,Feira do Produtor do Recanto das Emas,Graviola,2
3,Cooperativa Agrícola da Região de Planaltina (Cootaquara),Gengibre,2
152,Supercei - Taguatinga,Limão,4
102,Feira do Produtor de São Sebastião,Batata,4
17,Super Maia - Taguatinga,Lichia,3
2,Supercei - Taguatinga,Morango,3
42,Atacadão - Taguatinga,Uva,5
36,Cooperativa Agrícola da Região de Planaltina (Cootaquara),Mamão,4
111,CEASA-DF,Cajamanga,5
29,Associação dos Produtores Rurais Novo Horizonte Betinho (Aspronte),Banana,4
77,Walmart - Samambaia,Repolho,4
184,Pão de Açúcar - Asa Norte,Uva,5
38,Feira do Produtor do Lago Sul,Batata,4
168,Feira do Produtor do Guará,Batata,3
78,Mercado Orgânico do CEASA,Pitaia,5
172,Assaí Atacadista - Taguatinga,Manga,3
14,Assaí Atacadista - Ceilândia,Graviola,3
74,Cooperativa de Agricultura Familiar Mista do Distrito Federal (Coopermista),Couve,2
89,Comper - Águas Claras,Uva,2
81,Cooperativa dos Produtores Rurais de Brazlândia (Coopabra),Mandioca,4
121,Comper - Águas Claras,Tomate,2
173,Feira da Agricultura Familiar - Plano Piloto,Abacate,3
40,Feira do Produtor da Estrutural,Berinjela,3
21,Feira do Produtor do Itapoã,Maracujá,5
133,Cooperativa Agropecuária e Industrial do Rio Preto (Coopari),Beterraba,3
126,Super Maia - Taguatinga,Cajamanga,3
75,Cooperativa Mista da Agricultura Familiar do Meio Ambiente e da Cultura do Brasil (Coopbrasil),Tomate,3
145,Associação de Agricultores Familiares da Eco Comunidade do Assentamento 15 de Agosto (Afeca),Agrião,4
26,Feira do Produtor de Santa Maria,Chuchu,4
176,Extra - Asa Norte,Pepino,3
79,Feira do Produtor do Núcleo Bandeirante,Repolho,5
160,Associação dos Produtores Rurais de Alexandre Gusmão (Asspag),Agrião,4
180,Sam's Club - Asa Norte,Pitaia,3
29,Feira do Produtor de Águas Claras,Mamão,4
27,Feira do Produtor de Águas Claras,Tomate,4
118,Super Maia - Sobradinho,Jiló,4
147,Feira do Produtor do Cruzeiro,Mamão,4
200,Feira do Produtor do Lago Sul,Cenoura,3
60,Pão de Açúcar - Asa Norte,Mamão,4
16,Associação dos Produtores de Hortigranjeiros do Distrito Federal (Asphor),Beterraba,2
167,Associação dos Produtores de Hortigranjeiros do Distrito Federal (Asphor),Batata,3
66,Supercei - Sobradinho,Tomate,3
167,Cooperativa de Agricultura Familiar Mista do Distrito Federal (Coopermista),Batata,4
84,Feira do Produtor de Ceilândia,Manga,4
61,Feira do Produtor do Paranoá,Abóbora,3
103,Feira do Produtor de São Sebastião,Limão,3
186,Feira do Produtor do Lago Norte,Tangerina,4
158,Atacadão - Ceilândia,Tomate,4
9,Feira do Produtor de Ceilândia,Atemóia,4
14,Feira do Produtor do Paranoá,Cajamanga,3
14,CEASA-DF,Abóbora,3
21,Carrefour - Águas Claras,Alface,4
156,Atacadão - Ceilândia,Pitaia,3
73,Feira do Produtor de Vicente Pires,Goiaba,3
36,Associação dos Produtores de Hortigranjeiros do Distrito Federal (Asphor),Beterraba,4
197,Mercado Orgânico do CEASA,Abóbora,2
48,Cooperativa Agrícola da Região de Planaltina (Cootaquara),Mamão,3
166,Sam's Club - Asa Norte,Gengibre,3
184,Feira da Agricultura Familiar - Plano Piloto,Abóbora,5
142,Supercei - Ceilândia,Manga,4
133,Feira do Produtor do Lago Norte,Pitaia,1
184,Carrefour - Águas Claras,Uva,3
55,Walmart - Samambaia,Mamão,4
81,Cooperativa de Agricultura Familiar Mista do Distrito Federal (Coopermista),Limão,3
112,Super Maia - Sobradinho,Jiló,2
176,Associação de Agricultores Familiares da Eco Comunidade do Assentamento 15 de Agosto (Afeca),Brócolis,4
165,Supercei - Ceilândia,Mandioca,3
161,Feira do Produtor do Riacho Fundo,Mandioca,4
148,Super Maia - Taguatinga,Mandioca,3
155,Atacadão - Ceilândia,Mandioca,3
34,Atacadão - Taguatinga,Cenoura,2
37,Comper - Águas Claras,Mandioca,4
102,Feira do Produtor de Ceilândia,Graviola,3
15,Cooperativa de Produção Agropecuária dos Assentados e Pequenos Produtores Rurais do Distrito Federal e Entorno (Coopercal),Pitaia,3
154,Feira do Produtor de Planaltina,Repolho,3
146,Feira do Produtor de Brazlândia,Gengibre,4
22,Mercado Orgânico do CEASA,Pepino,5
150,Carrefour - Asa Norte,Chuchu,3
118,Cooperativa Mista da Agricultura Familiar do Meio Ambiente e da Cultura do Brasil (Coopbrasil),Gengibre,5
150,Feira do Produtor do Guará,Banana,3
128,Feira do Produtor do Jardim Botânico,Lichia,5
29,Super Maia - Sobradinho,Maracujá,3
53,"Cooperativa de Trabalho, Consultoria, Instrutoria e Serviços para o Desenvolvimento Agropecuário, Econômico e Social (Agrocoop)",Quiabo,4
111,Pão de Açúcar - Asa Sul,Abacate,5
148,Sam's Club - Asa Norte,Chuchu,2
162,Mercado Orgânico do CEASA,Repolho,4
161,Assaí Atacadista - Taguatinga,Agrião,5
82,Feira do Produtor de Samambaia,Couve,2
173,Supercei - Taguatinga,Lichia,3
8,Supercei - Sobradinho,Uva,3
25,Associação dos Produtores Rurais Orgânicos e Convencionais do Distrito Federal e Entorno (Asproc),Mandioca,2
92,"Associação Mista dos Agricultores Familiares, Orgânicos e Produtores Rurais do DF e Entorno (Amista)",Maracujá,3
36,Feira do Produtor de Brazlândia,Jiló,4
85,Super Maia - Taguatinga,Cebola,4
94,Extra - Asa Norte,Lichia,4
103,Supercei - Sobradinho,Goiaba,3
128,Mercado Orgânico do CEASA,Pimentão,5
123,Feira do Produtor do Núcleo Bandeirante,Mandioca,2
31,Atacadão - Ceilândia,Jiló,3
163,Feira do Produtor do Núcleo Bandeirante,Goiaba,2
183,Feira do Produtor do Park Way,Morango,4
40,Feira do Produtor do Itapoã,Berinjela,3
110,Associação dos Produtores da Agricultura Familiar (Aspaf),Abóbora,4
102,Cooperativa de Produção Agropecuária dos Assentados e Pequenos Produtores Rurais do Distrito Federal e Entorno (Coopercal),Lichia,3
164,Associação de Agricultores Familiares da Eco Comunidade do Assentamento 15 de Agosto (Afeca),Agrião,2
153,Associação dos Produtores da Agricultura Familiar (Aspaf),Cebola,4
60,Pão de Açúcar - Asa Norte,Cenoura,2
152,Supercei - Taguatinga,Berinjela,4
19,Comper - Sudoeste,Mamão,4
158,Supercei - Taguatinga,Abóbora,3
137,Feira da Agricultura Familiar - Plano Piloto,Cajamanga,4
62,Atacadão - Ceilândia,Cebola,3
79,Extra - Asa Sul,Atemóia,4
134,Assaí Atacadista - Taguatinga,Mamão,5
186,Feira do Produtor do Lago Norte,Gengibre,4
43,Associação dos Produtores Rurais Orgânicos e Convencionais do Distrito Federal e Entorno (Asproc),Abacate,4
18,Comper - Sudoeste,Cajamanga,3
53,Carrefour - Asa Norte,Beterraba,3
48,Feira da Agricultura Familiar - Plano Piloto,Graviola,2
53,Cooperativa dos Produtores Rurais de Brazlândia (Coopabra),Pepino,3
32,Cooperativa Agrícola da Região de Planaltina (Cootaquara),Morango,4
129,Feira do Produtor do Riacho Fundo II,Tomate,4
87,Atacadão - Ceilândia,Brócolis,4
84,Walmart - Samambaia,Agrião,3
84,Comper - Águas Claras,Maracujá,4
183,Feira do Produtor de Taguatinga,Cenoura,4
199,Feira do Produtor de São Sebastião,Abacate,5
8,Feira do Produtor do Varjão,Berinjela,3
30,Sam's Club - Asa Norte,Goiaba,3
180,Feira do Produtor da Estrutural,Tomate,3
32,Supercei - Ceilândia,Mandioca,2
132,Feira do Produtor da Candangolândia,Repolho,4
98,Feira do Produtor do Park Way,Agrião,4
97,Supercei - Sobradinho,Uva,4
62,Supercei - Ceilândia,Brócolis,2
165,Cooperativa dos Produtores Rurais de Brazlândia (Coopabra),Morango,2
185,Feira do Produtor do Park Way,Maracujá,2
41,Feira do Produtor do Gama,Pepino,2
137,Feira do Produtor do Park Way,Berinjela,3
14,Assaí Atacadista - Ceilândia,Maracujá,2
35,Extra - Asa Norte,Jiló,4
81,Carrefour - Asa Norte,Maracujá,5
155,Cooperativa de Agricultura Familiar Mista do Distrito Federal (Coopermista),Batata,3
190,Feira do Produtor do Gama,Mandioca,4
199,"Cooperativa de Trabalho, Consultoria, Instrutoria e Serviços para o Desenvolvimento Agropecuário, Econômico e Social (Agrocoop)",Manga,4
44,Feira do Produtor do Itapoã,Banana,2
193,Atacadão - Ceilândia,Banana,4
106,Cooperativa Mista da Agricultura Familiar do Meio Ambiente e da Cultura do Brasil (Coopbrasil),Morango,5
49,Supercei - Sobradinho,Mandioca,4
169,Extra - Asa Sul,Batata,4
55,"Cooperativa de Trabalho, Consultoria, Instrutoria e Serviços para o Desenvolvimento Agropecuário, Econômico e Social (Agrocoop)",Morango,4
12,Feira da Agricultura Familiar - Plano Piloto,Banana,3
91,Big Box - Águas Claras,Brócolis,4
57,Associação Agrícola do Distrito Federal e Ride (Agrifam),Jiló,2
30,Feira do Produtor do Guará,Mamão,3
61,CEASA-DF,Beterraba,4
114,Feira do Produtor de São Sebastião,Goiaba,5
41,CEASA-DF,Coco,4
145,Feira do Produtor do Paranoá,Brócolis,3
158,Feira do Produtor de Brazlândia,Alface,4
36,Feira do Produtor do Park Way,Tangerina,3
39,Walmart - Samambaia,Pitaia,4
31,Extra - Asa Norte,Alface,4
149,Comper - Águas Claras,Repolho,4
180,Big Box - Águas Claras,Pimentão,4
8,Feira do Produtor do Park Way,Pepino,3
13,Associação de Agricultores Familiares da Eco Comunidade do Assentamento 15 de Agosto (Afeca),Batata,3
2,Pão de Açúcar - Asa Sul,Lichia,4
172,Associação dos Produtores da Agricultura Familiar (Aspaf),Brócolis,3
108,Associação dos Produtores Rurais Novo Horizonte Betinho (Aspronte),Tomate,5
6,Feira do Produtor de Taguatinga,Mandioca,4
42,Associação Agrícola do Distrito Federal e Ride (Agrifam),Mamão,5
141,Assaí Atacadista - Taguatinga,Goiaba,4
111,Big Box - Águas Claras,Cajamanga,5
82,Feira do Produtor do Gama,Repolho,3
94,"Associação Mista dos Agricultores Familiares, Orgânicos e Produtores Rurais do DF e Entorno (Amista)",Abacate,5
194,Associação Agrícola do Distrito Federal e Ride (Agrifam),Limão,4
84,Feira do Produtor do Itapoã,Pimentão,3
113,Atacadão - Taguatinga,Couve,3
56,Feira do Produtor do Jardim Botânico,Jiló,4
175,Pão de Açúcar - Asa Norte,Lichia,4
86,Cooperativa de Produção Agropecuária dos Assentados e Pequenos Produtores Rurais do Distrito Federal e Entorno (Coopercal),Brócolis,3
91,Associação dos Produtores de Hortigranjeiros do Distrito Federal (Asphor),Graviola,2
64,Feira do Produtor da Estrutural,Maracujá,4
14,Assaí Atacadista - Ceilândia,Coco,2
88,Feira do Produtor do Park Way,Pimentão,3
157,Mercado Orgânico do CEASA,Limão,3
148,Feira do Produtor do Jardim Botânico,Couve,3
177,Assaí Atacadista - Taguatinga,Brócolis,4
103,Feira do Produtor do Riacho Fundo II,Limão,3
28,Feira do Produtor de Ceilândia,Jiló,3
58,Walmart - Samambaia,Mandioca,3
167,Feira do Produtor de Taguatinga,Cenoura,5
78,CEASA-DF,Cajamanga,4
106,Feira do Produtor de Ceilândia,Uva,4
122,Pão de Açúcar - Asa Sul,Alface,3
161,"Associação Mista dos Agricultores Familiares, Orgânicos e Produtores Rurais do DF e Entorno (Amista)",Quiabo,4
133,Feira do Produtor do Park Way,Lichia,2
4,Associação de Agricultores Familiares da Eco Comunidade do Assentamento 15 de Agosto (Afeca),Banana,3
162,Atacadão - Taguatinga,Brócolis,4
41,Feira do Produtor do Cruzeiro,Graviola,4
34,Walmart - Samambaia,Cebola,3
53,Feira do Produtor de Brazlândia,Agrião,4
133,Comper - Águas Claras,Beterraba,3
58,Associação dos Trabalhadores Rurais da Agricultura Familiar do Assentamento Chapadinha (Astraf),Cajamanga,3
178,Feira do Produtor de Ceilândia,Jiló,3
135,Cooperativa dos Produtores Rurais de Brazlândia (Coopabra),Pitaia,3
44,Cooperativa dos Produtores Rurais do PAD-DF (Coopadf),Pepino,4
130,Feira do Produtor de São Sebastião,Abacate,3
125,Supercei - Sobradinho,Cajamanga,3
83,Feira do Produtor do Núcleo Bandeirante,Uva,4
185,Extra - Asa Norte,Gengibre,4
167,Feira do Produtor do Paranoá,Cebola,4
69,"Associação Mista dos Agricultores Familiares, Orgânicos e Produtores Rurais do DF e Entorno (Amista)",Manga,3
188,Feira do Produtor do Gama,Repolho,3
125,Feira do Produtor de Santa Maria,Manga,3
139,Feira do Produtor do Jardim Botânico,Mandioca,3
31,Extra - Asa Norte,Gengibre,3
184,Feira do Produtor de Vicente Pires,Cebola,5
144,Feira da Agricultura Familiar - Plano Piloto,Cenoura,3
62,Feira do Produtor do Cruzeiro,Manga,2
105,Comper - Sudoeste,Pepino,3
196,"Associação Mista dos Agricultores Familiares, Orgânicos e Produtores Rurais do DF e Entorno (Amista)",Uva,3
78,Associação dos Produtores Rurais de Alexandre Gusmão (Asspag),Pimentão,5
156,Feira do Produtor do Gama,Manga,3
155,CEASA-DF,Pitaia,4
174,Atacadão - Ceilândia,Manga,2
144,Associação dos Produtores da Agricultura Familiar (Aspaf),Batata,4
127,Feira do Produtor do Lago Norte,Abóbora,2
145,Feira do Produtor do Núcleo Bandeirante,Graviola,3
127,Feira do Produtor do Lago Norte,Couve,3
5,Pão de Açúcar - Asa Norte,Mandioca,3
72,Super Maia - Sobradinho,Banana,4
30,Feira do Produtor da Candangolândia,Pimentão,4
161,Assaí Atacadista - Taguatinga,Goiaba,5
122,Assaí Atacadista - Ceilândia,Limão,3
121,Feira do Produtor do Varjão,Repolho,4
110,Feira do Produtor do Núcleo Bandeirante,Morango,3
125,Cooperativa Agropecuária e Industrial do Rio Preto (Coopari),Goiaba,3
155,Feira do Produtor do Park Way,Jiló,3
40,Supercei - Ceilândia,Graviola,4
139,Assaí Atacadista - Ceilândia,Quiabo,3
159,Supercei - Ceilândia,Graviola,5
189,Supercei - Ceilândia,Beterraba,3
113,Cooperativa Agropecuária e Industrial do Rio Preto (Coopari),Coco,3
78,Carrefour - Águas Claras,Tangerina,4
197,Feira do Produtor de Santa Maria,Quiabo,3
19,Feira do Produtor de São Sebastião,Batata,3
45,Feira do Produtor do Sudoeste,Jiló,3
61,Assaí Atacadista - Ceilândia,Agrião,3
140,Feira do Produtor de São Sebastião,Cebola,3
3,Feira do Produtor de Ceilândia,Mamão,3
133,Feira do Produtor do Riacho Fundo,Jiló,3
29,Feira do Produtor do Paranoá,Jiló,4
187,Feira do Produtor de Planaltina,Abóbora,3
89,Comper - Águas Claras,Banana,3
120,Feira do Produtor de Taguatinga,Maracujá,4
187,Feira do Produtor do Lago Sul,Banana,4
81,Pão de Açúcar - Asa Sul,Atemóia,5
168,Pão de Açúcar - Asa Sul,Tangerina,4
45,Feira do Produtor do Paranoá,Agrião,3
97,Mercado Orgânico do CEASA,Abóbora,4
128,Feira do Produtor do Lago Sul,Limão,5
180,Walmart - Samambaia,Graviola,4
64,Associação Agrícola do Distrito Federal e Ride (Agrifam),Jiló,2
66,Pão de Açúcar - Asa Norte,Abóbora,2
17,Carrefour - Águas Claras,Chuchu,5
5,"Associação Mista dos Agricultores Familiares, Orgânicos e Produtores Rurais do DF e Entorno (Amista)",Agrião,2
44,Feira do Produtor de Águas Claras,Mamão,3
90,Feira do Produtor de Brazlândia,Gengibre,4
121,Supercei - Taguatinga,Jiló,3
116,Assaí Atacadista - Taguatinga,Goiaba,4
99,Feira do Produtor de Águas Claras,Batata,2
87,Comper - Sudoeste,Beterraba,4
164,Mercado Orgânico do CEASA,Cenoura,4
189,Feira do Produtor do Riacho Fundo,Gengibre,3
18,Feira do Produtor de Águas Claras,Graviola,4
12,Feira do Produtor do Riacho Fundo,Quiabo,2
124,Assaí Atacadista - Taguatinga,Cenoura,4
76,Feira do Produtor do Lago Sul,Abacate,4
123,Feira do Produtor de Taguatinga,Banana,2
191,Walmart - Samambaia,Goiaba,2
143,Atacadão - Taguatinga,Berinjela,2
172,Assaí Atacadista - Taguatinga,Uva,3
6,Feira do Produtor do Itapoã,Alface,5
82,Feira do Produtor de Ceilândia,Agrião,2
2,Mercado Orgânico do CEASA,Repolho,3
143,Carrefour - Águas Claras,Graviola,3
63,Feira do Produtor de Sobradinho,Limão,4
68,Big Box - Águas Claras,Morango,3
45,Feira do Produtor do Sudoeste,Alface,2
157,Associação dos Produtores de Hortigranjeiros do Distrito Federal (Asphor),Beterraba,4
36,Associação dos Produtores de Hortigranjeiros do Distrito Federal (Asphor),Tomate,4
167,"Associação Mista dos Agricultores Familiares, Orgânicos e Produtores Rurais do DF e Entorno (Amista)",Morango,5
114,Super Maia - Sobradinho,Mamão,5
147,Feira do Produtor do Itapoã,Coco,4
121,Comper - Águas Claras,Beterraba,3
187,Feira do Produtor de Samambaia,Mandioca,4
35,Extra - Asa Norte,Goiaba,4
69,"Associação Mista dos Agricultores Familiares, Orgânicos e Produtores Rurais do DF e Entorno (Amista)",Couve,3
154,Cooperativa de Agricultura Familiar Mista do Distrito Federal (Coopermista),Jiló,4
29,Supercei - Ceilândia,Pimentão,4
192,Supercei - Sobradinho,Manga,3
82,Associação Agrícola do Distrito Federal e Ride (Agrifam),Jiló,3
147,Feira do Produtor do Itapoã,Repolho,4
129,Feira do Produtor de Samambaia,Mamão,5
125,Big Box - Águas Claras,Banana,3
49,Associação dos Produtores da Agricultura Familiar (Aspaf),Beterraba,4
135,Cooperativa Mista da Agricultura Familiar do Meio Ambiente e da Cultura do Brasil (Coopbrasil),Gengibre,3
148,Feira do Produtor do Jardim Botânico,Atemóia,4
55,Comper - Águas Claras,Lichia,5
148,Feira do Produtor do Paranoá,Abacate,4
88,"Cooperativa de Trabalho, Consultoria, Instrutoria e Serviços para o Desenvolvimento Agropecuário, Econômico e Social (Agrocoop)",Cenoura,3
51,Super Maia - Taguatinga,Uva,5
2,CEASA-DF,Alface,4
180,Feira do Produtor do Núcleo Bandeirante,Abóbora,2
173,Cooperativa Mista da Agricultura Familiar do Meio Ambiente e da Cultura do Brasil (Coopbrasil),Pitaia,3
78,Big Box - Águas Claras,Uva,5
25,Atacadão - Ceilândia,Alface,3
91,Feira do Produtor de Ceilândia,Mandioca,3
156,Associação dos Produtores Rurais Orgânicos e Convencionais do Distrito Federal e Entorno (Asproc),Manga,2
120,Comper - Águas Claras,Repolho,3
30,Feira do Produtor do Paranoá,Banana,4
57,Supercei - Sobradinho,Repolho,3
43,"Cooperativa de Trabalho, Consultoria, Instrutoria e Serviços para o Desenvolvimento Agropecuário, Econômico e Social (Agrocoop)",Limão,5
15,Comper - Sudoeste,Tomate,3
78,Feira do Produtor de Taguatinga,Morango,5
12,Feira do Produtor de Águas Claras,Brócolis,2
140,Feira do Produtor do Park Way,Pitaia,3
110,"Associação Mista dos Agricultores Familiares, Orgânicos e Produtores Rurais do DF e Entorno (Amista)",Agrião,3
170,"Associação Mista dos Agricultores Familiares, Orgânicos e Produtores Rurais do DF e Entorno (Amista)",Morango,5
178,Sam's Club - Asa Norte,Mamão,3
171,Feira do Produtor do Itapoã,Limão,2
17,Assaí Atacadista - Taguatinga,Goiaba,3
28,Feira do Produtor do Jardim Botânico,Limão,2
46,Feira do Produtor do Park Way,Chuchu,4
136,Extra - Asa Sul,Mandioca,2
31,Feira do Produtor de Samambaia,Gengibre,4
172,Feira do Produtor de Planaltina,Cebola,3
162,Atacadão - Taguatinga,Pitaia,3
63,Feira do Produtor do Gama,Quiabo,4
164,Comper - Sudoeste,Graviola,4
200,"Associação Mista dos Agricultores Familiares, Orgânicos e Produtores Rurais do DF e Entorno (Amista)",Atemóia,4
58,Associação dos Produtores Rurais Novo Horizonte Betinho (Aspronte),Pitaia,3
121,Feira do Produtor do Varjão,Maracujá,4
37,Atacadão - Ceilândia,Cenoura,3
28,Associação dos Trabalhadores Rurais da Agricultura Familiar do Assentamento Chapadinha (Astraf),Alface,3
131,Feira do Produtor de Sobradinho,Chuchu,4
6,Extra - Asa Sul,Tomate,4
125,Feira do Produtor do Varjão,Pitaia,3
78,Feira do Produtor do Jardim Botânico,Pitaia,5
32,Supercei - Taguatinga,Goiaba,3
89,Cooperativa Agrícola da Região de Planaltina (Cootaquara),Batata,4
33,Feira do Produtor de Santa Maria,Tangerina,4
137,Extra - Asa Norte,Chuchu,3
121,Cooperativa de Produção Agropecuária dos Assentados e Pequenos Produtores Rurais do Distrito Federal e Entorno (Coopercal),Chuchu,2
57,Feira do Produtor do Cruzeiro,Pepino,3
99,Associação Agrícola do Distrito Federal e Ride (Agrifam),Tangerina,3
159,Extra - Asa Norte,Goiaba,4
6,CEASA-DF,Chuchu,4
71,Carrefour - Asa Norte,Maracujá,4
192,Feira do Produtor do Núcleo Bandeirante,Atemóia,4
187,Feira do Produtor da Candangolândia,Graviola,4
185,Supercei - Ceilândia,Alface,3
65,Feira do Produtor da Estrutural,Maracujá,4
118,Associação Agrícola do Distrito Federal e Ride (Agrifam),Jiló,5
12,Walmart - Samambaia,Goiaba,2
101,"Associação Mista dos Agricultores Familiares, Orgânicos e Produtores Rurais do DF e Entorno (Amista)",Tomate,4
1,Associação dos Trabalhadores Rurais da Agricultura Familiar do Assentamento Chapadinha (Astraf),Couve,2
29,Feira do Produtor do Paranoá,Lichia,4
89,Feira do Produtor do Núcleo Bandeirante,Mandioca,3
185,Cooperativa Mista da Agricultura Familiar do Meio Ambiente e da Cultura do Brasil (Coopbrasil),Manga,2
156,Feira do Produtor do Guará,Chuchu,2
2,Supercei - Taguatinga,Couve,2
121,Big Box - Águas Claras,Brócolis,3
37,"Associação Mista dos Agricultores Familiares, Orgânicos e Produtores Rurais do DF e Entorno (Amista)",Manga,4
82,Feira do Produtor do Sudoeste,Mandioca,3
200,Associação dos Produtores da Agricultura Familiar (Aspaf),Abóbora,4
81,Feira do Produtor do Itapoã,Agrião,5
89,Feira do Produtor do Park Way,Jiló,2
88,Feira do Produtor de Vicente Pires,Cajamanga,3
151,Feira do Produtor do Riacho Fundo II,Batata,3
169,Extra - Asa Norte,Manga,3
116,Atacadão - Ceilândia,Cebola,4
62,Associação dos Produtores Rurais de Alexandre Gusmão (Asspag),Lichia,2
160,Pão de Açúcar - Asa Norte,Agrião,4
61,Feira do Produtor de Santa Maria,Manga,3
23,Feira da Agricultura Familiar - Plano Piloto,Pitaia,3
33,Feira do Produtor do Riacho Fundo,Coco,5
28,Feira do Produtor de São Sebastião,Pepino,3
36,Feira do Produtor de Brazlândia,Gengibre,4
11,Feira do Produtor do Núcleo Bandeirante,Pimentão,3
87,Feira do Produtor de Planaltina,Abóbora,4
13,Supercei - Ceilândia,Alface,3
154,Cooperativa de Agricultura Familiar Mista do Distrito Federal (Coopermista),Berinjela,2
45,Feira do Produtor de Planaltina,Manga,2
10,Feira do Produtor de Sobradinho,Agrião,4
109,Associação dos Produtores de Hortigranjeiros do Distrito Federal (Asphor),Cenoura,2
139,Feira do Produtor de São Sebastião,Manga,3
18,Comper - Águas Claras,Alface,2
200,Associação de Agricultores Familiares da Eco Comunidade do Assentamento 15 de Agosto (Afeca),Alface,3
2,Feira do Produtor do Núcleo Bandeirante,Beterraba,3
131,Feira do Produtor da Estrutural,Jiló,3
121,Feira do Produtor do Varjão,Berinjela,3
54,Feira do Produtor do Recanto das Emas,Agrião,3
154,Feira do Produtor do Lago Sul,Manga,3
8,Assaí Atacadista - Taguatinga,Goiaba,2
114,Cooperativa Mista da Agricultura Familiar do Meio Ambiente e da Cultura do Brasil (Coopbrasil),Tangerina,3
143,Super Maia - Sobradinho,Tomate,2
123,Walmart - Samambaia,Atemóia,3
68,Feira do Produtor do Park Way,Pimentão,3
110,Feira do Produtor de Águas Claras,Mamão,3
193,Feira do Produtor do Recanto das Emas,Coco,5
119,Feira do Produtor do Lago Sul,Goiaba,2
144,Supercei - Ceilândia,Alface,3
102,Assaí Atacadista - Taguatinga,Goiaba,2
70,"Associação Mista dos Agricultores Familiares, Orgânicos e Produtores Rurais do DF e Entorno (Amista)",Gengibre,4
99,Feira do Produtor de Brazlândia,Pimentão,3
34,Associação dos Produtores Rurais de Alexandre Gusmão (Asspag),Limão,3
96,Walmart - Samambaia,Coco,3
97,Associação dos Produtores Rurais Novo Horizonte Betinho (Aspronte),Tangerina,4
9,Cooperativa dos Produtores Rurais de Brazlândia (Coopabra),Maracujá,5
38,Feira do Produtor de Samambaia,Couve,3
141,Super Maia - Taguatinga,Uva,5
166,Feira do Produtor de Planaltina,Beterraba,2
79,Feira do Produtor do Núcleo Bandeirante,Abacate,4
162,Feira do Produtor de Águas Claras,Pepino,4
162,Feira do Produtor da Estrutural,Cenoura,2
42,Assaí Atacadista - Taguatinga,Beterraba,4
186,Carrefour - Asa Norte,Atemóia,4
133,Extra - Asa Norte,Chuchu,3
10,Cooperativa Agropecuária e Industrial do Rio Preto (Coopari),Cebola,5
89,Feira do Produtor de Santa Maria,Cebola,3
108,Comper - Águas Claras,Tomate,5
54,Feira do Produtor de Taguatinga,Limão,3
195,Cooperativa Agrícola da Região de Planaltina (Cootaquara),Cenoura,4
95,Cooperativa dos Produtores Rurais de Brazlândia (Coopabra),Agrião,3
134,Feira do Produtor do Varjão,Tomate,5
90,Assaí Atacadista - Taguatinga,Pimentão,4
12,Feira do Produtor de Águas Claras,Abóbora,3
52,Mercado Orgânico do CEASA,Banana,3
163,Feira do Produtor de Vicente Pires,Beterraba,3
181,Carrefour - Asa Norte,Atemóia,4
135,Feira da Agricultura Familiar - Plano Piloto,Goiaba,4
46,Feira do Produtor de Taguatinga,Abacate,4
102,Cooperativa Agropecuária e Industrial do Rio Preto (Coopari),Chuchu,2
107,Feira do Produtor do Riacho Fundo II,Maracujá,4
191,Cooperativa dos Produtores Rurais do PAD-DF (Coopadf),Mandioca,4
13,Feira do Produtor do Park Way,Morango,2
18,Sam's Club - Asa Norte,Pepino,4
98,Feira do Produtor de Samambaia,Cebola,4
164,Associação dos Trabalhadores Rurais da Agricultura Familiar do Assentamento Chapadinha (Astraf),Mamão,2
99,Comper - Águas Claras,Mamão,4
51,Feira do Produtor de São Sebastião,Uva,3
70,Comper - Águas Claras,Quiabo,4
21,Super Maia - Taguatinga,Uva,4
100,Comper - Sudoeste,Pepino,5
50,Cooperativa Mista da Agricultura Familiar do Meio Ambiente e da Cultura do Brasil (Coopbrasil),Goiaba,2
189,Associação de Agricultores Familiares da Eco Comunidade do Assentamento 15 de Agosto (Afeca),Cebola,3
80,Feira do Produtor de Taguatinga,Banana,4
82,Walmart - Samambaia,Pepino,2
6,Extra - Asa Sul,Atemóia,5
68,Carrefour - Águas Claras,Morango,3
125,Feira do Produtor de Brazlândia,Pimentão,3
114,"Associação Mista dos Agricultores Familiares, Orgânicos e Produtores Rurais do DF e Entorno (Amista)",Beterraba,4
125,Big Box - Águas Claras,Brócolis,3
99,Feira do Produtor do Jardim Botânico,Agrião,2
183,Feira do Produtor de Taguatinga,Coco,5
155,Comper - Águas Claras,Repolho,3
53,Associação dos Produtores de Hortigranjeiros do Distrito Federal (Asphor),Morango,5
158,Cooperativa Mista da Agricultura Familiar do Meio Ambiente e da Cultura do Brasil (Coopbrasil),Tomate,3
61,Feira do Produtor do Park Way,Pitaia,3
192,Super Maia - Sobradinho,Chuchu,3
177,Extra - Asa Norte,Atemóia,4
193,Cooperativa Mista da Agricultura Familiar do Meio Ambiente e da Cultura do Brasil (Coopbrasil),Abacate,4
179,Cooperativa dos Produtores Rurais de Brazlândia (Coopabra),Mamão,3
180,Cooperativa Mista da Agricultura Familiar do Meio Ambiente e da Cultura do Brasil (Coopbrasil),Mamão,3
196,Carrefour - Asa Norte,Tomate,3
28,Associação Agrícola do Distrito Federal e Ride (Agrifam),Mandioca,4
139,Feira do Produtor do Recanto das Emas,Limão,4
128,Atacadão - Taguatinga,Couve,4
189,Supercei - Taguatinga,Morango,2
166,"Cooperativa de Trabalho, Consultoria, Instrutoria e Serviços para o Desenvolvimento Agropecuário, Econômico e Social (Agrocoop)",Repolho,3
151,Feira do Produtor do Cruzeiro,Lichia,4
160,Atacadão - Ceilândia,Abóbora,5
100,Associação dos Produtores da Agricultura Familiar (Aspaf),Mamão,5
123,Sam's Club - Asa Norte,Pimentão,3
175,Cooperativa Agropecuária e Industrial do Rio Preto (Coopari),Mandioca,4
156,Feira do Produtor do Guará,Mamão,3
27,Feira do Produtor de Águas Claras,Tomate,3
193,Supercei - Sobradinho,Uva,3
43,"Cooperativa de Trabalho, Consultoria, Instrutoria e Serviços para o Desenvolvimento Agropecuário, Econômico e Social (Agrocoop)",Uva,5
2,Comper - Águas Claras,Tangerina,4
91,Comper - Sudoeste,Berinjela,4
155,Assaí Atacadista - Taguatinga,Mamão,4
94,Feira do Produtor do Guará,Pimentão,4
45,Feira do Produtor da Candangolândia,Morango,3
123,Feira do Produtor do Núcleo Bandeirante,Maracujá,4
145,Pão de Açúcar - Asa Norte,Tomate,3
106,Pão de Açúcar - Asa Norte,Coco,4
100,Walmart - Samambaia,Agrião,4
106,Feira do Produtor de Santa Maria,Limão,4
28,Feira do Produtor do Sudoeste,Manga,2
73,Associação dos Produtores Rurais Novo Horizonte Betinho (Aspronte),Lichia,4
35,CEASA-DF,Beterraba,4
12,Cooperativa dos Produtores Rurais de Brazlândia (Coopabra),Mamão,3
95,Cooperativa Mista da Agricultura Familiar do Meio Ambiente e da Cultura do Brasil (Coopbrasil),Limão,3
178,Cooperativa Agrícola da Região de Planaltina (Cootaquara),Agrião,3
165,Super Maia - Taguatinga,Tomate,3
79,Cooperativa dos Produtores Rurais de Brazlândia (Coopabra),Agrião,5
177,Atacadão - Taguatinga,Beterraba,4
62,Feira do Produtor do Cruzeiro,Maracujá,3
37,Feira do Produtor de Águas Claras,Banana,4
68,Comper - Águas Claras,Maracujá,3
43,Feira do Produtor de Sobradinho,Uva,4
163,Feira do Produtor do Riacho Fundo,Couve,2
197,Feira da Agricultura Familiar - Plano Piloto,Pitaia,3
83,Cooperativa dos Produtores Rurais de Brazlândia (Coopabra),Cajamanga,4
184,Feira do Produtor de Santa Maria,Chuchu,5
124,Associação dos Produtores Rurais Orgânicos e Convencionais do Distrito Federal e Entorno (Asproc),Manga,3
110,Atacadão - Taguatinga,Pepino,3
72,Feira do Produtor do Núcleo Bandeirante,Limão,4
23,Supercei - Sobradinho,Tomate,3
200,Atacadão - Taguatinga,Limão,3
194,Feira do Produtor de Planaltina,Limão,4
106,Pão de Açúcar - Asa Norte,Coco,4
115,Feira do Produtor de Santa Maria,Batata,3
193,Feira do Produtor do Gama,Abóbora,4
141,Cooperativa dos Produtores Rurais do PAD-DF (Coopadf),Limão,4
20,Sam's Club - Asa Norte,Maracujá,5
21,Cooperativa Mista da Agricultura Familiar do Meio Ambiente e da Cultura do Brasil (Coopbrasil),Maracujá,4
29,Supercei - Taguatinga,Repolho,4
32,Feira do Produtor do Cruzeiro,Agrião,2
73,Feira do Produtor de Ceilândia,Morango,3
38,Carrefour - Águas Claras,Banana,2
195,Assaí Atacadista - Ceilândia,Quiabo,4
79,Feira da Agricultura Familiar - Plano Piloto,Chuchu,5
8,Extra - Asa Norte,Morango,2
139,Associação de Agricultores Familiares da Eco Comunidade do Assentamento 15 de Agosto (Afeca),Coco,3
165,Feira do Produtor de Planaltina,Goiaba,3
121,Feira do Produtor do Lago Sul,Repolho,3
117,Cooperativa dos Produtores Rurais de Brazlândia (Coopabra),Abacate,4
23,Feira do Produtor de Vicente Pires,Cenoura,3
39,Feira do Produtor do Cruzeiro,Couve,4
4,Feira do Produtor do Lago Norte,Berinjela,3
78,Feira do Produtor de Santa Maria,Chuchu,4
5,Feira do Produtor do Guará,Banana,3
31,Cooperativa Mista da Agricultura Familiar do Meio Ambiente e da Cultura do Brasil (Coopbrasil),Abacate,3
74,Extra - Asa Sul,Coco,3
155,Feira do Produtor de Vicente Pires,Atemóia,4
42,Feira do Produtor de Sobradinho,Cenoura,3
34,Super Maia - Sobradinho,Alface,4
1,Feira do Produtor de Brazlândia,Alface,3
34,Walmart - Samambaia,Abacate,2
147,Cooperativa de Produção Agropecuária dos Assentados e Pequenos Produtores Rurais do Distrito Federal e Entorno (Coopercal),Manga,4
113,Feira do Produtor do Riacho Fundo II,Gengibre,3
93,Feira do Produtor do Cruzeiro,Repolho,4
54,Associação dos Produtores Rurais Orgânicos e Convencionais do Distrito Federal e Entorno (Asproc),Abóbora,4
132,Associação dos Produtores da Agricultura Familiar (Aspaf),Beterraba,4
132,Feira do Produtor do Lago Norte,Cebola,5
106,Cooperativa de Agricultura Familiar Mista do Distrito Federal (Coopermista),Goiaba,5
98,Comper - Águas Claras,Uva,5
189,Comper - Águas Claras,Pimentão,2
128,Cooperativa Agropecuária e Industrial do Rio Preto (Coopari),Pitaia,5
39,Assaí Atacadista - Taguatinga,Jiló,5
122,Feira da Agricultura Familiar - Plano Piloto,Maracujá,4
25,Associação dos Produtores Rurais Orgânicos e Convencionais do Distrito Federal e Entorno (Asproc),Alface,3
47,Associação dos Produtores da Agricultura Familiar (Aspaf),Alface,3
119,Supercei - Sobradinho,Repolho,3
11,Super Maia - Taguatinga,Lichia,3
198,Feira do Produtor de São Sebastião,Beterraba,3
34,Cooperativa dos Produtores Rurais de Brazlândia (Coopabra),Mandioca,3
153,Feira da Agricultura Familiar - Plano Piloto,Agrião,4
74,Cooperativa Mista da Agricultura Familiar do Meio Ambiente e da Cultura do Brasil (Coopbrasil),Alface,2
72,Feira do Produtor do Sudoeste,Beterraba,4
171,Cooperativa dos Produtores Rurais de Brazlândia (Coopabra),Morango,3
39,Feira do Produtor de Águas Claras,Quiabo,4
143,Feira do Produtor de Ceilândia,Chuchu,3
120,Feira do Produtor de Taguatinga,Brócolis,2
30,Cooperativa de Produção Agropecuária dos Assentados e Pequenos Produtores Rurais do Distrito Federal e Entorno (Coopercal),Couve,4
55,Comper - Águas Claras,Chuchu,4
8,Super Maia - Sobradinho,Quiabo,3
97,Feira do Produtor do Lago Norte,Repolho,4
160,Associação dos Produtores da Agricultura Familiar (Aspaf),Pepino,3
44,Feira do Produtor do Cruzeiro,Coco,3
9,Feira do Produtor de São Sebastião,Coco,3
154,Cooperativa Agropecuária e Industrial do Rio Preto (Coopari),Pepino,3
6,Supercei - Sobradinho,Chuchu,4
176,Associação dos Trabalhadores Rurais da Agricultura Familiar do Assentamento Chapadinha (Astraf),Abacate,4
39,Feira do Produtor do Guará,Morango,3
68,Carrefour - Águas Claras,Cebola,2
96,CEASA-DF,Pimentão,3
93,Big Box - Águas Claras,Pitaia,4
59,Carrefour - Águas Claras,Goiaba,4
40,Cooperativa Agrícola da Região de Planaltina (Cootaquara),Pepino,2
6,Supercei - Sobradinho,Tomate,4
8,Extra - Asa Norte,Goiaba,3
26,Feira do Produtor do Lago Sul,Gengibre,4
25,Feira do Produtor do Varjão,Pepino,3
175,Pão de Açúcar - Asa Norte,Abóbora,4
177,"Associação Mista dos Agricultores Familiares, Orgânicos e Produtores Rurais do DF e Entorno (Amista)",Gengibre,5
147,Feira do Produtor de Samambaia,Mamão,4
94,Comper - Sudoeste,Cebola,4
128,Supercei - Taguatinga,Graviola,5
97,Feira do Produtor da Candangolândia,Repolho,3
67,Associação Agrícola do Distrito Federal e Ride (Agrifam),Goiaba,4
186,Mercado Orgânico do CEASA,Manga,5
129,Feira do Produtor de Taguatinga,Maracujá,4
28,Associação dos Trabalhadores Rurais da Agricultura Familiar do Assentamento Chapadinha (Astraf),Beterraba,4
198,Feira do Produtor do Núcleo Bandeirante,Repolho,3
90,Cooperativa Agrícola da Região de Planaltina (Cootaquara),Cebola,4
56,"Cooperativa de Trabalho, Consultoria, Instrutoria e Serviços para o Desenvolvimento Agropecuário, Econômico e Social (Agrocoop)",Chuchu,5
193,Feira do Produtor do Itapoã,Maracujá,5
180,Feira do Produtor de Brazlândia,Pimentão,3
125,Cooperativa Agrícola da Região de Planaltina (Cootaquara),Beterraba,4
113,Feira do Produtor do Sudoeste,Pepino,4
30,Feira do Produtor de Sobradinho,Uva,4
16,Cooperativa Agrícola da Região de Planaltina (Cootaquara),Abacate,3
30,Feira do Produtor de Taguatinga,Mamão,3
26,Feira do Produtor de São Sebastião,Chuchu,5
120,Cooperativa de Produção Agropecuária dos Assentados e Pequenos Produtores Rurais do Distrito Federal e Entorno (Coopercal),Beterraba,3
132,Super Maia - Taguatinga,Atemóia,4
166,Comper - Sudoeste,Cajamanga,3
42,Feira do Produtor do Varjão,Goiaba,4
13,Supercei - Taguatinga,Berinjela,3
188,Feira do Produtor de Brazlândia,Pimentão,2
74,Atacadão - Ceilândia,Banana,4
90,Pão de Açúcar - Asa Norte,Repolho,5
24,Feira do Produtor do Jardim Botânico,Berinjela,2
192,Super Maia - Sobradinho,Alface,4
162,Cooperativa dos Produtores Rurais do PAD-DF (Coopadf),Tomate,2
66,Feira do Produtor da Estrutural,Cajamanga,2
119,Feira do Produtor do Sudoeste,Pimentão,4
149,Atacadão - Taguatinga,Couve,3
64,Associação de Agricultores Familiares da Eco Comunidade do Assentamento 15 de Agosto (Afeca),Coco,3
19,Super Maia - Taguatinga,Tangerina,4
156,Feira do Produtor de Taguatinga,Cenoura,2
81,Assaí Atacadista - Taguatinga,Atemóia,4
100,Feira do Produtor de Águas Claras,Coco,5
12,Feira do Produtor do Sudoeste,Chuchu,3
31,Comper - Sudoeste,Coco,3
124,Super Maia - Sobradinho,Brócolis,4
65,Cooperativa de Produção Agropecuária dos Assentados e Pequenos Produtores Rurais do Distrito Federal e Entorno (Coopercal),Alface,5
178,Sam's Club - Asa Norte,Couve,4
92,Associação Agrícola do Distrito Federal e Ride (Agrifam),Alface,3
4,Pão de Açúcar - Asa Sul,Manga,3
54,Supercei - Sobradinho,Cajamanga,4
46,Feira do Produtor do Sudoeste,Jiló,3
185,Assaí Atacadista - Taguatinga,Abóbora,3
45,Feira do Produtor do Sudoeste,Mamão,3
127,Feira do Produtor do Park Way,Agrião,2
25,Feira do Produtor do Itapoã,Atemóia,3
72,Feira do Produtor de Vicente Pires,Cebola,5
200,Feira do Produtor de Vicente Pires,Goiaba,4
142,Comper - Águas Claras,Abacate,4
89,Feira do Produtor do Paranoá,Lichia,2
140,Feira do Produtor de Taguatinga,Pitaia,3
143,Supercei - Sobradinho,Alface,3
163,Feira do Produtor do Sudoeste,Tangerina,3
135,Feira do Produtor de Taguatinga,Limão,4
58,Feira do Produtor do Varjão,Beterraba,3
187,Feira do Produtor do Riacho Fundo,Quiabo,3
108,Supercei - Sobradinho,Pitaia,5
4,Supercei - Sobradinho,Cajamanga,4
142,Atacadão - Taguatinga,Limão,5
137,Cooperativa de Agricultura Familiar Mista do Distrito Federal (Coopermista),Coco,5
141,Sam's Club - Asa Norte,Pepino,5
158,Feira do Produtor do Sudoeste,Beterraba,3
37,Feira do Produtor da Candangolândia,Chuchu,3
44,Associação dos Produtores Rurais Novo Horizonte Betinho (Aspronte),Coco,3
143,Atacadão - Taguatinga,Pitaia,3
120,Feira do Produtor do Riacho Fundo II,Graviola,3
171,Feira do Produtor do Recanto das Emas,Coco,3
93,Walmart - Samambaia,Mandioca,4
135,Cooperativa Agropecuária e Industrial do Rio Preto (Coopari),Manga,4
83,Feira do Produtor de Brazlândia,Alface,4
87,Feira do Produtor do Itapoã,Berinjela,4
56,Feira do Produtor de Samambaia,Abacate,4
174,Feira do Produtor do Jardim Botânico,Abóbora,3
41,Feira do Produtor do Recanto das Emas,Cajamanga,3
39,Feira do Produtor do Guará,Chuchu,4
145,"Associação Mista dos Agricultores Familiares, Orgânicos e Produtores Rurais do DF e Entorno (Amista)",Couve,4
46,Feira do Produtor de São Sebastião,Limão,5
4,Carrefour - Águas Claras,Banana,4
78,Associação dos Produtores Rurais Novo Horizonte Betinho (Aspronte),Mamão,5
6,Cooperativa de Produção Agropecuária dos Assentados e Pequenos Produtores Rurais do Distrito Federal e Entorno (Coopercal),Lichia,4
150,Cooperativa de Produção Agropecuária dos Assentados e Pequenos Produtores Rurais do Distrito Federal e Entorno (Coopercal),Manga,4
110,Sam's Club - Asa Norte,Chuchu,3
80,Feira do Produtor de Águas Claras,Banana,5
44,Supercei - Taguatinga,Cebola,4
177,Feira do Produtor de São Sebastião,Gengibre,4
184,Feira do Produtor de Santa Maria,Pimentão,4
190,Cooperativa Agropecuária e Industrial do Rio Preto (Coopari),Batata,4
154,Cooperativa de Agricultura Familiar Mista do Distrito Federal (Coopermista),Abóbora,4
177,Assaí Atacadista - Taguatinga,Beterraba,5
48,Cooperativa Agropecuária e Industrial do Rio Preto (Coopari),Atemóia,3
151,Supercei - Ceilândia,Berinjela,4
73,Associação Agrícola do Distrito Federal e Ride (Agrifam),Cenoura,3
46,Feira do Produtor do Paranoá,Pitaia,4
132,Feira do Produtor de Planaltina,Graviola,3
149,Sam's Club - Asa Norte,Lichia,5
123,Associação dos Trabalhadores Rurais da Agricultura Familiar do Assentamento Chapadinha (Astraf),Pimentão,4
40,Associação Agrícola do Distrito Federal e Ride (Agrifam),Berinjela,4
158,Feira do Produtor do Lago Norte,Alface,4
23,Feira do Produtor de Águas Claras,Mamão,4
82,Associação dos Produtores Rurais Novo Horizonte Betinho (Aspronte),Tomate,3
181,Super Maia - Sobradinho,Maracujá,4
36,"Cooperativa de Trabalho, Consultoria, Instrutoria e Serviços para o Desenvolvimento Agropecuário, Econômico e Social (Agrocoop)",Alface,4
180,Feira do Produtor de Brazlândia,Abacate,2
167,Feira do Produtor do Lago Norte,Agrião,5
41,Feira do Produtor de Samambaia,Abacate,3
158,Associação Agrícola do Distrito Federal e Ride (Agrifam),Abacate,3
18,Feira do Produtor de Sobradinho,Pepino,3
86,Supercei - Taguatinga,Morango,2
109,Associação dos Produtores Rurais Orgânicos e Convencionais do Distrito Federal e Entorno (Asproc),Banana,3
127,Cooperativa de Produção Agropecuária dos Assentados e Pequenos Produtores Rurais do Distrito Federal e Entorno (Coopercal),Lichia,4
173,Supercei - Taguatinga,Chuchu,4
15,Extra - Asa Sul,Quiabo,3
120,Feira do Produtor de Sobradinho,Cebola,2
137,Carrefour - Águas Claras,Abacate,5
2,Feira do Produtor do Sudoeste,Batata,3
167,Super Maia - Sobradinho,Manga,5
64,Feira do Produtor do Lago Norte,Berinjela,3
117,Feira do Produtor do Varjão,Pitaia,4
145,Atacadão - Ceilândia,Mandioca,3
81,Cooperativa Agrícola da Região de Planaltina (Cootaquara),Quiabo,4
175,"Associação Mista dos Agricultores Familiares, Orgânicos e Produtores Rurais do DF e Entorno (Amista)",Manga,3
158,Big Box - Águas Claras,Brócolis,4
157,Feira do Produtor do Lago Norte,Cebola,3
194,Comper - Sudoeste,Abacate,5
134,Feira do Produtor da Estrutural,Manga,5
38,Feira do Produtor de Samambaia,Brócolis,4
54,Feira da Agricultura Familiar - Plano Piloto,Tomate,4
152,Feira do Produtor do Lago Norte,Coco,4
168,Carrefour - Águas Claras,Quiabo,4
183,Atacadão - Ceilândia,Brócolis,3
97,Associação Agrícola do Distrito Federal e Ride (Agrifam),Coco,4
58,Assaí Atacadista - Ceilândia,Coco,3
102,Cooperativa Agropecuária e Industrial do Rio Preto (Coopari),Berinjela,4
154,Associação dos Produtores Rurais de Alexandre Gusmão (Asspag),Mandioca,3
81,Associação Agrícola do Distrito Federal e Ride (Agrifam),Couve,4
168,Feira do Produtor do Gama,Morango,4
193,Cooperativa Agropecuária e Industrial do Rio Preto (Coopari),Manga,5
133,Associação de Agricultores Familiares da Eco Comunidade do Assentamento 15 de Agosto (Afeca),Brócolis,2
157,Feira do Produtor do Núcleo Bandeirante,Tomate,3
156,CEASA-DF,Beterraba,2
62,Supercei - Sobradinho,Uva,3
110,Feira do Produtor de Vicente Pires,Pepino,4
186,Feira do Produtor de Samambaia,Mamão,3
4,Comper - Águas Claras,Lichia,3
155,Feira do Produtor de Santa Maria,Abóbora,2
6,Feira do Produtor da Candangolândia,Batata,4
190,Feira do Produtor da Estrutural,Cenoura,4
182,Cooperativa dos Produtores Rurais de Brazlândia (Coopabra),Gengibre,3
151,Feira do Produtor do Paranoá,Banana,3
189,"Cooperativa de Trabalho, Consultoria, Instrutoria e Serviços para o Desenvolvimento Agropecuário, Econômico e Social (Agrocoop)",Jiló,2
85,Associação dos Trabalhadores Rurais da Agricultura Familiar do Assentamento Chapadinha (Astraf),Atemóia,3
133,Feira do Produtor do Riacho Fundo,Brócolis,3
29,CEASA-DF,Beterraba,4
136,Associação dos Produtores de Hortigranjeiros do Distrito Federal (Asphor),Pitaia,4
18,Cooperativa de Produção Agropecuária dos Assentados e Pequenos Produtores Rurais do Distrito Federal e Entorno (Coopercal),Tomate,3
105,Feira do Produtor da Candangolândia,Coco,4
10,Feira do Produtor de Samambaia,Maracujá,4
18,Associação dos Produtores Rurais Orgânicos e Convencionais do Distrito Federal e Entorno (Asproc),Quiabo,2
142,Feira do Produtor do Núcleo Bandeirante,Tangerina,5
42,Feira da Agricultura Familiar - Plano Piloto,Cenoura,5
176,Associação de Agricultores Familiares da Eco Comunidade do Assentamento 15 de Agosto (Afeca),Batata,4
166,Comper - Sudoeste,Alface,3
144,Supercei - Taguatinga,Uva,5
1,Associação de Agricultores Familiares da Eco Comunidade do Assentamento 15 de Agosto (Afeca),Lichia,4
63,"Associação Mista dos Agricultores Familiares, Orgânicos e Produtores Rurais do DF e Entorno (Amista)",Abacate,3
153,Feira do Produtor da Estrutural,Maracujá,3
192,Feira do Produtor do Riacho Fundo II,Goiaba,4
149,Feira do Produtor da Candangolândia,Repolho,3
41,Pão de Açúcar - Asa Sul,Lichia,3
56,Associação dos Produtores da Agricultura Familiar (Aspaf),Pimentão,5
116,Feira do Produtor do Sudoeste,Mamão,5
36,Associação dos Produtores da Agricultura Familiar (Aspaf),Maracujá,2
132,Feira do Produtor do Riacho Fundo II,Couve,3
101,"Cooperativa de Trabalho, Consultoria, Instrutoria e Serviços para o Desenvolvimento Agropecuário, Econômico e Social (Agrocoop)",Pitaia,3
183,Feira do Produtor do Recanto das Emas,Limão,5
181,Sam's Club - Asa Norte,Chuchu,3
182,Feira do Produtor do Varjão,Gengibre,2
52,Feira do Produtor do Varjão,Abacate,3
61,Feira do Produtor do Riacho Fundo II,Tangerina,2
53,Cooperativa Agropecuária e Industrial do Rio Preto (Coopari),Batata,5
44,Feira do Produtor do Itapoã,Cebola,4
54,Feira do Produtor do Recanto das Emas,Agrião,3
23,Big Box - Águas Claras,Pepino,3
65,Cooperativa de Agricultura Familiar Mista do Distrito Federal (Coopermista),Lichia,5
188,Feira do Produtor do Lago Sul,Banana,3
94,Feira do Produtor do Sudoeste,Lichia,5
161,Assaí Atacadista - Taguatinga,Graviola,5
54,Cooperativa Mista da Agricultura Familiar do Meio Ambiente e da Cultura do Brasil (Coopbrasil),Tangerina,4
49,Feira do Produtor de Planaltina,Agrião,4
106,Feira do Produtor da Estrutural,Manga,4
178,Feira do Produtor de Samambaia,Couve,3
93,Cooperativa Mista da Agricultura Familiar do Meio Ambiente e da Cultura do Brasil (Coopbrasil),Repolho,4
116,Feira do Produtor do Guará,Tangerina,5
32,Feira do Produtor do Cruzeiro,Gengibre,3
36,Comper - Águas Claras,Coco,2
39,Feira do Produtor do Guará,Banana,4
78,Atacadão - Ceilândia,Cenoura,4
155,Comper - Águas Claras,Mandioca,4
53,Associação dos Produtores Rurais de Alexandre Gusmão (Asspag),Abacate,4
26,Feira do Produtor do Riacho Fundo II,Goiaba,4
45,Feira do Produtor do Varjão,Alface,2
18,Feira do Produtor do Núcleo Bandeirante,Pitaia,4
102,Feira do Produtor do Gama,Repolho,3
170,Cooperativa dos Produtores Rurais do PAD-DF (Coopadf),Atemóia,4
75,Assaí Atacadista - Taguatinga,Alface,3
29,Supercei - Ceilândia,Tangerina,2
67,Mercado Orgânico do CEASA,Repolho,5
14,Feira da Agricultura Familiar - Plano Piloto,Berinjela,3
132,"Associação Mista dos Agricultores Familiares, Orgânicos e Produtores Rurais do DF e Entorno (Amista)",Atemóia,3
185,Feira do Produtor do Núcleo Bandeirante,Brócolis,3
70,Comper - Águas Claras,Limão,5
8,Feira do Produtor de Sobradinho,Tangerina,3
32,Supercei - Taguatinga,Repolho,3
82,Feira do Produtor de Ceilândia,Abóbora,3
13,Feira do Produtor do Cruzeiro,Manga,2
150,Comper - Águas Claras,Tangerina,5
120,Comper - Águas Claras,Limão,3
151,Feira do Produtor da Candangolândia,Abóbora,3
189,Mercado Orgânico do CEASA,Lichia,3
184,Feira do Produtor do Paranoá,Brócolis,5
29,Associação Agrícola do Distrito Federal e Ride (Agrifam),Pimentão,3
89,Feira do Produtor do Lago Sul,Coco,2
17,Pão de Açúcar - Asa Sul,Batata,4
115,Feira do Produtor de Taguatinga,Batata,3
48,Feira do Produtor do Paranoá,Cajamanga,2
157,Carrefour - Águas Claras,Banana,3
74,Extra - Asa Sul,Cebola,2
56,Feira do Produtor de Águas Claras,Uva,3
59,Feira do Produtor de Santa Maria,Banana,4
120,Associação dos Produtores Rurais Orgânicos e Convencionais do Distrito Federal e Entorno (Asproc),Goiaba,3
136,Feira do Produtor do Núcleo Bandeirante,Abacate,4
48,Associação dos Produtores Rurais de Alexandre Gusmão (Asspag),Chuchu,4
141,Associação dos Trabalhadores Rurais da Agricultura Familiar do Assentamento Chapadinha (Astraf),Manga,4
101,Feira do Produtor do Riacho Fundo,Brócolis,3
132,Feira do Produtor da Candangolândia,Pitaia,4
94,Pão de Açúcar - Asa Norte,Tomate,4
198,Extra - Asa Norte,Cenoura,4
60,Cooperativa Mista da Agricultura Familiar do Meio Ambiente e da Cultura do Brasil (Coopbrasil),Quiabo,3
117,Feira do Produtor do Gama,Coco,5
127,Feira da Agricultura Familiar - Plano Piloto,Morango,2
102,Feira do Produtor de Brazlândia,Tangerina,4
101,Feira do Produtor do Núcleo Bandeirante,Uva,4
63,Associação Agrícola do Distrito Federal e Ride (Agrifam),Atemóia,5
141,Associação dos Produtores da Agricultura Familiar (Aspaf),Brócolis,3
180,Associação Agrícola do Distrito Federal e Ride (Agrifam),Pimentão,4
66,CEASA-DF,Berinjela,2
185,Extra - Asa Norte,Gengibre,2
120,Associação dos Produtores de Hortigranjeiros do Distrito Federal (Asphor),Repolho,2
25,Comper - Águas Claras,Tangerina,2
187,Feira do Produtor da Estrutural,Maracujá,4
56,Feira do Produtor do Lago Sul,Repolho,4
133,Pão de Açúcar - Asa Sul,Abóbora,3
98,Cooperativa de Agricultura Familiar Mista do Distrito Federal (Coopermista),Mandioca,3
48,Big Box - Águas Claras,Mamão,2
183,Extra - Asa Sul,Agrião,4
126,Feira do Produtor do Lago Norte,Pitaia,3
1,Feira do Produtor de Vicente Pires,Agrião,5
57,Feira do Produtor do Lago Sul,Repolho,2
78,Feira do Produtor de Taguatinga,Batata,4
197,Feira do Produtor da Candangolândia,Graviola,2
119,Comper - Águas Claras,Manga,3
48,Feira do Produtor do Gama,Manga,3
137,Feira do Produtor do Riacho Fundo II,Coco,5
182,Comper - Sudoeste,Coco,3
131,Feira do Produtor do Lago Sul,Tangerina,4
26,Feira do Produtor do Guará,Lichia,4
113,Carrefour - Asa Norte,Cebola,3
142,Atacadão - Ceilândia,Batata,5
116,Atacadão - Ceilândia,Tangerina,4
57,Associação dos Produtores Rurais Orgânicos e Convencionais do Distrito Federal e Entorno (Asproc),Batata,2
199,Carrefour - Águas Claras,Limão,4
48,Assaí Atacadista - Ceilândia,Alface,3
142,Feira do Produtor de Brazlândia,Gengibre,5
48,Pão de Açúcar - Asa Norte,Pimentão,3
53,Cooperativa Agropecuária e Industrial do Rio Preto (Coopari),Berinjela,4
53,Mercado Orgânico do CEASA,Batata,3
28,Feira do Produtor do Jardim Botânico,Cenoura,3
18,Feira do Produtor de Ceilândia,Uva,4
167,Carrefour - Águas Claras,Manga,4
42,Atacadão - Ceilândia,Tomate,5
83,Feira do Produtor de Taguatinga,Atemóia,5
58,"Cooperativa de Trabalho, Consultoria, Instrutoria e Serviços para o Desenvolvimento Agropecuário, Econômico e Social (Agrocoop)",Brócolis,4
168,Feira do Produtor de Vicente Pires,Uva,4
169,Feira do Produtor do Gama,Abóbora,3
20,Feira do Produtor de Brazlândia,Coco,4
133,Assaí Atacadista - Taguatinga,Atemóia,2
23,Feira do Produtor do Paranoá,Alface,2
194,Cooperativa Mista da Agricultura Familiar do Meio Ambiente e da Cultura do Brasil (Coopbrasil),Quiabo,3
61,Atacadão - Taguatinga,Gengibre,3
194,Feira do Produtor do Riacho Fundo II,Abacate,3
197,Assaí Atacadista - Ceilândia,Agrião,3
102,Feira do Produtor de Brazlândia,Abacate,3
138,Feira do Produtor de São Sebastião,Pepino,5
64,Feira da Agricultura Familiar - Plano Piloto,Atemóia,3
168,Feira do Produtor do Guará,Chuchu,3
46,Feira do Produtor de Samambaia,Abacate,5
187,Feira do Produtor do Cruzeiro,Tangerina,5
12,Extra - Asa Norte,Alface,4
125,Assaí Atacadista - Taguatinga,Manga,2
172,Carrefour - Águas Claras,Morango,3
138,Walmart - Samambaia,Pimentão,5
6,Pão de Açúcar - Asa Norte,Lichia,4
17,Feira do Produtor do Itapoã,Repolho,5
11,Extra - Asa Sul,Mandioca,2
119,Feira do Produtor de Ceilândia,Uva,3
134,Assaí Atacadista - Ceilândia,Limão,4
28,Feira do Produtor de Ceilândia,Pepino,2
41,Feira do Produtor de Taguatinga,Batata,3
110,Associação dos Produtores de Hortigranjeiros do Distrito Federal (Asphor),Morango,3
172,Comper - Sudoeste,Cajamanga,3
144,Feira do Produtor do Lago Norte,Pitaia,4
72,Cooperativa dos Produtores Rurais do PAD-DF (Coopadf),Atemóia,3
137,Feira da Agricultura Familiar - Plano Piloto,Agrião,4
164,Feira do Produtor de Vicente Pires,Pepino,4
50,Cooperativa Mista da Agricultura Familiar do Meio Ambiente e da Cultura do Brasil (Coopbrasil),Mamão,3
160,Assaí Atacadista - Ceilândia,Manga,4
184,Feira do Produtor de São Sebastião,Repolho,4
38,Feira do Produtor de São Sebastião,Repolho,4
23,"Cooperativa de Trabalho, Consultoria, Instrutoria e Serviços para o Desenvolvimento Agropecuário, Econômico e Social (Agrocoop)",Jiló,2
80,Feira do Produtor de Sobradinho,Limão,4
118,Feira do Produtor do Varjão,Limão,4
74,Feira do Produtor do Recanto das Emas,Chuchu,3
152,Feira do Produtor do Lago Norte,Cebola,4
90,Feira da Agricultura Familiar - Plano Piloto,Cenoura,5
36,Feira do Produtor de Ceilândia,Graviola,2
42,Associação dos Produtores Rurais Novo Horizonte Betinho (Aspronte),Beterraba,5
101,Extra - Asa Sul,Uva,4
182,Feira do Produtor do Jardim Botânico,Mandioca,3
92,Cooperativa Agropecuária e Industrial do Rio Preto (Coopari),Chuchu,3
132,Feira do Produtor de Taguatinga,Cajamanga,4
189,Supercei - Taguatinga,Limão,3
82,Cooperativa Mista da Agricultura Familiar do Meio Ambiente e da Cultura do Brasil (Coopbrasil),Maracujá,3
5,Associação de Agricultores Familiares da Eco Comunidade do Assentamento 15 de Agosto (Afeca),Banana,4
169,Extra - Asa Sul,Goiaba,4
75,Feira do Produtor da Candangolândia,Tomate,4
124,Super Maia - Sobradinho,Limão,4
162,Sam's Club - Asa Norte,Pitaia,3
12,Big Box - Águas Claras,Pitaia,3
189,Feira da Agricultura Familiar - Plano Piloto,Agrião,3
137,Feira do Produtor do Guará,Cenoura,4
118,Feira do Produtor de Vicente Pires,Jiló,4
45,Supercei - Taguatinga,Goiaba,2
144,Atacadão - Taguatinga,Beterraba,3
184,Feira do Produtor da Estrutural,Goiaba,5
48,Feira do Produtor do Gama,Graviola,2
21,Supercei - Ceilândia,Brócolis,3
36,Associação dos Produtores Rurais de Alexandre Gusmão (Asspag),Lichia,3
157,Feira do Produtor de Vicente Pires,Chuchu,3
162,Mercado Orgânico do CEASA,Lichia,3
79,Feira do Produtor de Vicente Pires,Uva,4
186,Associação dos Produtores de Hortigranjeiros do Distrito Federal (Asphor),Goiaba,5
149,Associação Agrícola do Distrito Federal e Ride (Agrifam),Goiaba,4
3,Feira do Produtor do Recanto das Emas,Pimentão,2
48,Associação de Agricultores Familiares da Eco Comunidade do Assentamento 15 de Agosto (Afeca),Brócolis,4
135,Assaí Atacadista - Taguatinga,Mamão,4
192,Feira do Produtor de Samambaia,Maracujá,4
175,Associação Agrícola do Distrito Federal e Ride (Agrifam),Goiaba,4
26,CEASA-DF,Repolho,4
62,Supercei - Sobradinho,Pitaia,3
163,Cooperativa dos Produtores Rurais do PAD-DF (Coopadf),Tomate,2
191,Feira do Produtor do Recanto das Emas,Uva,2
148,Feira do Produtor do Paranoá,Alface,2
42,Carrefour - Asa Norte,Chuchu,5
25,Cooperativa Agrícola da Região de Planaltina (Cootaquara),Banana,2
41,Extra - Asa Norte,Alface,3
132,Supercei - Taguatinga,Berinjela,3
60,Pão de Açúcar - Asa Sul,Brócolis,3
145,Assaí Atacadista - Taguatinga,Graviola,3
98,Assaí Atacadista - Taguatinga,Cenoura,4
129,Pão de Açúcar - Asa Sul,Pimentão,4
40,Feira do Produtor do Riacho Fundo II,Graviola,3
200,Feira do Produtor do Riacho Fundo II,Mamão,3
72,Comper - Sudoeste,Cajamanga,4
92,Feira do Produtor do Riacho Fundo II,Pitaia,4
28,Feira do Produtor do Sudoeste,Quiabo,3
25,Cooperativa Agrícola da Região de Planaltina (Cootaquara),Couve,3
21,Cooperativa de Agricultura Familiar Mista do Distrito Federal (Coopermista),Abóbora,4
147,Feira do Produtor do Recanto das Emas,Mandioca,4
200,Atacadão - Ceilândia,Manga,3
165,Associação dos Produtores da Agricultura Familiar (Aspaf),Coco,3
104,"Associação Mista dos Agricultores Familiares, Orgânicos e Produtores Rurais do DF e Entorno (Amista)",Manga,4
86,Feira do Produtor do Lago Sul,Morango,3
44,Supercei - Taguatinga,Maracujá,4
47,Associação dos Produtores Rurais Novo Horizonte Betinho (Aspronte),Chuchu,3
184,Super Maia - Sobradinho,Maracujá,4
68,Feira do Produtor do Varjão,Quiabo,2
144,Feira da Agricultura Familiar - Plano Piloto,Tangerina,4
113,Atacadão - Taguatinga,Cenoura,3
24,Feira do Produtor de Ceilândia,Morango,3
157,Feira do Produtor de Brazlândia,Morango,4
24,Feira do Produtor de Vicente Pires,Cenoura,3
103,Cooperativa de Agricultura Familiar Mista do Distrito Federal (Coopermista),Repolho,3
154,Extra - Asa Norte,Abóbora,3
93,Feira do Produtor de Planaltina,Cajamanga,4
118,Associação dos Produtores de Hortigranjeiros do Distrito Federal (Asphor),Tomate,4
180,Walmart - Samambaia,Atemóia,4
197,Sam's Club - Asa Norte,Alface,3
39,Feira do Produtor do Jardim Botânico,Mamão,4
159,Feira do Produtor do Varjão,Banana,4
165,Pão de Açúcar - Asa Sul,Cenoura,3
189,Pão de Açúcar - Asa Norte,Atemóia,3
172,Supercei - Taguatinga,Mandioca,3
149,Feira do Produtor do Gama,Berinjela,3
151,Supercei - Sobradinho,Tomate,4
183,Feira do Produtor da Estrutural,Manga,5
95,Cooperativa Agrícola da Região de Planaltina (Cootaquara),Cebola,3
5,Comper - Sudoeste,Graviola,3
49,Feira do Produtor do Itapoã,Chuchu,5
21,Feira do Produtor do Riacho Fundo II,Lichia,5
164,Super Maia - Taguatinga,Chuchu,4
162,Cooperativa Mista da Agricultura Familiar do Meio Ambiente e da Cultura do Brasil (Coopbrasil),Pimentão,3
168,Feira do Produtor do Gama,Atemóia,4
179,Carrefour - Asa Norte,Manga,3
24,Carrefour - Asa Norte,Pepino,3
56,Feira do Produtor do Lago Sul,Tangerina,4
51,Pão de Açúcar - Asa Norte,Mamão,3
43,Cooperativa Mista da Agricultura Familiar do Meio Ambiente e da Cultura do Brasil (Coopbrasil),Manga,5
155,Comper - Sudoeste,Cajamanga,4
199,Feira do Produtor de Sobradinho,Atemóia,4
99,Associação dos Produtores Rurais Novo Horizonte Betinho (Aspronte),Cebola,2
138,Associação de Agricultores Familiares da Eco Comunidade do Assentamento 15 de Agosto (Afeca),Chuchu,4
79,Feira do Produtor do Varjão,Mamão,5
70,Feira do Produtor de Santa Maria,Pimentão,5
188,Super Maia - Taguatinga,Morango,4
77,Walmart - Samambaia,Lichia,4
4,Supercei - Taguatinga,Lichia,3
153,Feira do Produtor do Riacho Fundo,Tangerina,3
50,Super Maia - Sobradinho,Batata,3
83,Extra - Asa Norte,Uva,3
152,Supercei - Ceilândia,Repolho,4
185,Feira do Produtor de Samambaia,Chuchu,3
81,Feira do Produtor do Park Way,Atemóia,4
90,Feira do Produtor do Guará,Cenoura,5
73,Atacadão - Taguatinga,Atemóia,5
82,Associação dos Produtores Rurais Novo Horizonte Betinho (Aspronte),Goiaba,3
179,Extra - Asa Sul,Repolho,4
184,Sam's Club - Asa Norte,Quiabo,4
159,Associação dos Produtores da Agricultura Familiar (Aspaf),Atemóia,4
38,Feira do Produtor de São Sebastião,Abacate,3
165,Super Maia - Taguatinga,Tangerina,3
158,Feira do Produtor do Riacho Fundo II,Lichia,3
139,Associação dos Produtores da Agricultura Familiar (Aspaf),Coco,3
81,Associação de Agricultores Familiares da Eco Comunidade do Assentamento 15 de Agosto (Afeca),Mandioca,4
124,Feira do Produtor de São Sebastião,Abacate,4
144,Extra - Asa Sul,Cenoura,3
135,Cooperativa Agrícola da Região de Planaltina (Cootaquara),Beterraba,4
30,Big Box - Águas Claras,Uva,4
150,Cooperativa dos Produtores Rurais de Brazlândia (Coopabra),Mandioca,4
136,Atacadão - Taguatinga,Brócolis,2
161,Feira do Produtor de Vicente Pires,Abóbora,4
150,Feira do Produtor do Riacho Fundo II,Goiaba,4
68,Feira do Produtor do Lago Sul,Manga,3
48,"Associação Mista dos Agricultores Familiares, Orgânicos e Produtores Rurais do DF e Entorno (Amista)",Atemóia,3
142,Feira do Produtor de Sobradinho,Cenoura,4
118,Feira do Produtor de Brazlândia,Alface,4
181,Sam's Club - Asa Norte,Lichia,4
27,Feira do Produtor de Santa Maria,Jiló,4
57,Atacadão - Ceilândia,Agrião,2
35,Pão de Açúcar - Asa Sul,Abóbora,5
195,Mercado Orgânico do CEASA,Abóbora,3
10,Comper - Águas Claras,Goiaba,5
61,Feira do Produtor do Paranoá,Beterraba,3
180,Feira do Produtor do Sudoeste,Maracujá,4
69,Feira do Produtor de Planaltina,Beterraba,3
26,Associação dos Produtores Rurais Orgânicos e Convencionais do Distrito Federal e Entorno (Asproc),Cebola,4
140,Associação de Agricultores Familiares da Eco Comunidade do Assentamento 15 de Agosto (Afeca),Abacate,3
139,Feira do Produtor da Estrutural,Goiaba,3
178,Pão de Açúcar - Asa Sul,Beterraba,3
199,Carrefour - Asa Norte,Agrião,5
125,Extra - Asa Sul,Gengibre,3
109,Cooperativa dos Produtores Rurais de Brazlândia (Coopabra),Abóbora,2
9,Feira do Produtor do Park Way,Uva,4
9,Feira do Produtor de Ceilândia,Chuchu,3
159,Associação Agrícola do Distrito Federal e Ride (Agrifam),Alface,5
90,Supercei - Taguatinga,Graviola,4
177,Extra - Asa Norte,Tomate,4
200,Associação dos Produtores Rurais Orgânicos e Convencionais do Distrito Federal e Entorno (Asproc),Uva,3
36,Feira do Produtor da Estrutural,Pitaia,3
195,Cooperativa Mista da Agricultura Familiar do Meio Ambiente e da Cultura do Brasil (Coopbrasil),Agrião,4
23,Feira do Produtor de Ceilândia,Chuchu,4
160,Cooperativa dos Produtores Rurais do PAD-DF (Coopadf),Cenoura,3
140,"Associação Mista dos Agricultores Familiares, Orgânicos e Produtores Rurais do DF e Entorno (Amista)",Uva,2
177,Feira do Produtor do Lago Sul,Agrião,4
168,Cooperativa Agrícola da Região de Planaltina (Cootaquara),Agrião,3
138,Feira do Produtor de Samambaia,Chuchu,4
10,Cooperativa de Produção Agropecuária dos Assentados e Pequenos Produtores Rurais do Distrito Federal e Entorno (Coopercal),Jiló,4
65,Cooperativa Agropecuária e Industrial do Rio Preto (Coopari),Graviola,5
159,Feira do Produtor de Taguatinga,Uva,4
102,Cooperativa Agropecuária e Industrial do Rio Preto (Coopari),Cenoura,2
64,Associação dos Produtores Rurais Orgânicos e Convencionais do Distrito Federal e Entorno (Asproc),Brócolis,3
34,Feira do Produtor do Recanto das Emas,Limão,3
60,Cooperativa dos Produtores Rurais do PAD-DF (Coopadf),Repolho,3
18,Cooperativa Agrícola da Região de Planaltina (Cootaquara),Chuchu,4
158,Feira do Produtor do Riacho Fundo II,Limão,2
117,Feira do Produtor do Varjão,Berinjela,3
26,Big Box - Águas Claras,Pepino,3
185,Cooperativa Mista da Agricultura Familiar do Meio Ambiente e da Cultura do Brasil (Coopbrasil),Agrião,3
145,Feira da Agricultura Familiar - Plano Piloto,Berinjela,4
166,"Cooperativa de Trabalho, Consultoria, Instrutoria e Serviços para o Desenvolvimento Agropecuário, Econômico e Social (Agrocoop)",Mandioca,3
167,Walmart - Samambaia,Lichia,5
63,Feira do Produtor de Sobradinho,Abacate,3
193,Atacadão - Ceilândia,Agrião,5
196,Cooperativa de Produção Agropecuária dos Assentados e Pequenos Produtores Rurais do Distrito Federal e Entorno (Coopercal),Couve,3
9,Pão de Açúcar - Asa Norte,Tomate,3
58,Extra - Asa Norte,Manga,4
194,Feira do Produtor de Vicente Pires,Pepino,3
22,CEASA-DF,Beterraba,5
40,Feira do Produtor de Planaltina,Beterraba,2
183,"Cooperativa de Trabalho, Consultoria, Instrutoria e Serviços para o Desenvolvimento Agropecuário, Econômico e Social (Agrocoop)",Cebola,4
64,Super Maia - Taguatinga,Cajamanga,4
118,Carrefour - Asa Norte,Pepino,5
143,Associação Agrícola do Distrito Federal e Ride (Agrifam),Maracujá,3
136,Feira do Produtor de Ceilândia,Brócolis,3
70,Feira do Produtor do Riacho Fundo,Pepino,5
24,Cooperativa Agrícola da Região de Planaltina (Cootaquara),Morango,2
10,Extra - Asa Sul,Mamão,4
133,Cooperativa Mista da Agricultura Familiar do Meio Ambiente e da Cultura do Brasil (Coopbrasil),Agrião,3
106,Super Maia - Sobradinho,Graviola,4
36,Feira do Produtor de Santa Maria,Brócolis,3
78,Feira do Produtor do Itapoã,Abóbora,4
76,Cooperativa dos Produtores Rurais de Brazlândia (Coopabra),Pimentão,5
102,Cooperativa dos Produtores Rurais do PAD-DF (Coopadf),Atemóia,3
162,Feira do Produtor do Recanto das Emas,Maracujá,2
156,Extra - Asa Norte,Abacate,2
60,Feira do Produtor de Santa Maria,Mandioca,2
185,Atacadão - Ceilândia,Goiaba,3
5,Comper - Águas Claras,Batata,3
79,Supercei - Ceilândia,Coco,4
36,Feira do Produtor do Jardim Botânico,Mamão,3
170,Feira da Agricultura Familiar - Plano Piloto,Tangerina,4
73,Feira do Produtor de Sobradinho,Pepino,3
119,Feira do Produtor do Varjão,Couve,5
61,Supercei - Taguatinga,Tangerina,2
49,Atacadão - Ceilândia,Morango,3
141,Cooperativa dos Produtores Rurais do PAD-DF (Coopadf),Alface,4
135,Cooperativa Mista da Agricultura Familiar do Meio Ambiente e da Cultura do Brasil (Coopbrasil),Quiabo,4
55,"Cooperativa de Trabalho, Consultoria, Instrutoria e Serviços para o Desenvolvimento Agropecuário, Econômico e Social (Agrocoop)",Goiaba,5
108,Feira do Produtor de Águas Claras,Abóbora,5
43,Cooperativa dos Produtores Rurais de Brazlândia (Coopabra),Banana,4
155,Associação Agrícola do Distrito Federal e Ride (Agrifam),Abóbora,3
185,Feira do Produtor de Samambaia,Couve,3
123,Feira do Produtor do Riacho Fundo II,Goiaba,3
3,Feira do Produtor de Brazlândia,Berinjela,3
98,Cooperativa dos Produtores Rurais de Brazlândia (Coopabra),Graviola,5
3,Feira do Produtor de Brazlândia,Gengibre,3
73,Pão de Açúcar - Asa Norte,Lichia,5
61,Comper - Sudoeste,Coco,3
173,Feira do Produtor do Lago Sul,Cajamanga,4
17,Feira da Agricultura Familiar - Plano Piloto,Lichia,5
70,Comper - Águas Claras,Couve,5
101,"Associação Mista dos Agricultores Familiares, Orgânicos e Produtores Rurais do DF e Entorno (Amista)",Brócolis,3
112,Feira do Produtor de Brazlândia,Morango,4
78,Associação dos Produtores de Hortigranjeiros do Distrito Federal (Asphor),Tomate,5
131,Feira do Produtor do Jardim Botânico,Couve,3
118,Cooperativa de Produção Agropecuária dos Assentados e Pequenos Produtores Rurais do Distrito Federal e Entorno (Coopercal),Lichia,4
30,Cooperativa de Produção Agropecuária dos Assentados e Pequenos Produtores Rurais do Distrito Federal e Entorno (Coopercal),Cebola,4
76,Cooperativa dos Produtores Rurais de Brazlândia (Coopabra),Batata,4
114,Mercado Orgânico do CEASA,Quiabo,4
70,Atacadão - Ceilândia,Alface,3
122,Feira do Produtor do Lago Norte,Abacate,3
60,Cooperativa dos Produtores Rurais do PAD-DF (Coopadf),Manga,3
114,Feira do Produtor do Cruzeiro,Manga,5
196,Feira do Produtor de Santa Maria,Pitaia,2
192,Supercei - Sobradinho,Goiaba,4
103,Associação dos Produtores de Hortigranjeiros do Distrito Federal (Asphor),Pitaia,3
144,Walmart - Samambaia,Mamão,5
51,Feira do Produtor de Samambaia,Mamão,4
159,Feira do Produtor de Santa Maria,Quiabo,5
64,Associação dos Produtores Rurais Orgânicos e Convencionais do Distrito Federal e Entorno (Asproc),Brócolis,3
148,Feira do Produtor do Cruzeiro,Quiabo,3
99,Feira do Produtor de Taguatinga,Berinjela,2
157,Assaí Atacadista - Taguatinga,Manga,3
155,Extra - Asa Sul,Cenoura,4
183,Feira do Produtor do Recanto das Emas,Uva,5
125,Feira do Produtor de Sobradinho,Limão,3
41,Feira do Produtor de Taguatinga,Couve,4
191,Feira do Produtor do Lago Norte,Atemóia,2
42,Carrefour - Asa Norte,Uva,5
144,Supercei - Ceilândia,Chuchu,5
93,Mercado Orgânico do CEASA,Couve,5
48,Feira do Produtor da Estrutural,Chuchu,3
98,Assaí Atacadista - Taguatinga,Maracujá,5
73,Feira do Produtor do Núcleo Bandeirante,Cebola,2
23,Feira do Produtor de Ceilândia,Gengibre,3
110,Supercei - Sobradinho,Coco,2
195,Feira do Produtor do Park Way,Brócolis,3
169,Feira do Produtor do Park Way,Abacate,3
61,Cooperativa de Agricultura Familiar Mista do Distrito Federal (Coopermista),Pepino,2
121,Cooperativa dos Produtores Rurais do PAD-DF (Coopadf),Brócolis,3
164,Cooperativa de Produção Agropecuária dos Assentados e Pequenos Produtores Rurais do Distrito Federal e Entorno (Coopercal),Atemóia,3
200,Cooperativa Agropecuária e Industrial do Rio Preto (Coopari),Goiaba,3
137,Cooperativa dos Produtores Rurais do PAD-DF (Coopadf),Banana,4
134,Feira do Produtor do Guará,Batata,5
143,"Cooperativa de Trabalho, Consultoria, Instrutoria e Serviços para o Desenvolvimento Agropecuário, Econômico e Social (Agrocoop)",Pimentão,3
19,Feira do Produtor de Sobradinho,Jiló,4
90,Feira do Produtor de Brazlândia,Morango,4
85,Cooperativa dos Produtores Rurais do PAD-DF (Coopadf),Pepino,4
128,Feira do Produtor do Riacho Fundo II,Manga,5
191,Supercei - Ceilândia,Tangerina,2
159,Pão de Açúcar - Asa Sul,Alface,4
121,Cooperativa de Produção Agropecuária dos Assentados e Pequenos Produtores Rurais do Distrito Federal e Entorno (Coopercal),Repolho,3
153,Assaí Atacadista - Taguatinga,Beterraba,3
109,Feira do Produtor do Riacho Fundo,Brócolis,4
8,Feira do Produtor da Candangolândia,Agrião,3
68,Mercado Orgânico do CEASA,Lichia,3
8,Feira do Produtor do Park Way,Mamão,2
169,Sam's Club - Asa Norte,Batata,3
114,Supercei - Ceilândia,Graviola,5
151,Atacadão - Taguatinga,Goiaba,3
86,Cooperativa dos Produtores Rurais de Brazlândia (Coopabra),Graviola,3
90,Feira do Produtor do Lago Sul,Lichia,5
56,Feira do Produtor do Lago Sul,Cajamanga,3
29,"Cooperativa de Trabalho, Consultoria, Instrutoria e Serviços para o Desenvolvimento Agropecuário, Econômico e Social (Agrocoop)",Lichia,4
161,Sam's Club - Asa Norte,Couve,5
63,Cooperativa Agrícola da Região de Planaltina (Cootaquara),Brócolis,4
159,Feira do Produtor de Brazlândia,Chuchu,5
76,Feira do Produtor do Lago Sul,Manga,5
162,Feira do Produtor do Jardim Botânico,Couve,3
151,Associação dos Produtores Rurais de Alexandre Gusmão (Asspag),Banana,3
66,Assaí Atacadista - Taguatinga,Atemóia,3
64,Feira do Produtor de Vicente Pires,Alface,3
38,Super Maia - Taguatinga,Tangerina,3
172,Feira da Agricultura Familiar - Plano Piloto,Pimentão,3
193,Feira do Produtor de Santa Maria,Mandioca,5
124,Carrefour - Águas Claras,Pimentão,4
154,Feira do Produtor de Planaltina,Manga,4
114,Pão de Açúcar - Asa Norte,Graviola,5
187,Feira do Produtor de Sobradinho,Pepino,2
188,Carrefour - Asa Norte,Beterraba,2
79,Feira do Produtor de Ceilândia,Brócolis,5
81,Atacadão - Ceilândia,Manga,4
164,Feira do Produtor do Sudoeste,Pimentão,3
17,Feira da Agricultura Familiar - Plano Piloto,Limão,4
167,Walmart - Samambaia,Gengibre,5
78,CEASA-DF,Uva,5
29,Super Maia - Sobradinho,Jiló,4
79,Feira do Produtor do Núcleo Bandeirante,Quiabo,5
89,Assaí Atacadista - Taguatinga,Brócolis,2
28,Extra - Asa Sul,Chuchu,2
21,Feira do Produtor do Riacho Fundo,Jiló,4
184,Feira do Produtor de Vicente Pires,Agrião,5
18,Associação de Agricultores Familiares da Eco Comunidade do Assentamento 15 de Agosto (Afeca),Cenoura,4
54,Associação de Agricultores Familiares da Eco Comunidade do Assentamento 15 de Agosto (Afeca),Atemóia,3
38,Cooperativa dos Produtores Rurais de Brazlândia (Coopabra),Tomate,3
96,Cooperativa Agrícola da Região de Planaltina (Cootaquara),Banana,3
75,Feira do Produtor do Sudoeste,Pimentão,3
12,Feira do Produtor do Itapoã,Banana,3
108,Feira do Produtor de Brazlândia,Gengibre,5
101,Cooperativa dos Produtores Rurais de Brazlândia (Coopabra),Mandioca,3
25,Associação dos Produtores Rurais de Alexandre Gusmão (Asspag),Uva,2
158,Feira do Produtor do Cruzeiro,Pimentão,3
164,Cooperativa de Produção Agropecuária dos Assentados e Pequenos Produtores Rurais do Distrito Federal e Entorno (Coopercal),Brócolis,4
99,Feira do Produtor do Riacho Fundo II,Batata,3
54,Feira do Produtor do Lago Sul,Lichia,3
188,Feira do Produtor do Cruzeiro,Repolho,3
140,Assaí Atacadista - Ceilândia,Cebola,2
171,Feira do Produtor do Recanto das Emas,Cajamanga,3
37,Sam's Club - Asa Norte,Goiaba,4
79,Extra - Asa Norte,Brócolis,5
131,Cooperativa Mista da Agricultura Familiar do Meio Ambiente e da Cultura do Brasil (Coopbrasil),Alface,3
155,Extra - Asa Sul,Coco,4
181,Sam's Club - Asa Norte,Cenoura,4
16,Cooperativa Agrícola da Região de Planaltina (Cootaquara),Chuchu,2
128,Feira do Produtor do Riacho Fundo II,Tangerina,5
175,Feira do Produtor de São Sebastião,Abóbora,5
124,Assaí Atacadista - Taguatinga,Alface,4
81,"Associação Mista dos Agricultores Familiares, Orgânicos e Produtores Rurais do DF e Entorno (Amista)",Tomate,4
34,Feira do Produtor do Varjão,Agrião,3
65,Comper - Águas Claras,Cenoura,4
27,Feira do Produtor do Núcleo Bandeirante,Pepino,4
24,Walmart - Samambaia,Agrião,2
122,Supercei - Ceilândia,Mamão,3
21,Feira do Produtor do Paranoá,Quiabo,3
100,Feira do Produtor de Sobradinho,Gengibre,4
129,Pão de Açúcar - Asa Sul,Atemóia,4
177,Cooperativa de Produção Agropecuária dos Assentados e Pequenos Produtores Rurais do Distrito Federal e Entorno (Coopercal),Limão,4
198,Associação dos Produtores Rurais Novo Horizonte Betinho (Aspronte),Batata,3
90,Comper - Sudoeste,Lichia,5
67,Feira do Produtor de Brazlândia,Graviola,4
163,Carrefour - Asa Norte,Manga,3
133,Feira do Produtor de Brazlândia,Gengibre,4
38,Extra - Asa Sul,Goiaba,3
99,Sam's Club - Asa Norte,Uva,3
62,Feira do Produtor de Águas Claras,Batata,3
200,Feira do Produtor de Santa Maria,Graviola,4
2,Mercado Orgânico do CEASA,Quiabo,3
42,Feira do Produtor de Águas Claras,Manga,5
136,Associação de Agricultores Familiares da Eco Comunidade do Assentamento 15 de Agosto (Afeca),Repolho,4
164,Associação dos Produtores Rurais Novo Horizonte Betinho (Aspronte),Uva,2
111,Feira do Produtor do Riacho Fundo II,Jiló,4
129,Feira do Produtor de Samambaia,Mandioca,3
200,Feira do Produtor do Cruzeiro,Graviola,4
22,"Cooperativa de Trabalho, Consultoria, Instrutoria e Serviços para o Desenvolvimento Agropecuário, Econômico e Social (Agrocoop)",Banana,5
39,Extra - Asa Norte,Goiaba,4
200,Feira do Produtor do Itapoã,Quiabo,2
144,Extra - Asa Sul,Quiabo,4
51,Extra - Asa Norte,Alface,4
125,Feira do Produtor do Park Way,Cebola,3
192,Feira do Produtor de Samambaia,Cebola,4
127,Feira do Produtor do Park Way,Quiabo,3
39,Feira do Produtor do Cruzeiro,Quiabo,4
13,Feira da Agricultura Familiar - Plano Piloto,Gengibre,3
199,Supercei - Taguatinga,Morango,4
196,Supercei - Taguatinga,Maracujá,2
94,Pão de Açúcar - Asa Norte,Goiaba,5
106,Feira do Produtor do Sudoeste,Chuchu,4
95,Cooperativa dos Produtores Rurais do PAD-DF (Coopadf),Goiaba,2
170,Cooperativa Agropecuária e Industrial do Rio Preto (Coopari),Chuchu,5
90,Feira do Produtor do Park Way,Uva,4
27,Extra - Asa Norte,Gengibre,4
15,Associação dos Produtores da Agricultura Familiar (Aspaf),Berinjela,3
138,Cooperativa de Agricultura Familiar Mista do Distrito Federal (Coopermista),Pimentão,4
193,Feira do Produtor de Santa Maria,Manga,4
79,Big Box - Águas Claras,Tomate,4
47,Feira do Produtor do Sudoeste,Gengibre,2
136,Feira do Produtor de Vicente Pires,Batata,3
92,Feira do Produtor do Núcleo Bandeirante,Repolho,3
68,Cooperativa de Agricultura Familiar Mista do Distrito Federal (Coopermista),Goiaba,3
11,Associação dos Produtores de Hortigranjeiros do Distrito Federal (Asphor),Abacate,3
16,Feira do Produtor do Lago Norte,Tomate,3
25,Sam's Club - Asa Norte,Pimentão,3
44,Associação dos Produtores da Agricultura Familiar (Aspaf),Lichia,3
43,CEASA-DF,Coco,4
164,Feira do Produtor de Sobradinho,Cebola,3
191,Assaí Atacadista - Ceilândia,Jiló,3
43,Cooperativa dos Produtores Rurais do PAD-DF (Coopadf),Goiaba,5
19,Associação de Agricultores Familiares da Eco Comunidade do Assentamento 15 de Agosto (Afeca),Banana,4
79,Extra - Asa Norte,Pimentão,4
19,Assaí Atacadista - Taguatinga,Maracujá,4
40,Feira do Produtor do Riacho Fundo II,Mandioca,4
138,Walmart - Samambaia,Lichia,3
99,Mercado Orgânico do CEASA,Pepino,2
66,Pão de Açúcar - Asa Norte,Abacate,2
89,"Associação Mista dos Agricultores Familiares, Orgânicos e Produtores Rurais do DF e Entorno (Amista)",Brócolis,3
30,Comper - Águas Claras,Mandioca,4
157,Feira do Produtor do Park Way,Manga,4
181,Feira do Produtor do Recanto das Emas,Mandioca,4
90,Associação dos Produtores de Hortigranjeiros do Distrito Federal (Asphor),Pitaia,5
31,Atacadão - Ceilândia,Agrião,4
150,Feira do Produtor do Riacho Fundo II,Tangerina,4
68,Super Maia - Taguatinga,Tomate,3
20,Feira do Produtor de Taguatinga,Beterraba,5
179,Feira do Produtor de Águas Claras,Mamão,3
68,Mercado Orgânico do CEASA,Alface,3
52,"Cooperativa de Trabalho, Consultoria, Instrutoria e Serviços para o Desenvolvimento Agropecuário, Econômico e Social (Agrocoop)",Gengibre,3
18,Comper - Sudoeste,Pitaia,5
89,Pão de Açúcar - Asa Norte,Abóbora,3
76,Feira do Produtor do Riacho Fundo II,Quiabo,4
161,Feira do Produtor do Varjão,Cebola,4
195,Cooperativa dos Produtores Rurais do PAD-DF (Coopadf),Quiabo,3
71,Carrefour - Asa Norte,Mamão,4
81,Feira do Produtor de Sobradinho,Uva,4
182,Supercei - Sobradinho,Uva,2
167,Atacadão - Ceilândia,Cebola,5
78,Atacadão - Taguatinga,Beterraba,4
162,Pão de Açúcar - Asa Sul,Pitaia,2
28,Feira do Produtor do Sudoeste,Tangerina,3
177,Carrefour - Asa Norte,Limão,3
101,Feira do Produtor do Riacho Fundo II,Jiló,4
30,Cooperativa dos Produtores Rurais de Brazlândia (Coopabra),Tangerina,4
74,Feira do Produtor do Jardim Botânico,Chuchu,3
128,Feira do Produtor do Guará,Tangerina,5
88,Feira do Produtor de Ceilândia,Pimentão,3
18,Associação de Agricultores Familiares da Eco Comunidade do Assentamento 15 de Agosto (Afeca),Chuchu,3
136,Associação dos Produtores de Hortigranjeiros do Distrito Federal (Asphor),Morango,4
127,Cooperativa dos Produtores Rurais do PAD-DF (Coopadf),Agrião,3
137,"Associação Mista dos Agricultores Familiares, Orgânicos e Produtores Rurais do DF e Entorno (Amista)",Abacate,5
111,Feira do Produtor do Riacho Fundo II,Abacate,5
122,Feira do Produtor do Lago Sul,Cajamanga,3
106,Cooperativa Mista da Agricultura Familiar do Meio Ambiente e da Cultura do Brasil (Coopbrasil),Alface,4
88,Associação dos Produtores Rurais Novo Horizonte Betinho (Aspronte),Manga,2
46,Feira do Produtor de São Sebastião,Chuchu,3
193,Feira do Produtor de Santa Maria,Coco,4
158,Cooperativa Mista da Agricultura Familiar do Meio Ambiente e da Cultura do Brasil (Coopbrasil),Repolho,3
38,Feira do Produtor do Gama,Agrião,3
24,Super Maia - Taguatinga,Uva,2
31,Feira do Produtor do Guará,Repolho,4
169,Feira do Produtor de Santa Maria,Brócolis,3
44,Associação dos Produtores de Hortigranjeiros do Distrito Federal (Asphor),Lichia,3
92,Feira do Produtor do Guará,Chuchu,2
83,CEASA-DF,Banana,4
15,Cooperativa de Produção Agropecuária dos Assentados e Pequenos Produtores Rurais do Distrito Federal e Entorno (Coopercal),Abóbora,3
4,Feira do Produtor do Recanto das Emas,Uva,3
118,CEASA-DF,Berinjela,5
74,Feira do Produtor do Jardim Botânico,Pimentão,3
198,Feira do Produtor do Riacho Fundo II,Pitaia,3
58,Sam's Club - Asa Norte,Chuchu,4
10,Assaí Atacadista - Ceilândia,Pitaia,4
97,Feira do Produtor do Núcleo Bandeirante,Limão,4
191,Feira do Produtor da Estrutural,Jiló,2
192,Feira da Agricultura Familiar - Plano Piloto,Pimentão,4
60,Associação dos Produtores Rurais de Alexandre Gusmão (Asspag),Chuchu,3
155,Assaí Atacadista - Taguatinga,Mandioca,3
179,Feira do Produtor do Itapoã,Uva,4
124,Super Maia - Taguatinga,Cebola,3
72,Cooperativa de Produção Agropecuária dos Assentados e Pequenos Produtores Rurais do Distrito Federal e Entorno (Coopercal),Manga,4
108,Feira do Produtor do Riacho Fundo II,Coco,4
131,Feira do Produtor do Sudoeste,Tangerina,3
13,Associação de Agricultores Familiares da Eco Comunidade do Assentamento 15 de Agosto (Afeca),Pitaia,3
126,Feira do Produtor do Itapoã,Pimentão,4
36,Associação dos Produtores da Agricultura Familiar (Aspaf),Brócolis,4
104,Supercei - Sobradinho,Banana,4
187,Assaí Atacadista - Ceilândia,Coco,3
130,Carrefour - Águas Claras,Abacate,2
57,Cooperativa de Produção Agropecuária dos Assentados e Pequenos Produtores Rurais do Distrito Federal e Entorno (Coopercal),Lichia,2
5,CEASA-DF,Berinjela,3
46,Feira do Produtor de Planaltina,Manga,4
86,Supercei - Taguatinga,Atemóia,3
137,Feira do Produtor do Gama,Agrião,5
127,Cooperativa dos Produtores Rurais do PAD-DF (Coopadf),Repolho,4
63,"Associação Mista dos Agricultores Familiares, Orgânicos e Produtores Rurais do DF e Entorno (Amista)",Maracujá,4
151,Feira do Produtor da Estrutural,Goiaba,4
28,Feira do Produtor do Sudoeste,Brócolis,4
78,Extra - Asa Norte,Uva,5
139,Associação dos Produtores Rurais de Alexandre Gusmão (Asspag),Alface,2
139,Atacadão - Taguatinga,Pepino,3
9,Associação dos Produtores da Agricultura Familiar (Aspaf),Abóbora,3
62,Extra - Asa Sul,Cebola,3
112,Sam's Club - Asa Norte,Berinjela,3
103,Cooperativa dos Produtores Rurais de Brazlândia (Coopabra),Gengibre,4
64,Feira do Produtor do Itapoã,Lichia,3
3,Feira do Produtor de Águas Claras,Mandioca,2
91,Associação dos Produtores de Hortigranjeiros do Distrito Federal (Asphor),Brócolis,4
46,Mercado Orgânico do CEASA,Abóbora,4
119,Feira do Produtor do Itapoã,Cebola,3
49,Feira do Produtor de Santa Maria,Pimentão,4
53,Feira do Produtor da Candangolândia,Manga,4
42,Associação Agrícola do Distrito Federal e Ride (Agrifam),Brócolis,3
191,Associação dos Produtores Rurais de Alexandre Gusmão (Asspag),Uva,4
177,Carrefour - Asa Norte,Gengibre,4
77,Feira do Produtor do Riacho Fundo II,Brócolis,4
41,Associação dos Produtores da Agricultura Familiar (Aspaf),Maracujá,3
82,Assaí Atacadista - Ceilândia,Coco,2
101,Extra - Asa Sul,Agrião,3
35,Feira do Produtor de Vicente Pires,Uva,4
90,Associação dos Produtores Rurais Orgânicos e Convencionais do Distrito Federal e Entorno (Asproc),Beterraba,4
155,Feira do Produtor do Park Way,Cenoura,3
110,Cooperativa Agropecuária e Industrial do Rio Preto (Coopari),Tomate,3
55,Carrefour - Águas Claras,Morango,4
112,Feira do Produtor de Samambaia,Tangerina,3
19,Cooperativa de Produção Agropecuária dos Assentados e Pequenos Produtores Rurais do Distrito Federal e Entorno (Coopercal),Beterraba,3
40,Feira do Produtor de Planaltina,Pepino,3
119,Comper - Águas Claras,Tomate,4
25,Feira do Produtor de Sobradinho,Jiló,3
15,Feira do Produtor do Guará,Lichia,2
79,Mercado Orgânico do CEASA,Pitaia,4
23,Feira do Produtor de Águas Claras,Limão,4
145,Feira do Produtor de Brazlândia,Abacate,3
45,Feira do Produtor do Sudoeste,Gengibre,3
174,Extra - Asa Norte,Graviola,2
136,Feira do Produtor de Vicente Pires,Coco,3
33,Atacadão - Taguatinga,Beterraba,4
35,Feira do Produtor de Taguatinga,Abóbora,4
166,Cooperativa dos Produtores Rurais do PAD-DF (Coopadf),Jiló,2
77,Feira do Produtor do Guará,Coco,4
49,Associação dos Produtores da Agricultura Familiar (Aspaf),Cebola,4
1,Sam's Club - Asa Norte,Repolho,3
115,Feira do Produtor de Planaltina,Coco,4
35,Feira da Agricultura Familiar - Plano Piloto,Batata,4
86,Supercei - Ceilândia,Cajamanga,3
160,Feira do Produtor do Lago Sul,Cajamanga,4
49,Feira do Produtor do Gama,Repolho,4
39,Associação dos Produtores Rurais de Alexandre Gusmão (Asspag),Abóbora,4
139,Feira do Produtor do Lago Norte,Agrião,3
114,Pão de Açúcar - Asa Norte,Graviola,5
54,Feira do Produtor de Planaltina,Agrião,4
79,Feira do Produtor da Estrutural,Jiló,5
4,Feira do Produtor do Itapoã,Atemóia,3
119,Feira do Produtor de Ceilândia,Atemóia,4
193,Cooperativa Mista da Agricultura Familiar do Meio Ambiente e da Cultura do Brasil (Coopbrasil),Tangerina,4
33,Super Maia - Taguatinga,Cebola,4
3,Feira do Produtor do Gama,Pitaia,3
91,Feira do Produtor de Ceilândia,Abóbora,4
115,Feira do Produtor de Planaltina,Beterraba,4
184,Feira do Produtor de Taguatinga,Chuchu,4
26,Super Maia - Sobradinho,Graviola,4
125,Cooperativa Agropecuária e Industrial do Rio Preto (Coopari),Chuchu,3
177,Feira da Agricultura Familiar - Plano Piloto,Pepino,5
27,Feira do Produtor de Santa Maria,Mandioca,4
109,Feira do Produtor do Recanto das Emas,Pimentão,3
24,Carrefour - Asa Norte,Pepino,3
184,Feira do Produtor do Riacho Fundo II,Graviola,5
188,Carrefour - Asa Norte,Uva,3
59,Walmart - Samambaia,Repolho,5
26,Feira do Produtor da Candangolândia,Banana,4
120,Feira do Produtor do Park Way,Atemóia,4
149,Feira do Produtor de Sobradinho,Pepino,3
153,Supercei - Sobradinho,Chuchu,4
57,Cooperativa Mista da Agricultura Familiar do Meio Ambiente e da Cultura do Brasil (Coopbrasil),Morango,3
53,Feira do Produtor de Taguatinga,Alface,4
95,CEASA-DF,Pepino,4
42,Feira do Produtor do Cruzeiro,Agrião,4
18,Feira do Produtor do Riacho Fundo II,Abacate,4
15,Supercei - Ceilândia,Mamão,3
22,Mercado Orgânico do CEASA,Tangerina,4
53,Supercei - Sobradinho,Cajamanga,4
88,"Cooperativa de Trabalho, Consultoria, Instrutoria e Serviços para o Desenvolvimento Agropecuário, Econômico e Social (Agrocoop)",Pitaia,2
37,Feira do Produtor do Riacho Fundo,Maracujá,3
38,Super Maia - Taguatinga,Atemóia,3
195,CEASA-DF,Abóbora,5
38,Carrefour - Águas Claras,Morango,3
139,Feira do Produtor do Lago Sul,Mandioca,3
197,Feira do Produtor de Samambaia,Tangerina,3
30,Feira do Produtor do Riacho Fundo,Beterraba,4
105,Sam's Club - Asa Norte,Lichia,3
10,Comper - Águas Claras,Uva,4
76,Supercei - Sobradinho,Repolho,4
112,Feira do Produtor de Brazlândia,Coco,4
17,Carrefour - Águas Claras,Chuchu,5
108,Comper - Sudoeste,Mandioca,5
35,Super Maia - Sobradinho,Cajamanga,3
195,Cooperativa Agropecuária e Industrial do Rio Preto (Coopari),Mandioca,4
29,Associação Agrícola do Distrito Federal e Ride (Agrifam),Lichia,4
20,Feira da Agricultura Familiar - Plano Piloto,Cajamanga,5
32,Supercei - Ceilândia,Chuchu,3
40,Associação Agrícola do Distrito Federal e Ride (Agrifam),Maracujá,3
66,Feira do Produtor da Estrutural,Chuchu,3
19,Feira do Produtor do Riacho Fundo II,Pitaia,4
32,Feira do Produtor de Planaltina,Abóbora,2
14,Associação de Agricultores Familiares da Eco Comunidade do Assentamento 15 de Agosto (Afeca),Cebola,3
39,CEASA-DF,Pepino,3
194,Feira do Produtor de Taguatinga,Berinjela,3
156,Associação dos Produtores da Agricultura Familiar (Aspaf),Maracujá,3
90,Supercei - Taguatinga,Goiaba,4
149,Associação dos Produtores Rurais de Alexandre Gusmão (Asspag),Pimentão,4
183,Feira do Produtor de Sobradinho,Coco,5
65,Feira do Produtor do Paranoá,Atemóia,4
18,Carrefour - Asa Norte,Beterraba,3
60,Supercei - Ceilândia,Mandioca,2
120,Cooperativa de Produção Agropecuária dos Assentados e Pequenos Produtores Rurais do Distrito Federal e Entorno (Coopercal),Brócolis,3
12,Mercado Orgânico do CEASA,Abóbora,3
30,Sam's Club - Asa Norte,Pitaia,4
64,Feira do Produtor do Varjão,Repolho,3
68,Cooperativa dos Produtores Rurais de Brazlândia (Coopabra),Brócolis,3
106,Feira do Produtor de Sobradinho,Agrião,4
180,Feira do Produtor de Sobradinho,Uva,3
160,CEASA-DF,Chuchu,4
76,Feira do Produtor do Lago Sul,Coco,5
60,Feira do Produtor de Ceilândia,Atemóia,3
68,Cooperativa de Produção Agropecuária dos Assentados e Pequenos Produtores Rurais do Distrito Federal e Entorno (Coopercal),Lichia,2
163,Associação de Agricultores Familiares da Eco Comunidade do Assentamento 15 de Agosto (Afeca),Cenoura,2
55,Cooperativa dos Produtores Rurais do PAD-DF (Coopadf),Batata,3
97,Feira do Produtor do Lago Norte,Cenoura,4
103,Feira do Produtor de São Sebastião,Limão,3
189,Pão de Açúcar - Asa Norte,Coco,2
173,Feira do Produtor do Lago Sul,Manga,3
191,Pão de Açúcar - Asa Sul,Coco,3
29,Comper - Águas Claras,Mamão,3
193,Feira do Produtor do Riacho Fundo,Pimentão,3
15,Comper - Sudoeste,Coco,3
150,Feira do Produtor de Taguatinga,Mandioca,2
10,Cooperativa de Produção Agropecuária dos Assentados e Pequenos Produtores Rurais do Distrito Federal e Entorno (Coopercal),Abóbora,4
151,Feira do Produtor do Recanto das Emas,Beterraba,3
41,Cooperativa de Produção Agropecuária dos Assentados e Pequenos Produtores Rurais do Distrito Federal e Entorno (Coopercal),Cebola,3
118,Super Maia - Sobradinho,Tomate,4
119,Feira do Produtor do Itapoã,Limão,3
86,Feira do Produtor do Núcleo Bandeirante,Pitaia,3
77,Associação dos Produtores de Hortigranjeiros do Distrito Federal (Asphor),Banana,4
24,Mercado Orgânico do CEASA,Batata,3
39,Comper - Sudoeste,Goiaba,3
4,Cooperativa dos Produtores Rurais do PAD-DF (Coopadf),Banana,3
179,Pão de Açúcar - Asa Sul,Morango,4
61,Feira do Produtor de Águas Claras,Mamão,2
31,Supercei - Ceilândia,Beterraba,3
144,Feira do Produtor do Riacho Fundo II,Quiabo,3
187,Walmart - Samambaia,Agrião,4
54,Feira do Produtor de Taguatinga,Coco,4
184,"Cooperativa de Trabalho, Consultoria, Instrutoria e Serviços para o Desenvolvimento Agropecuário, Econômico e Social (Agrocoop)",Graviola,4
48,Pão de Açúcar - Asa Norte,Mandioca,3
185,Carrefour - Asa Norte,Pepino,3
17,Pão de Açúcar - Asa Sul,Cebola,5
112,Feira do Produtor do Recanto das Emas,Coco,4
97,Cooperativa dos Produtores Rurais do PAD-DF (Coopadf),Goiaba,4
197,Feira do Produtor do Itapoã,Abacate,3
136,Feira do Produtor da Estrutural,Batata,3
100,Feira do Produtor do Recanto das Emas,Cenoura,4
172,Atacadão - Taguatinga,Batata,4
170,Comper - Sudoeste,Mamão,5
5,Cooperativa dos Produtores Rurais de Brazlândia (Coopabra),Mamão,4
132,Feira do Produtor de Planaltina,Coco,3
109,Cooperativa dos Produtores Rurais de Brazlândia (Coopabra),Agrião,2
74,Big Box - Águas Claras,Pitaia,2
137,Feira do Produtor do Lago Norte,Tangerina,5
169,Pão de Açúcar - Asa Norte,Morango,4
77,Carrefour - Águas Claras,Mandioca,4
77,Walmart - Samambaia,Abacate,4
121,Super Maia - Sobradinho,Chuchu,3
38,Associação de Agricultores Familiares da Eco Comunidade do Assentamento 15 de Agosto (Afeca),Cenoura,4
34,Cooperativa de Produção Agropecuária dos Assentados e Pequenos Produtores Rurais do Distrito Federal e Entorno (Coopercal),Pitaia,2
194,Supercei - Taguatinga,Morango,4
129,Assaí Atacadista - Ceilândia,Agrião,4
177,Atacadão - Ceilândia,Tomate,3
76,Carrefour - Águas Claras,Alface,4
98,Feira do Produtor de Ceilândia,Jiló,4
173,Associação dos Produtores de Hortigranjeiros do Distrito Federal (Asphor),Goiaba,3
93,Cooperativa Mista da Agricultura Familiar do Meio Ambiente e da Cultura do Brasil (Coopbrasil),Maracujá,3
65,Pão de Açúcar - Asa Norte,Berinjela,5
142,Feira do Produtor de Sobradinho,Batata,4
191,Supercei - Ceilândia,Manga,2
72,Feira do Produtor de Águas Claras,Mamão,3
186,Pão de Açúcar - Asa Norte,Morango,4
60,Feira do Produtor de Planaltina,Cajamanga,2
50,Cooperativa dos Produtores Rurais do PAD-DF (Coopadf),Alface,4
183,Sam's Club - Asa Norte,Cebola,4
98,Cooperativa de Produção Agropecuária dos Assentados e Pequenos Produtores Rurais do Distrito Federal e Entorno (Coopercal),Jiló,3
14,Feira do Produtor de Samambaia,Gengibre,3
10,Extra - Asa Sul,Tomate,4
70,Feira do Produtor do Gama,Quiabo,4
8,Carrefour - Asa Norte,Manga,3
36,Feira do Produtor do Jardim Botânico,Cenoura,3
158,Associação dos Produtores Rurais Novo Horizonte Betinho (Aspronte),Pimentão,4
5,Mercado Orgânico do CEASA,Limão,4
102,Pão de Açúcar - Asa Sul,Morango,3
111,Associação dos Produtores Rurais Novo Horizonte Betinho (Aspronte),Chuchu,4
124,Feira do Produtor do Sudoeste,Pitaia,5
158,Feira do Produtor do Sudoeste,Beterraba,3
125,Supercei - Sobradinho,Tomate,4
21,Feira do Produtor do Riacho Fundo,Couve,3
40,Feira do Produtor de Águas Claras,Pimentão,3
119,Feira do Produtor do Itapoã,Abacate,4
41,Feira do Produtor de Samambaia,Quiabo,3
21,Feira do Produtor do Lago Norte,Couve,4
181,Feira do Produtor do Recanto das Emas,Graviola,4
14,CEASA-DF,Cajamanga,3
64,Cooperativa Agrícola da Região de Planaltina (Cootaquara),Mamão,3
89,"Associação Mista dos Agricultores Familiares, Orgânicos e Produtores Rurais do DF e Entorno (Amista)",Agrião,3
90,Associação Agrícola do Distrito Federal e Ride (Agrifam),Chuchu,5
179,Carrefour - Asa Norte,Pepino,4
102,Associação dos Produtores Rurais de Alexandre Gusmão (Asspag),Abacate,2
79,Super Maia - Taguatinga,Manga,4
104,Feira do Produtor de Planaltina,Cebola,4
134,Feira do Produtor de Planaltina,Pepino,4
29,Feira do Produtor de Taguatinga,Morango,3
66,Cooperativa dos Produtores Rurais do PAD-DF (Coopadf),Lichia,3
75,"Cooperativa de Trabalho, Consultoria, Instrutoria e Serviços para o Desenvolvimento Agropecuário, Econômico e Social (Agrocoop)",Limão,4
88,Associação Agrícola do Distrito Federal e Ride (Agrifam),Agrião,3
157,Super Maia - Taguatinga,Cajamanga,5
43,Carrefour - Águas Claras,Abacate,5
188,Assaí Atacadista - Ceilândia,Banana,3
154,Feira do Produtor de Planaltina,Pimentão,3
48,Feira do Produtor do Guará,Agrião,2
36,Carrefour - Asa Norte,Cajamanga,3
171,Feira do Produtor do Recanto das Emas,Tangerina,3
198,Associação dos Produtores Rurais Novo Horizonte Betinho (Aspronte),Berinjela,3
22,Feira do Produtor do Itapoã,Tomate,5
166,Sam's Club - Asa Norte,Abóbora,3
155,Feira do Produtor do Park Way,Berinjela,3
36,Feira do Produtor de Vicente Pires,Alface,4
99,Feira do Produtor de Taguatinga,Cajamanga,3
135,Associação dos Produtores de Hortigranjeiros do Distrito Federal (Asphor),Cenoura,3
155,Feira do Produtor de Santa Maria,Coco,2
114,Feira do Produtor de Santa Maria,Atemóia,5
84,"Cooperativa de Trabalho, Consultoria, Instrutoria e Serviços para o Desenvolvimento Agropecuário, Econômico e Social (Agrocoop)",Morango,4
138,Atacadão - Ceilândia,Cenoura,5
13,Feira do Produtor do Park Way,Alface,3
26,Feira do Produtor de São Sebastião,Cajamanga,4
129,Feira do Produtor de Taguatinga,Cenoura,5
8,Super Maia - Sobradinho,Pimentão,2
123,Feira do Produtor do Núcleo Bandeirante,Beterraba,3
96,Supercei - Taguatinga,Repolho,3
184,Feira do Produtor da Estrutural,Chuchu,4
186,Comper - Sudoeste,Goiaba,5
170,Supercei - Sobradinho,Alface,5
196,Feira do Produtor de Brazlândia,Gengibre,3
191,Assaí Atacadista - Ceilândia,Coco,4
77,Walmart - Samambaia,Uva,3
3,Feira do Produtor do Lago Sul,Agrião,2
81,Associação de Agricultores Familiares da Eco Comunidade do Assentamento 15 de Agosto (Afeca),Cebola,4
37,Associação dos Trabalhadores Rurais da Agricultura Familiar do Assentamento Chapadinha (Astraf),Agrião,3
104,Feira da Agricultura Familiar - Plano Piloto,Tangerina,5
25,Feira do Produtor do Lago Norte,Pimentão,2
37,Feira do Produtor de Águas Claras,Graviola,3
121,Feira do Produtor do Lago Sul,Tangerina,3
61,Atacadão - Taguatinga,Limão,3
178,Associação Agrícola do Distrito Federal e Ride (Agrifam),Mamão,3
200,Cooperativa dos Produtores Rurais do PAD-DF (Coopadf),Jiló,3
178,Feira do Produtor do Núcleo Bandeirante,Cenoura,3
179,Feira do Produtor do Itapoã,Chuchu,4
62,Supercei - Ceilândia,Berinjela,3
61,Cooperativa Agropecuária e Industrial do Rio Preto (Coopari),Cenoura,2
64,Feira do Produtor do Varjão,Repolho,3
172,Feira da Agricultura Familiar - Plano Piloto,Atemóia,3
142,Feira do Produtor do Núcleo Bandeirante,Chuchu,4
23,Feira do Produtor do Recanto das Emas,Limão,4
157,Carrefour - Águas Claras,Quiabo,3
71,Supercei - Sobradinho,Chuchu,5
114,Sam's Club - Asa Norte,Pepino,4
12,CEASA-DF,Uva,3
134,Feira do Produtor de Samambaia,Gengibre,3
182,Feira do Produtor do Recanto das Emas,Chuchu,4
48,Feira do Produtor do Riacho Fundo II,Mamão,2
135,Supercei - Ceilândia,Tomate,3
16,Feira do Produtor do Riacho Fundo II,Cajamanga,4
81,Extra - Asa Sul,Chuchu,3
162,Pão de Açúcar - Asa Sul,Pepino,4
68,Cooperativa dos Produtores Rurais de Brazlândia (Coopabra),Graviola,3
193,Supercei - Sobradinho,Jiló,3
185,Supercei - Ceilândia,Alface,2
27,Associação dos Produtores de Hortigranjeiros do Distrito Federal (Asphor),Abacate,5
93,Feira do Produtor do Recanto das Emas,Cebola,5
139,Feira do Produtor de Vicente Pires,Couve,3
181,Feira do Produtor da Estrutural,Abacate,5
95,Feira do Produtor do Lago Sul,Quiabo,3
128,Feira do Produtor do Lago Norte,Abacate,5
186,Feira do Produtor do Recanto das Emas,Agrião,4
20,Feira do Produtor de Taguatinga,Coco,5
40,Feira do Produtor do Itapoã,Lichia,2
147,Feira do Produtor de Santa Maria,Pepino,4
3,Feira do Produtor do Recanto das Emas,Banana,3
190,Extra - Asa Sul,Gengibre,4
197,Walmart - Samambaia,Gengibre,3
152,Associação dos Produtores Rurais de Alexandre Gusmão (Asspag),Maracujá,5
72,Walmart - Samambaia,Abóbora,4
114,Cooperativa de Agricultura Familiar Mista do Distrito Federal (Coopermista),Abacate,4
160,Feira do Produtor de Samambaia,Cajamanga,3
58,Extra - Asa Norte,Jiló,4
131,Pão de Açúcar - Asa Norte,Atemóia,5
41,Feira do Produtor do Lago Norte,Repolho,3
119,Walmart - Samambaia,Pimentão,4
101,Feira do Produtor do Riacho Fundo,Pimentão,3
113,Mercado Orgânico do CEASA,Batata,3
17,Mercado Orgânico do CEASA,Abóbora,5
40,Atacadão - Ceilândia,Manga,4
109,Supercei - Taguatinga,Morango,3
150,CEASA-DF,Mandioca,4
49,Atacadão - Ceilândia,Agrião,3
146,Feira do Produtor de Brazlândia,Lichia,3
62,Feira do Produtor do Park Way,Maracujá,3
99,Pão de Açúcar - Asa Sul,Beterraba,2
168,Associação dos Produtores Rurais Orgânicos e Convencionais do Distrito Federal e Entorno (Asproc),Repolho,3
181,Carrefour - Águas Claras,Mandioca,3
6,Assaí Atacadista - Taguatinga,Lichia,5
116,Big Box - Águas Claras,Couve,5
28,Assaí Atacadista - Taguatinga,Manga,3
84,Cooperativa de Agricultura Familiar Mista do Distrito Federal (Coopermista),Pepino,3
57,Supercei - Sobradinho,Mandioca,4
164,Associação dos Produtores Rurais Novo Horizonte Betinho (Aspronte),Cajamanga,3
191,Pão de Açúcar - Asa Sul,Chuchu,3
12,Super Maia - Taguatinga,Chuchu,3
146,Feira do Produtor do Park Way,Atemóia,5
48,Feira do Produtor do Gama,Mandioca,3
147,Feira do Produtor do Riacho Fundo,Maracujá,5
61,Cooperativa Agropecuária e Industrial do Rio Preto (Coopari),Pitaia,2
22,Associação dos Produtores Rurais Novo Horizonte Betinho (Aspronte),Quiabo,4
91,Feira do Produtor de Santa Maria,Chuchu,4
132,Feira do Produtor de Planaltina,Repolho,4
163,Cooperativa Agropecuária e Industrial do Rio Preto (Coopari),Jiló,3
37,Cooperativa de Produção Agropecuária dos Assentados e Pequenos Produtores Rurais do Distrito Federal e Entorno (Coopercal),Cebola,3
83,Cooperativa de Agricultura Familiar Mista do Distrito Federal (Coopermista),Mamão,4
26,Pão de Açúcar - Asa Norte,Couve,4
155,Associação de Agricultores Familiares da Eco Comunidade do Assentamento 15 de Agosto (Afeca),Coco,4
48,Cooperativa de Produção Agropecuária dos Assentados e Pequenos Produtores Rurais do Distrito Federal e Entorno (Coopercal),Cenoura,3
91,Feira do Produtor de Ceilândia,Coco,3
68,Feira do Produtor de Planaltina,Pepino,3
43,Cooperativa de Agricultura Familiar Mista do Distrito Federal (Coopermista),Lichia,5
141,Cooperativa Agropecuária e Industrial do Rio Preto (Coopari),Pimentão,5
162,Comper - Sudoeste,Morango,2
14,Feira do Produtor do Paranoá,Pitaia,3
102,Associação dos Produtores da Agricultura Familiar (Aspaf),Pimentão,3
176,Feira do Produtor do Park Way,Atemóia,4
193,Feira do Produtor do Park Way,Lichia,5
175,Associação dos Produtores Rurais de Alexandre Gusmão (Asspag),Pepino,3
53,Supercei - Ceilândia,Mandioca,3
49,Feira do Produtor de Samambaia,Abacate,3
159,Feira do Produtor do Varjão,Repolho,5
114,Feira do Produtor de Brazlândia,Berinjela,3
123,CEASA-DF,Cajamanga,3
73,Sam's Club - Asa Norte,Chuchu,3
5,Supercei - Sobradinho,Goiaba,4
46,Supercei - Taguatinga,Atemóia,3
68,Feira do Produtor de Águas Claras,Brócolis,3
14,Feira do Produtor de Samambaia,Tangerina,2
21,Feira do Produtor do Lago Norte,Pimentão,3
55,"Cooperativa de Trabalho, Consultoria, Instrutoria e Serviços para o Desenvolvimento Agropecuário, Econômico e Social (Agrocoop)",Quiabo,3
31,Feira do Produtor de Santa Maria,Abóbora,4
20,Associação dos Produtores Rurais Orgânicos e Convencionais do Distrito Federal e Entorno (Asproc),Couve,4
139,Associação de Agricultores Familiares da Eco Comunidade do Assentamento 15 de Agosto (Afeca),Chuchu,2
172,Associação dos Trabalhadores Rurais da Agricultura Familiar do Assentamento Chapadinha (Astraf),Banana,2
20,Big Box - Águas Claras,Cajamanga,4
111,Feira do Produtor do Paranoá,Lichia,5
64,Comper - Águas Claras,Pitaia,3
13,Supercei - Taguatinga,Atemóia,1
89,Feira do Produtor de Ceilândia,Abóbora,3
115,Extra - Asa Norte,Tomate,2
178,Big Box - Águas Claras,Brócolis,3
42,Feira do Produtor de Águas Claras,Pimentão,4
112,Feira do Produtor do Paranoá,Abóbora,3
5,Feira do Produtor do Lago Sul,Graviola,4
198,Feira do Produtor do Núcleo Bandeirante,Brócolis,2
173,Extra - Asa Sul,Chuchu,3
140,CEASA-DF,Lichia,3
122,Assaí Atacadista - Taguatinga,Alface,4
130,Cooperativa de Agricultura Familiar Mista do Distrito Federal (Coopermista),Quiabo,3
39,Feira do Produtor do Jardim Botânico,Mandioca,4
195,Feira do Produtor do Sudoeste,Tangerina,3
125,Associação dos Produtores Rurais de Alexandre Gusmão (Asspag),Graviola,3
141,Cooperativa Agropecuária e Industrial do Rio Preto (Coopari),Maracujá,5
84,Associação Agrícola do Distrito Federal e Ride (Agrifam),Pitaia,3
41,CEASA-DF,Mandioca,3
80,Feira do Produtor de Sobradinho,Atemóia,5
149,Associação Agrícola do Distrito Federal e Ride (Agrifam),Berinjela,3
99,Pão de Açúcar - Asa Norte,Abacate,4
34,Atacadão - Taguatinga,Uva,2
182,Cooperativa dos Produtores Rurais de Brazlândia (Coopabra),Morango,2
90,Supercei - Sobradinho,Manga,4
143,Super Maia - Sobradinho,Lichia,3
10,Supercei - Ceilândia,Gengibre,3
149,Pão de Açúcar - Asa Sul,Gengibre,3
79,Feira do Produtor de Taguatinga,Alface,4
168,Feira do Produtor do Lago Norte,Abóbora,3
19,Cooperativa de Produção Agropecuária dos Assentados e Pequenos Produtores Rurais do Distrito Federal e Entorno (Coopercal),Cenoura,3
196,Pão de Açúcar - Asa Norte,Tomate,3
113,Cooperativa de Produção Agropecuária dos Assentados e Pequenos Produtores Rurais do Distrito Federal e Entorno (Coopercal),Manga,3
199,Feira do Produtor do Lago Sul,Goiaba,4
87,Feira do Produtor do Núcleo Bandeirante,Batata,3
194,Feira do Produtor do Varjão,Mandioca,4
106,Comper - Águas Claras,Goiaba,4
2,Feira do Produtor do Paranoá,Repolho,3
82,Feira do Produtor do Gama,Berinjela,4
34,Atacadão - Taguatinga,Uva,3
126,Feira do Produtor de Santa Maria,Mandioca,5
134,Feira do Produtor de Samambaia,Chuchu,4
127,Feira do Produtor de Planaltina,Coco,3
48,Comper - Águas Claras,Pimentão,3
118,Feira do Produtor do Núcleo Bandeirante,Abóbora,5
42,Feira do Produtor do Gama,Manga,5
196,Extra - Asa Sul,Chuchu,2
162,Sam's Club - Asa Norte,Couve,3
85,Feira do Produtor do Sudoeste,Repolho,4
90,Feira do Produtor do Lago Sul,Mandioca,4
36,Feira do Produtor do Sudoeste,Repolho,3
27,Feira do Produtor de Samambaia,Couve,4
41,Extra - Asa Norte,Lichia,4
25,Feira do Produtor do Cruzeiro,Maracujá,2
139,Associação dos Produtores Rurais de Alexandre Gusmão (Asspag),Morango,3
56,Feira do Produtor do Park Way,Berinjela,5
34,Feira do Produtor de Sobradinho,Pepino,3
88,Feira do Produtor da Estrutural,Tomate,3
36,Feira do Produtor do Núcleo Bandeirante,Morango,2
15,Walmart - Samambaia,Pitaia,3
70,Sam's Club - Asa Norte,Mamão,4
172,Atacadão - Taguatinga,Uva,3
50,Associação dos Produtores da Agricultura Familiar (Aspaf),Tangerina,3
116,Feira do Produtor do Gama,Morango,4
199,"Associação Mista dos Agricultores Familiares, Orgânicos e Produtores Rurais do DF e Entorno (Amista)",Agrião,5
136,Associação de Agricultores Familiares da Eco Comunidade do Assentamento 15 de Agosto (Afeca),Batata,3
3,Feira do Produtor do Paranoá,Cebola,4
158,Feira do Produtor de São Sebastião,Goiaba,2
145,Associação dos Produtores Rurais Orgânicos e Convencionais do Distrito Federal e Entorno (Asproc),Tangerina,3
106,Cooperativa de Agricultura Familiar Mista do Distrito Federal (Coopermista),Lichia,4
51,Associação dos Produtores Rurais Orgânicos e Convencionais do Distrito Federal e Entorno (Asproc),Tomate,4
37,Carrefour - Águas Claras,Morango,4
29,Feira do Produtor do Cruzeiro,Lichia,4
54,Supercei - Sobradinho,Coco,3
35,Associação Agrícola do Distrito Federal e Ride (Agrifam),Pimentão,5
33,Feira do Produtor do Riacho Fundo,Limão,4
93,Feira do Produtor do Cruzeiro,Manga,4
199,"Cooperativa de Trabalho, Consultoria, Instrutoria e Serviços para o Desenvolvimento Agropecuário, Econômico e Social (Agrocoop)",Uva,4
39,Associação dos Produtores da Agricultura Familiar (Aspaf),Graviola,3
199,Supercei - Taguatinga,Graviola,4
123,Associação dos Produtores Rurais de Alexandre Gusmão (Asspag),Brócolis,3
157,Assaí Atacadista - Taguatinga,Alface,3
175,Feira do Produtor do Núcleo Bandeirante,Cajamanga,4
50,Atacadão - Ceilândia,Atemóia,3
144,Feira da Agricultura Familiar - Plano Piloto,Pepino,4
56,Feira do Produtor do Núcleo Bandeirante,Pimentão,4
42,Feira do Produtor do Varjão,Pepino,4
199,Comper - Águas Claras,Pepino,4
117,Feira do Produtor do Sudoeste,Tomate,4
81,Extra - Asa Norte,Pepino,4
175,Comper - Sudoeste,Cebola,4
61,Feira do Produtor do Itapoã,Batata,3
6,Assaí Atacadista - Ceilândia,Coco,5
91,Feira do Produtor do Sudoeste,Tangerina,3
75,Cooperativa Mista da Agricultura Familiar do Meio Ambiente e da Cultura do Brasil (Coopbrasil),Tomate,4
51,Cooperativa Mista da Agricultura Familiar do Meio Ambiente e da Cultura do Brasil (Coopbrasil),Pitaia,4
109,Associação dos Produtores da Agricultura Familiar (Aspaf),Coco,3
79,Super Maia - Taguatinga,Alface,5
64,Cooperativa de Produção Agropecuária dos Assentados e Pequenos Produtores Rurais do Distrito Federal e Entorno (Coopercal),Cenoura,3
151,Comper - Sudoeste,Coco,2
84,Associação de Agricultores Familiares da Eco Comunidade do Assentamento 15 de Agosto (Afeca),Lichia,5
184,Associação Agrícola do Distrito Federal e Ride (Agrifam),Alface,5
63,"Associação Mista dos Agricultores Familiares, Orgânicos e Produtores Rurais do DF e Entorno (Amista)",Manga,4
4,Feira do Produtor do Gama,Atemóia,3
19,Feira do Produtor do Riacho Fundo II,Jiló,3
87,Feira do Produtor do Núcleo Bandeirante,Atemóia,4
10,Feira do Produtor do Guará,Morango,4
138,Feira do Produtor de Samambaia,Brócolis,4
51,Super Maia - Taguatinga,Lichia,4
4,Feira do Produtor da Estrutural,Pitaia,3
57,Feira do Produtor do Guará,Pepino,3
106,Extra - Asa Norte,Lichia,5
27,Feira do Produtor de Sobradinho,Jiló,3
188,Atacadão - Taguatinga,Pepino,3
200,Atacadão - Taguatinga,Tangerina,3
99,"Cooperativa de Trabalho, Consultoria, Instrutoria e Serviços para o Desenvolvimento Agropecuário, Econômico e Social (Agrocoop)",Mandioca,3
200,Walmart - Samambaia,Cebola,2
108,Assaí Atacadista - Taguatinga,Goiaba,4
43,Atacadão - Ceilândia,Goiaba,5
167,Feira do Produtor de Santa Maria,Quiabo,3
121,Cooperativa dos Produtores Rurais do PAD-DF (Coopadf),Cebola,4
73,Feira do Produtor do Gama,Morango,4
58,Feira do Produtor do Núcleo Bandeirante,Batata,4
184,Big Box - Águas Claras,Tomate,4
55,Feira do Produtor do Cruzeiro,Manga,5
6,Feira do Produtor do Guará,Abóbora,4
135,Associação dos Trabalhadores Rurais da Agricultura Familiar do Assentamento Chapadinha (Astraf),Cenoura,4
32,Feira do Produtor do Paranoá,Chuchu,3
176,Atacadão - Taguatinga,Beterraba,3
80,Associação dos Produtores de Hortigranjeiros do Distrito Federal (Asphor),Batata,4
106,Feira do Produtor de Samambaia,Abacate,4
157,Feira do Produtor do Paranoá,Alface,2
114,Pão de Açúcar - Asa Sul,Chuchu,4
25,Associação dos Produtores da Agricultura Familiar (Aspaf),Berinjela,4
98,Pão de Açúcar - Asa Sul,Gengibre,4
133,Cooperativa de Produção Agropecuária dos Assentados e Pequenos Produtores Rurais do Distrito Federal e Entorno (Coopercal),Couve,3
196,Pão de Açúcar - Asa Norte,Uva,3
42,Associação Agrícola do Distrito Federal e Ride (Agrifam),Abacate,5
100,Associação dos Produtores da Agricultura Familiar (Aspaf),Beterraba,4
83,Comper - Sudoeste,Lichia,5
14,Feira do Produtor do Gama,Mandioca,2
181,Feira do Produtor da Estrutural,Cenoura,3
17,Feira do Produtor do Lago Norte,Atemóia,4
76,Feira do Produtor do Lago Sul,Graviola,5
102,Feira do Produtor de São Sebastião,Uva,3
169,Big Box - Águas Claras,Coco,4
105,Associação dos Produtores da Agricultura Familiar (Aspaf),Beterraba,3
15,Pão de Açúcar - Asa Norte,Mandioca,2
191,Feira do Produtor da Estrutural,Quiabo,2
175,Cooperativa Mista da Agricultura Familiar do Meio Ambiente e da Cultura do Brasil (Coopbrasil),Lichia,4
100,Walmart - Samambaia,Quiabo,4
173,Extra - Asa Sul,Brócolis,4
77,Supercei - Ceilândia,Mamão,4
149,Feira do Produtor do Itapoã,Maracujá,4
102,Assaí Atacadista - Taguatinga,Goiaba,3
188,Extra - Asa Norte,Chuchu,4
173,Extra - Asa Sul,Cenoura,3
16,Feira do Produtor da Candangolândia,Manga,3
102,Super Maia - Sobradinho,Jiló,3
89,Pão de Açúcar - Asa Norte,Uva,2
167,Feira do Produtor do Itapoã,Cajamanga,5
180,Associação Agrícola do Distrito Federal e Ride (Agrifam),Brócolis,5
199,"Cooperativa de Trabalho, Consultoria, Instrutoria e Serviços para o Desenvolvimento Agropecuário, Econômico e Social (Agrocoop)",Abacate,4
70,Feira do Produtor do Riacho Fundo II,Coco,5
97,Extra - Asa Sul,Pitaia,4
10,Feira do Produtor de Samambaia,Tangerina,4
127,Mercado Orgânico do CEASA,Repolho,3
136,CEASA-DF,Batata,3
8,Carrefour - Asa Norte,Abacate,3
170,Cooperativa Agropecuária e Industrial do Rio Preto (Coopari),Manga,4
135,Feira do Produtor de Samambaia,Gengibre,4
53,Feira do Produtor do Lago Norte,Gengibre,3
98,Feira do Produtor do Gama,Atemóia,5
79,Atacadão - Taguatinga,Limão,3
169,Associação dos Produtores Rurais Novo Horizonte Betinho (Aspronte),Cebola,4
180,Associação dos Produtores Rurais Orgânicos e Convencionais do Distrito Federal e Entorno (Asproc),Brócolis,3
160,Feira do Produtor do Lago Sul,Cenoura,5
160,Cooperativa de Produção Agropecuária dos Assentados e Pequenos Produtores Rurais do Distrito Federal e Entorno (Coopercal),Atemóia,5
24,Feira do Produtor do Jardim Botânico,Mamão,3
127,Feira do Produtor de Águas Claras,Pimentão,3
38,Atacadão - Ceilândia,Mandioca,4
121,Feira do Produtor de Sobradinho,Coco,4
82,Associação dos Produtores de Hortigranjeiros do Distrito Federal (Asphor),Banana,4
105,Feira do Produtor do Recanto das Emas,Limão,4
157,Feira do Produtor do Gama,Maracujá,3
185,Pão de Açúcar - Asa Sul,Mandioca,3
40,Feira do Produtor do Riacho Fundo II,Brócolis,4
112,Assaí Atacadista - Taguatinga,Mandioca,3
22,CEASA-DF,Pepino,5
52,Carrefour - Asa Norte,Beterraba,4
123,Mercado Orgânico do CEASA,Tangerina,3
42,Pão de Açúcar - Asa Sul,Cajamanga,4
141,Cooperativa Agropecuária e Industrial do Rio Preto (Coopari),Atemóia,3
43,Feira da Agricultura Familiar - Plano Piloto,Limão,4
173,Comper - Sudoeste,Maracujá,3
191,Feira do Produtor de Santa Maria,Pitaia,2
57,Cooperativa dos Produtores Rurais do PAD-DF (Coopadf),Atemóia,4
170,Cooperativa Agropecuária e Industrial do Rio Preto (Coopari),Chuchu,4
27,Feira do Produtor de Planaltina,Agrião,4
133,Feira do Produtor de Planaltina,Cebola,3
112,Super Maia - Sobradinho,Beterraba,4
40,Atacadão - Ceilândia,Limão,4
159,Associação Agrícola do Distrito Federal e Ride (Agrifam),Abacate,4
90,Comper - Sudoeste,Coco,4
136,Feira do Produtor do Recanto das Emas,Pimentão,2
134,Feira do Produtor de Vicente Pires,Tomate,4
106,Super Maia - Sobradinho,Maracujá,5
72,Cooperativa dos Produtores Rurais do PAD-DF (Coopadf),Beterraba,4
30,Feira do Produtor do Cruzeiro,Coco,3
59,Supercei - Taguatinga,Atemóia,3
158,CEASA-DF,Beterraba,3
80,CEASA-DF,Pepino,4
51,Pão de Açúcar - Asa Norte,Chuchu,5
62,Cooperativa Agropecuária e Industrial do Rio Preto (Coopari),Pitaia,3
166,Extra - Asa Norte,Gengibre,2
148,Associação dos Produtores Rurais de Alexandre Gusmão (Asspag),Morango,3
77,Feira do Produtor do Riacho Fundo II,Chuchu,3
32,Big Box - Águas Claras,Maracujá,4
82,Feira do Produtor do Gama,Cajamanga,3
156,CEASA-DF,Repolho,2
86,Feira do Produtor do Cruzeiro,Pepino,4
125,Cooperativa Agropecuária e Industrial do Rio Preto (Coopari),Limão,3
67,Feira do Produtor do Varjão,Gengibre,5
82,Cooperativa Mista da Agricultura Familiar do Meio Ambiente e da Cultura do Brasil (Coopbrasil),Mamão,3
196,Associação dos Produtores de Hortigranjeiros do Distrito Federal (Asphor),Banana,3
12,Mercado Orgânico do CEASA,Coco,4
37,Feira do Produtor do Lago Norte,Quiabo,4
84,Feira do Produtor do Itapoã,Cajamanga,4
125,Atacadão - Ceilândia,Cenoura,3
134,Super Maia - Sobradinho,Quiabo,4
184,Carrefour - Águas Claras,Berinjela,4
152,Feira do Produtor de Ceilândia,Manga,5
97,Feira do Produtor de Águas Claras,Chuchu,4
134,Associação de Agricultores Familiares da Eco Comunidade do Assentamento 15 de Agosto (Afeca),Cenoura,5
160,Cooperativa Agropecuária e Industrial do Rio Preto (Coopari),Coco,4
96,CEASA-DF,Berinjela,3
190,Feira do Produtor do Recanto das Emas,Coco,4
31,Assaí Atacadista - Taguatinga,Uva,3
143,Feira do Produtor do Cruzeiro,Mamão,3
2,Supercei - Taguatinga,Berinjela,2
183,Sam's Club - Asa Norte,Mamão,5
36,Walmart - Samambaia,Repolho,3
34,Feira do Produtor de Santa Maria,Chuchu,3
168,Feira do Produtor do Núcleo Bandeirante,Berinjela,3
180,Cooperativa dos Produtores Rurais do PAD-DF (Coopadf),Goiaba,4
157,Feira do Produtor do Varjão,Agrião,3
185,Pão de Açúcar - Asa Sul,Coco,3
31,Feira da Agricultura Familiar - Plano Piloto,Gengibre,4
128,Feira do Produtor de Santa Maria,Pimentão,4
105,Feira do Produtor de Águas Claras,Pepino,3
82,Cooperativa Mista da Agricultura Familiar do Meio Ambiente e da Cultura do Brasil (Coopbrasil),Abacate,2
157,Comper - Águas Claras,Pitaia,3
113,Atacadão - Taguatinga,Limão,4
29,Supercei - Ceilândia,Goiaba,3
24,Feira do Produtor do Jardim Botânico,Cenoura,3
97,Cooperativa dos Produtores Rurais do PAD-DF (Coopadf),Mamão,4
53,Big Box - Águas Claras,Coco,4
200,Feira do Produtor de Santa Maria,Graviola,2
178,Cooperativa dos Produtores Rurais de Brazlândia (Coopabra),Couve,3
197,Associação dos Produtores da Agricultura Familiar (Aspaf),Cenoura,3
91,Feira do Produtor de Ceilândia,Abóbora,3
78,Feira do Produtor de Sobradinho,Atemóia,5
101,Mercado Orgânico do CEASA,Morango,3
40,Feira do Produtor do Riacho Fundo II,Lichia,4
61,Feira do Produtor do Lago Norte,Couve,3
65,Big Box - Águas Claras,Uva,5
58,Associação dos Produtores Rurais Novo Horizonte Betinho (Aspronte),Maracujá,3
123,CEASA-DF,Pimentão,3
184,Associação dos Produtores Rurais Orgânicos e Convencionais do Distrito Federal e Entorno (Asproc),Manga,4
78,Extra - Asa Norte,Chuchu,4
190,Feira do Produtor de Santa Maria,Chuchu,4
81,Walmart - Samambaia,Quiabo,4
136,Feira do Produtor de Taguatinga,Pitaia,3
92,Assaí Atacadista - Taguatinga,Brócolis,3
179,Sam's Club - Asa Norte,Repolho,4
33,Cooperativa Agrícola da Região de Planaltina (Cootaquara),Atemóia,4
1,Big Box - Águas Claras,Batata,4
29,Cooperativa Agropecuária e Industrial do Rio Preto (Coopari),Goiaba,5
32,Feira do Produtor do Varjão,Atemóia,3
55,Feira do Produtor do Paranoá,Tangerina,3
122,Extra - Asa Norte,Tomate,4
26,Cooperativa Mista da Agricultura Familiar do Meio Ambiente e da Cultura do Brasil (Coopbrasil),Alface,5
96,Associação dos Produtores Rurais Orgânicos e Convencionais do Distrito Federal e Entorno (Asproc),Alface,3
63,Cooperativa de Produção Agropecuária dos Assentados e Pequenos Produtores Rurais do Distrito Federal e Entorno (Coopercal),Graviola,4
113,Extra - Asa Sul,Cenoura,4
178,Associação dos Produtores Rurais de Alexandre Gusmão (Asspag),Morango,2
16,Feira do Produtor do Cruzeiro,Tangerina,3
38,Cooperativa dos Produtores Rurais de Brazlândia (Coopabra),Alface,4
194,Feira do Produtor do Núcleo Bandeirante,Uva,4
44,Feira do Produtor de Águas Claras,Alface,3
199,Associação Agrícola do Distrito Federal e Ride (Agrifam),Atemóia,4
14,Feira do Produtor do Riacho Fundo,Beterraba,4
106,Assaí Atacadista - Ceilândia,Mamão,5
164,Comper - Sudoeste,Coco,3
159,Feira do Produtor de Sobradinho,Manga,4
28,Pão de Açúcar - Asa Sul,Manga,4
108,Feira do Produtor de Águas Claras,Abóbora,5
118,Cooperativa dos Produtores Rurais do PAD-DF (Coopadf),Agrião,5
128,Cooperativa Agropecuária e Industrial do Rio Preto (Coopari),Mamão,5
139,Feira do Produtor de Santa Maria,Mandioca,2
48,Associação de Agricultores Familiares da Eco Comunidade do Assentamento 15 de Agosto (Afeca),Lichia,3
109,"Associação Mista dos Agricultores Familiares, Orgânicos e Produtores Rurais do DF e Entorno (Amista)",Coco,3
73,Associação dos Produtores Rurais Orgânicos e Convencionais do Distrito Federal e Entorno (Asproc),Cenoura,3
111,Feira do Produtor do Riacho Fundo II,Beterraba,4
191,Assaí Atacadista - Ceilândia,Cebola,3
73,Walmart - Samambaia,Quiabo,2
76,Feira do Produtor do Riacho Fundo II,Cajamanga,5
136,CEASA-DF,Pepino,3
119,Super Maia - Taguatinga,Mandioca,3
185,Feira do Produtor da Estrutural,Chuchu,3
92,Feira do Produtor do Lago Sul,Uva,3
165,Feira do Produtor de Brazlândia,Berinjela,2
162,Feira do Produtor de Águas Claras,Uva,2
181,Associação dos Produtores Rurais Novo Horizonte Betinho (Aspronte),Cajamanga,4
93,Feira do Produtor do Paranoá,Repolho,4
97,Supercei - Sobradinho,Repolho,3
21,Feira do Produtor do Riacho Fundo,Coco,4
101,CEASA-DF,Coco,3
165,Feira do Produtor do Varjão,Uva,3
93,Cooperativa Mista da Agricultura Familiar do Meio Ambiente e da Cultura do Brasil (Coopbrasil),Tangerina,5
9,Feira do Produtor de São Sebastião,Beterraba,3
13,Feira do Produtor da Estrutural,Cajamanga,2
148,Super Maia - Taguatinga,Lichia,3
195,Feira do Produtor de Samambaia,Manga,3
109,Mercado Orgânico do CEASA,Cebola,3
46,Feira do Produtor do Riacho Fundo II,Beterraba,3
103,Mercado Orgânico do CEASA,Mamão,3
135,Big Box - Águas Claras,Tangerina,4
136,Associação dos Produtores Rurais Orgânicos e Convencionais do Distrito Federal e Entorno (Asproc),Cebola,2
197,Assaí Atacadista - Ceilândia,Mamão,3
51,"Associação Mista dos Agricultores Familiares, Orgânicos e Produtores Rurais do DF e Entorno (Amista)",Pimentão,5
143,Cooperativa de Produção Agropecuária dos Assentados e Pequenos Produtores Rurais do Distrito Federal e Entorno (Coopercal),Beterraba,3
22,Feira do Produtor do Riacho Fundo II,Pitaia,4
78,Feira do Produtor de Santa Maria,Coco,5
180,Feira do Produtor do Varjão,Pepino,3
180,Feira do Produtor do Jardim Botânico,Cenoura,3
135,Associação dos Produtores Rurais Novo Horizonte Betinho (Aspronte),Abacate,4
180,Feira do Produtor do Varjão,Limão,3
127,Feira do Produtor do Lago Norte,Repolho,3
82,Feira do Produtor de Samambaia,Quiabo,3
193,Feira do Produtor do Sudoeste,Repolho,4
155,Comper - Águas Claras,Pepino,3
26,"Associação Mista dos Agricultores Familiares, Orgânicos e Produtores Rurais do DF e Entorno (Amista)",Brócolis,4
60,Feira do Produtor de Sobradinho,Pitaia,3
53,Cooperativa Agropecuária e Industrial do Rio Preto (Coopari),Beterraba,3
109,Feira do Produtor do Paranoá,Graviola,3
50,Associação de Agricultores Familiares da Eco Comunidade do Assentamento 15 de Agosto (Afeca),Pitaia,3
74,CEASA-DF,Lichia,3
6,Cooperativa Agropecuária e Industrial do Rio Preto (Coopari),Cenoura,4
33,Cooperativa Agropecuária e Industrial do Rio Preto (Coopari),Pimentão,4
46,Cooperativa Agrícola da Região de Planaltina (Cootaquara),Abacate,4
185,Assaí Atacadista - Taguatinga,Abacate,2
167,Pão de Açúcar - Asa Sul,Pitaia,5
172,Extra - Asa Norte,Batata,3
66,Feira do Produtor do Varjão,Uva,2
113,Feira do Produtor do Riacho Fundo,Pitaia,4
140,Atacadão - Taguatinga,Cenoura,4
129,Feira do Produtor do Núcleo Bandeirante,Manga,4
25,Comper - Águas Claras,Pimentão,2
6,Carrefour - Águas Claras,Mandioca,4
106,Feira do Produtor do Guará,Lichia,4
36,Supercei - Ceilândia,Manga,2
85,Cooperativa de Produção Agropecuária dos Assentados e Pequenos Produtores Rurais do Distrito Federal e Entorno (Coopercal),Pitaia,3
23,"Cooperativa de Trabalho, Consultoria, Instrutoria e Serviços para o Desenvolvimento Agropecuário, Econômico e Social (Agrocoop)",Pitaia,3
18,Feira do Produtor do Riacho Fundo,Tangerina,4
197,Feira do Produtor da Candangolândia,Pimentão,2
25,Feira do Produtor do Guará,Atemóia,3
135,Atacadão - Taguatinga,Berinjela,4
175,Feira do Produtor de São Sebastião,Atemóia,4
187,Feira do Produtor de Planaltina,Pitaia,4
78,Associação dos Produtores Rurais de Alexandre Gusmão (Asspag),Abóbora,3
192,Super Maia - Sobradinho,Batata,4
121,Feira do Produtor de Sobradinho,Chuchu,4
68,Feira do Produtor do Park Way,Mamão,3
178,Associação dos Produtores Rurais de Alexandre Gusmão (Asspag),Pimentão,3
157,Assaí Atacadista - Taguatinga,Mandioca,2
184,Big Box - Águas Claras,Uva,3
150,Feira do Produtor de São Sebastião,Beterraba,3
88,Feira do Produtor do Riacho Fundo,Maracujá,2
152,Feira do Produtor do Jardim Botânico,Uva,4
17,Associação de Agricultores Familiares da Eco Comunidade do Assentamento 15 de Agosto (Afeca),Lichia,5
36,Comper - Águas Claras,Beterraba,2
6,Cooperativa Agropecuária e Industrial do Rio Preto (Coopari),Beterraba,4
10,Comper - Sudoeste,Jiló,3
28,Feira do Produtor do Riacho Fundo II,Pepino,3
34,Associação dos Produtores Rurais Orgânicos e Convencionais do Distrito Federal e Entorno (Asproc),Cebola,3
68,Comper - Águas Claras,Goiaba,2
117,Pão de Açúcar - Asa Norte,Quiabo,4
30,Feira do Produtor de Brazlândia,Tangerina,3
20,Feira do Produtor de Brazlândia,Morango,4
115,Associação dos Produtores Rurais Novo Horizonte Betinho (Aspronte),Jiló,3
19,Super Maia - Taguatinga,Mandioca,3
200,Associação dos Produtores de Hortigranjeiros do Distrito Federal (Asphor),Repolho,3
110,Associação dos Trabalhadores Rurais da Agricultura Familiar do Assentamento Chapadinha (Astraf),Atemóia,2
25,Cooperativa Agropecuária e Industrial do Rio Preto (Coopari),Limão,2
25,Supercei - Taguatinga,Graviola,3
121,Feira do Produtor da Candangolândia,Gengibre,3
24,Extra - Asa Sul,Couve,3
21,Atacadão - Taguatinga,Mamão,4
100,"Cooperativa de Trabalho, Consultoria, Instrutoria e Serviços para o Desenvolvimento Agropecuário, Econômico e Social (Agrocoop)",Alface,4
21,Feira do Produtor do Varjão,Cebola,4
39,Feira do Produtor do Gama,Maracujá,4
108,Feira do Produtor de São Sebastião,Cajamanga,4
110,Feira do Produtor do Guará,Pimentão,3
180,Feira do Produtor do Jardim Botânico,Limão,4
133,Feira do Produtor do Lago Norte,Pimentão,4
168,Cooperativa Agropecuária e Industrial do Rio Preto (Coopari),Brócolis,3
199,"Cooperativa de Trabalho, Consultoria, Instrutoria e Serviços para o Desenvolvimento Agropecuário, Econômico e Social (Agrocoop)",Goiaba,3
13,Feira do Produtor de Vicente Pires,Alface,2
170,Feira do Produtor do Sudoeste,Brócolis,4
90,Associação de Agricultores Familiares da Eco Comunidade do Assentamento 15 de Agosto (Afeca),Chuchu,4
50,CEASA-DF,Repolho,4
167,Feira do Produtor de Brazlândia,Tangerina,5
121,Feira do Produtor do Lago Sul,Banana,3
26,Feira do Produtor de Santa Maria,Mandioca,4
198,"Cooperativa de Trabalho, Consultoria, Instrutoria e Serviços para o Desenvolvimento Agropecuário, Econômico e Social (Agrocoop)",Limão,3
188,Super Maia - Taguatinga,Mandioca,3
144,Cooperativa dos Produtores Rurais de Brazlândia (Coopabra),Morango,4
20,CEASA-DF,Pepino,5
35,Mercado Orgânico do CEASA,Beterraba,5
196,Super Maia - Sobradinho,Batata,3
118,Carrefour - Asa Norte,Abacate,4
191,Supercei - Ceilândia,Mamão,4
171,Feira do Produtor do Recanto das Emas,Graviola,3
193,Pão de Açúcar - Asa Norte,Coco,4
139,Cooperativa Agropecuária e Industrial do Rio Preto (Coopari),Brócolis,3
178,Carrefour - Águas Claras,Chuchu,3
65,Feira do Produtor do Núcleo Bandeirante,Manga,5
75,Associação dos Produtores Rurais de Alexandre Gusmão (Asspag),Morango,3
99,Feira do Produtor de Taguatinga,Cebola,2
186,Associação Agrícola do Distrito Federal e Ride (Agrifam),Alface,4
9,Comper - Sudoeste,Coco,3
165,Feira do Produtor do Sudoeste,Coco,3
109,Feira do Produtor de Águas Claras,Coco,4
71,Feira do Produtor do Itapoã,Jiló,4
148,Feira do Produtor do Varjão,Morango,3
178,Feira do Produtor do Riacho Fundo,Beterraba,3
86,Associação de Agricultores Familiares da Eco Comunidade do Assentamento 15 de Agosto (Afeca),Batata,4
161,Feira do Produtor do Núcleo Bandeirante,Jiló,4
61,Cooperativa de Agricultura Familiar Mista do Distrito Federal (Coopermista),Coco,3
20,Super Maia - Sobradinho,Couve,4
134,Associação dos Produtores de Hortigranjeiros do Distrito Federal (Asphor),Goiaba,5
162,Cooperativa Mista da Agricultura Familiar do Meio Ambiente e da Cultura do Brasil (Coopbrasil),Quiabo,2
56,Feira do Produtor de Samambaia,Quiabo,3
102,Feira do Produtor do Park Way,Cenoura,3
136,Atacadão - Ceilândia,Atemóia,2
105,Cooperativa Agropecuária e Industrial do Rio Preto (Coopari),Brócolis,3
58,Sam's Club - Asa Norte,Cajamanga,3
173,Comper - Sudoeste,Abacate,3
72,Feira do Produtor do Riacho Fundo II,Brócolis,3
3,Cooperativa Agrícola da Região de Planaltina (Cootaquara),Abacate,4
113,Feira do Produtor do Guará,Limão,3
87,Cooperativa Agrícola da Região de Planaltina (Cootaquara),Atemóia,5
106,Feira do Produtor de Samambaia,Cajamanga,4
18,Sam's Club - Asa Norte,Pepino,3
124,Associação Agrícola do Distrito Federal e Ride (Agrifam),Pitaia,4
166,Mercado Orgânico do CEASA,Cenoura,3
82,Walmart - Samambaia,Gengibre,4
30,Feira do Produtor da Candangolândia,Berinjela,4
73,Walmart - Samambaia,Quiabo,3
196,Cooperativa Agropecuária e Industrial do Rio Preto (Coopari),Couve,3
180,Assaí Atacadista - Ceilândia,Maracujá,3
3,Feira do Produtor da Estrutural,Atemóia,4
97,"Associação Mista dos Agricultores Familiares, Orgânicos e Produtores Rurais do DF e Entorno (Amista)",Coco,4
23,"Associação Mista dos Agricultores Familiares, Orgânicos e Produtores Rurais do DF e Entorno (Amista)",Uva,4
137,Feira do Produtor do Lago Norte,Abóbora,4
195,Feira do Produtor do Itapoã,Banana,3
47,Feira do Produtor do Sudoeste,Mandioca,3
162,Feira do Produtor do Cruzeiro,Lichia,2
129,Feira do Produtor do Riacho Fundo,Jiló,3
151,Feira do Produtor de Samambaia,Quiabo,3
2,Assaí Atacadista - Ceilândia,Manga,3
188,Super Maia - Taguatinga,Tangerina,3
130,Feira da Agricultura Familiar - Plano Piloto,Cajamanga,3
47,Pão de Açúcar - Asa Norte,Berinjela,2
100,Feira do Produtor do Recanto das Emas,Banana,5
40,Associação dos Produtores de Hortigranjeiros do Distrito Federal (Asphor),Repolho,3
18,Feira do Produtor do Núcleo Bandeirante,Pimentão,4
30,Assaí Atacadista - Taguatinga,Beterraba,4
137,Feira do Produtor do Park Way,Limão,5
168,Feira do Produtor do Gama,Goiaba,4
174,Extra - Asa Norte,Lichia,3
65,CEASA-DF,Repolho,5
164,Cooperativa Mista da Agricultura Familiar do Meio Ambiente e da Cultura do Brasil (Coopbrasil),Agrião,4
116,Associação dos Produtores Rurais Orgânicos e Convencionais do Distrito Federal e Entorno (Asproc),Banana,3
60,Feira do Produtor do Riacho Fundo II,Mamão,3
18,Cooperativa Agrícola da Região de Planaltina (Cootaquara),Maracujá,4
19,Assaí Atacadista - Taguatinga,Agrião,3
200,"Associação Mista dos Agricultores Familiares, Orgânicos e Produtores Rurais do DF e Entorno (Amista)",Couve,3
105,Feira do Produtor do Recanto das Emas,Cenoura,3
12,Feira do Produtor do Cruzeiro,Pitaia,4
52,Supercei - Sobradinho,Batata,3
166,Mercado Orgânico do CEASA,Limão,4
55,Feira do Produtor de Brazlândia,Pimentão,4
126,Feira do Produtor do Lago Norte,Gengibre,4
17,Feira do Produtor do Cruzeiro,Cajamanga,4
5,Pão de Açúcar - Asa Norte,Maracujá,4
56,Associação dos Produtores da Agricultura Familiar (Aspaf),Alface,5
166,Supercei - Taguatinga,Maracujá,3
1,Associação de Agricultores Familiares da Eco Comunidade do Assentamento 15 de Agosto (Afeca),Batata,2
114,Cooperativa dos Produtores Rurais do PAD-DF (Coopadf),Manga,4
90,Feira do Produtor do Park Way,Pepino,4
90,Super Maia - Sobradinho,Pimentão,4
135,Feira do Produtor de Taguatinga,Jiló,3
18,Comper - Sudoeste,Mandioca,3
183,Feira do Produtor de Santa Maria,Abóbora,4
57,Supercei - Ceilândia,Graviola,3
33,Feira do Produtor da Estrutural,Gengibre,4
4,Feira do Produtor de Taguatinga,Brócolis,4
29,Associação dos Produtores Rurais Novo Horizonte Betinho (Aspronte),Cebola,4
128,Feira do Produtor do Guará,Mandioca,4
2,Feira do Produtor do Recanto das Emas,Berinjela,3
71,Extra - Asa Sul,Cebola,4
160,CEASA-DF,Repolho,4
173,Assaí Atacadista - Taguatinga,Manga,4
114,Feira do Produtor de Águas Claras,Manga,4
28,Associação Agrícola do Distrito Federal e Ride (Agrifam),Agrião,3
133,Feira do Produtor do Lago Sul,Quiabo,3
70,Feira do Produtor do Varjão,Lichia,5
197,Feira do Produtor do Itapoã,Quiabo,1
58,Feira do Produtor do Núcleo Bandeirante,Maracujá,3
98,Feira do Produtor de Ceilândia,Lichia,4
84,Associação Agrícola do Distrito Federal e Ride (Agrifam),Cenoura,3
159,Feira do Produtor do Riacho Fundo II,Coco,4
58,Feira do Produtor do Paranoá,Brócolis,4
43,Carrefour - Águas Claras,Berinjela,4
95,Associação dos Produtores da Agricultura Familiar (Aspaf),Abóbora,3
65,"Cooperativa de Trabalho, Consultoria, Instrutoria e Serviços para o Desenvolvimento Agropecuário, Econômico e Social (Agrocoop)",Mamão,5
32,Feira do Produtor do Riacho Fundo II,Berinjela,3
168,Feira do Produtor do Paranoá,Morango,4
155,Associação dos Produtores da Agricultura Familiar (Aspaf),Lichia,4
131,Feira do Produtor do Itapoã,Cebola,3
169,Comper - Sudoeste,Pitaia,3
97,Feira do Produtor de Brazlândia,Jiló,2
126,"Cooperativa de Trabalho, Consultoria, Instrutoria e Serviços para o Desenvolvimento Agropecuário, Econômico e Social (Agrocoop)",Mandioca,4
40,Comper - Sudoeste,Tangerina,3
131,Super Maia - Sobradinho,Abacate,4
31,Supercei - Ceilândia,Lichia,4
72,Atacadão - Taguatinga,Couve,3
51,Super Maia - Taguatinga,Uva,4
131,Carrefour - Águas Claras,Mamão,4
124,Feira do Produtor do Lago Sul,Agrião,4
135,Associação dos Produtores Rurais de Alexandre Gusmão (Asspag),Abacate,3
5,Assaí Atacadista - Taguatinga,Pimentão,3
100,Feira do Produtor de Ceilândia,Cajamanga,5
97,Associação dos Produtores Rurais de Alexandre Gusmão (Asspag),Brócolis,4
38,Atacadão - Ceilândia,Couve,3
61,Comper - Sudoeste,Abóbora,2
12,Feira do Produtor do Varjão,Manga,3
20,Sam's Club - Asa Norte,Cebola,3
53,Feira do Produtor de Brazlândia,Alface,4
61,Comper - Águas Claras,Uva,2
183,Supercei - Sobradinho,Manga,4
129,Cooperativa Mista da Agricultura Familiar do Meio Ambiente e da Cultura do Brasil (Coopbrasil),Quiabo,4
52,Assaí Atacadista - Ceilândia,Agrião,3
40,Cooperativa Agrícola da Região de Planaltina (Cootaquara),Beterraba,2
104,Feira do Produtor de Vicente Pires,Manga,3
105,Comper - Sudoeste,Batata,3
159,Extra - Asa Norte,Abóbora,5
128,"Cooperativa de Trabalho, Consultoria, Instrutoria e Serviços para o Desenvolvimento Agropecuário, Econômico e Social (Agrocoop)",Mandioca,3
126,Carrefour - Asa Norte,Beterraba,4
42,Pão de Açúcar - Asa Norte,Batata,5
173,Feira da Agricultura Familiar - Plano Piloto,Pimentão,4
34,Comper - Sudoeste,Cebola,2
200,Supercei - Taguatinga,Limão,4
88,Assaí Atacadista - Ceilândia,Mamão,2
37,Associação dos Trabalhadores Rurais da Agricultura Familiar do Assentamento Chapadinha (Astraf),Agrião,3
188,Mercado Orgânico do CEASA,Cajamanga,4
172,Supercei - Taguatinga,Atemóia,3
34,Sam's Club - Asa Norte,Quiabo,3
157,Feira do Produtor de Brazlândia,Graviola,3
190,Feira do Produtor de Taguatinga,Pimentão,4
114,Feira do Produtor do Cruzeiro,Gengibre,4
96,Feira do Produtor do Gama,Goiaba,3
175,Feira do Produtor do Cruzeiro,Limão,4
176,Sam's Club - Asa Norte,Lichia,4
117,Associação dos Produtores Rurais Novo Horizonte Betinho (Aspronte),Brócolis,4
30,Cooperativa de Agricultura Familiar Mista do Distrito Federal (Coopermista),Quiabo,4
26,Feira do Produtor do Riacho Fundo II,Gengibre,4
56,Feira do Produtor do Núcleo Bandeirante,Morango,3
36,Feira do Produtor de Brazlândia,Pimentão,3
149,Atacadão - Taguatinga,Cenoura,4
11,Super Maia - Taguatinga,Tangerina,3
54,Feira do Produtor da Candangolândia,Tangerina,3
126,Comper - Águas Claras,Gengibre,3
8,Feira do Produtor da Candangolândia,Tomate,3
26,Feira do Produtor do Guará,Pimentão,4
45,Associação dos Produtores Rurais Orgânicos e Convencionais do Distrito Federal e Entorno (Asproc),Goiaba,2
158,Feira do Produtor do Riacho Fundo II,Quiabo,3
126,Associação dos Produtores Rurais Orgânicos e Convencionais do Distrito Federal e Entorno (Asproc),Manga,3
198,Feira do Produtor do Itapoã,Goiaba,2
98,CEASA-DF,Alface,3
83,Cooperativa dos Produtores Rurais de Brazlândia (Coopabra),Gengibre,4
199,Associação dos Trabalhadores Rurais da Agricultura Familiar do Assentamento Chapadinha (Astraf),Pitaia,4
25,Associação dos Produtores Rurais Orgânicos e Convencionais do Distrito Federal e Entorno (Asproc),Mandioca,3
174,Feira do Produtor do Recanto das Emas,Uva,2
30,Feira do Produtor do Itapoã,Couve,4
48,Cooperativa Agropecuária e Industrial do Rio Preto (Coopari),Banana,3
86,Pão de Açúcar - Asa Norte,Batata,3
144,Feira do Produtor do Riacho Fundo II,Manga,4
33,Atacadão - Taguatinga,Brócolis,4
49,Cooperativa dos Produtores Rurais do PAD-DF (Coopadf),Graviola,3
172,Comper - Sudoeste,Coco,3
103,Supercei - Taguatinga,Maracujá,3
15,Pão de Açúcar - Asa Norte,Cajamanga,3
53,Associação de Agricultores Familiares da Eco Comunidade do Assentamento 15 de Agosto (Afeca),Cenoura,4
180,Feira do Produtor do Núcleo Bandeirante,Chuchu,3
43,Cooperativa Mista da Agricultura Familiar do Meio Ambiente e da Cultura do Brasil (Coopbrasil),Atemóia,5
45,Mercado Orgânico do CEASA,Quiabo,3
25,Atacadão - Taguatinga,Cenoura,3
132,Cooperativa Agropecuária e Industrial do Rio Preto (Coopari),Goiaba,3
190,Feira do Produtor da Estrutural,Agrião,4
46,Associação dos Produtores da Agricultura Familiar (Aspaf),Cebola,3
99,Supercei - Ceilândia,Banana,2
26,Associação dos Produtores de Hortigranjeiros do Distrito Federal (Asphor),Brócolis,5
15,Cooperativa de Produção Agropecuária dos Assentados e Pequenos Produtores Rurais do Distrito Federal e Entorno (Coopercal),Couve,3
160,Carrefour - Águas Claras,Limão,4
19,Supercei - Taguatinga,Alface,2
166,Carrefour - Águas Claras,Goiaba,4
187,Big Box - Águas Claras,Couve,4
68,Walmart - Samambaia,Tomate,2
184,Feira do Produtor do Paranoá,Tangerina,4
6,Feira do Produtor do Jardim Botânico,Pitaia,4
36,Feira do Produtor de Vicente Pires,Coco,3
59,Supercei - Taguatinga,Atemóia,4
112,Associação dos Produtores de Hortigranjeiros do Distrito Federal (Asphor),Beterraba,4
172,Atacadão - Ceilândia,Cebola,3
152,Feira do Produtor de Ceilândia,Manga,5
31,Supercei - Ceilândia,Gengibre,4
52,Feira do Produtor do Núcleo Bandeirante,Tangerina,3
196,Feira do Produtor do Recanto das Emas,Maracujá,3
53,Cooperativa Mista da Agricultura Familiar do Meio Ambiente e da Cultura do Brasil (Coopbrasil),Cajamanga,5
53,Atacadão - Ceilândia,Cebola,4
195,Feira do Produtor do Park Way,Pimentão,4
113,Feira do Produtor do Riacho Fundo II,Cajamanga,3
51,Big Box - Águas Claras,Cajamanga,4
192,Feira do Produtor de Samambaia,Maracujá,4
159,Feira do Produtor de Ceilândia,Pepino,5
25,Feira do Produtor de Planaltina,Batata,3
185,Feira do Produtor de Samambaia,Tangerina,2
66,CEASA-DF,Pimentão,3
196,Pão de Açúcar - Asa Norte,Quiabo,3
62,Super Maia - Taguatinga,Mandioca,3
156,Associação dos Produtores Rurais Novo Horizonte Betinho (Aspronte),Pepino,3
106,Associação dos Produtores Rurais Novo Horizonte Betinho (Aspronte),Lichia,5
51,Feira do Produtor do Jardim Botânico,Pepino,5
197,Supercei - Taguatinga,Atemóia,3
127,Feira do Produtor de Samambaia,Coco,4
27,Feira do Produtor do Recanto das Emas,Cebola,4
106,Feira do Produtor do Guará,Batata,4
58,Associação dos Trabalhadores Rurais da Agricultura Familiar do Assentamento Chapadinha (Astraf),Chuchu,4
150,Feira do Produtor do Riacho Fundo II,Tangerina,4
74,Extra - Asa Sul,Agrião,2
2,Mercado Orgânico do CEASA,Cebola,3
12,Comper - Sudoeste,Berinjela,3
7,Feira do Produtor de Vicente Pires,Cenoura,3
12,Comper - Sudoeste,Graviola,3
170,Feira do Produtor de Taguatinga,Beterraba,4
175,Associação dos Produtores Rurais de Alexandre Gusmão (Asspag),Agrião,4
75,Associação dos Produtores Rurais de Alexandre Gusmão (Asspag),Pepino,3
54,Feira do Produtor da Candangolândia,Uva,3
72,Feira do Produtor do Park Way,Mamão,3
54,Feira do Produtor do Riacho Fundo,Uva,4
140,Associação dos Produtores de Hortigranjeiros do Distrito Federal (Asphor),Agrião,4
158,Feira do Produtor de São Sebastião,Batata,3
53,Feira do Produtor de Sobradinho,Pepino,5
83,Atacadão - Ceilândia,Cenoura,3
141,Associação dos Produtores Rurais Novo Horizonte Betinho (Aspronte),Maracujá,5
109,Associação dos Produtores Rurais Orgânicos e Convencionais do Distrito Federal e Entorno (Asproc),Maracujá,3
98,Feira do Produtor de Samambaia,Coco,5
126,Associação dos Produtores de Hortigranjeiros do Distrito Federal (Asphor),Alface,4
76,Comper - Sudoeste,Beterraba,5
145,Supercei - Taguatinga,Chuchu,4
116,Atacadão - Ceilândia,Abóbora,5
70,Associação dos Produtores Rurais Orgânicos e Convencionais do Distrito Federal e Entorno (Asproc),Gengibre,4
125,Cooperativa dos Produtores Rurais do PAD-DF (Coopadf),Couve,3
68,Mercado Orgânico do CEASA,Tangerina,2
65,"Cooperativa de Trabalho, Consultoria, Instrutoria e Serviços para o Desenvolvimento Agropecuário, Econômico e Social (Agrocoop)",Lichia,5
37,Associação dos Produtores da Agricultura Familiar (Aspaf),Graviola,3
97,Sam's Club - Asa Norte,Quiabo,4
174,Feira do Produtor do Cruzeiro,Agrião,3
156,Extra - Asa Sul,Atemóia,3
58,Feira do Produtor de Brazlândia,Abóbora,5
51,Super Maia - Taguatinga,Maracujá,5
144,Cooperativa dos Produtores Rurais de Brazlândia (Coopabra),Pepino,3
24,Walmart - Samambaia,Limão,3
161,Pão de Açúcar - Asa Norte,Quiabo,4
28,Mercado Orgânico do CEASA,Tomate,3
14,Feira do Produtor do Paranoá,Mamão,3
88,Associação dos Produtores da Agricultura Familiar (Aspaf),Chuchu,2
137,Atacadão - Taguatinga,Pepino,4
73,Associação dos Produtores Rurais Novo Horizonte Betinho (Aspronte),Abóbora,3
198,Pão de Açúcar - Asa Norte,Abacate,3
142,Feira do Produtor de Brazlândia,Abóbora,4
119,Mercado Orgânico do CEASA,Batata,4
23,Feira do Produtor do Recanto das Emas,Beterraba,2
66,Feira do Produtor do Paranoá,Cajamanga,2
81,Carrefour - Asa Norte,Cebola,5
30,Walmart - Samambaia,Alface,5
64,"Cooperativa de Trabalho, Consultoria, Instrutoria e Serviços para o Desenvolvimento Agropecuário, Econômico e Social (Agrocoop)",Repolho,3
83,Comper - Sudoeste,Mandioca,4
119,Associação dos Trabalhadores Rurais da Agricultura Familiar do Assentamento Chapadinha (Astraf),Batata,3
109,Atacadão - Ceilândia,Brócolis,3
180,Feira do Produtor de Ceilândia,Abóbora,3
118,Associação dos Produtores Rurais Novo Horizonte Betinho (Aspronte),Abacate,4
130,Feira do Produtor de Santa Maria,Mandioca,3
123,Feira do Produtor do Park Way,Jiló,3
148,Cooperativa dos Produtores Rurais de Brazlândia (Coopabra),Pepino,2
183,Feira do Produtor do Park Way,Coco,4
5,Feira do Produtor do Cruzeiro,Pepino,2
110,Feira do Produtor do Riacho Fundo,Batata,3
169,Associação dos Produtores Rurais Novo Horizonte Betinho (Aspronte),Tomate,3
157,Feira do Produtor de Águas Claras,Uva,2
79,Feira do Produtor do Núcleo Bandeirante,Brócolis,4
55,Feira do Produtor do Núcleo Bandeirante,Mandioca,4
162,Supercei - Ceilândia,Lichia,3
77,Cooperativa Agropecuária e Industrial do Rio Preto (Coopari),Mamão,3
81,Walmart - Samambaia,Cebola,3
176,Feira da Agricultura Familiar - Plano Piloto,Atemóia,5
133,Feira do Produtor de São Sebastião,Manga,2
147,Feira do Produtor de Samambaia,Maracujá,5
28,Mercado Orgânico do CEASA,Tomate,3
21,Atacadão - Ceilândia,Goiaba,4
1,Cooperativa Mista da Agricultura Familiar do Meio Ambiente e da Cultura do Brasil (Coopbrasil),Uva,4
27,Feira do Produtor de Samambaia,Chuchu,4
175,Feira do Produtor de Brazlândia,Tangerina,5
54,Feira do Produtor de Santa Maria,Morango,4
110,"Associação Mista dos Agricultores Familiares, Orgânicos e Produtores Rurais do DF e Entorno (Amista)",Couve,3
37,Extra - Asa Sul,Graviola,4
176,Feira do Produtor do Riacho Fundo II,Gengibre,4
190,Feira do Produtor da Candangolândia,Berinjela,4
159,Big Box - Águas Claras,Pimentão,4
14,Feira do Produtor de Ceilândia,Cajamanga,4
106,Feira da Agricultura Familiar - Plano Piloto,Cenoura,5
106,Feira do Produtor de Samambaia,Cebola,4
62,Atacadão - Ceilândia,Tomate,3
79,Associação de Agricultores Familiares da Eco Comunidade do Assentamento 15 de Agosto (Afeca),Batata,5
33,Feira do Produtor do Itapoã,Pimentão,4
26,Feira do Produtor do Recanto das Emas,Uva,3
135,Assaí Atacadista - Ceilândia,Quiabo,4
88,Feira do Produtor do Itapoã,Abacate,2
10,Supercei - Ceilândia,Mamão,4
145,Feira do Produtor da Candangolândia,Pimentão,4
54,Feira do Produtor do Riacho Fundo,Gengibre,4
20,Feira do Produtor de Brazlândia,Lichia,5
95,Feira do Produtor do Lago Sul,Cajamanga,2
93,Big Box - Águas Claras,Tomate,4
102,Mercado Orgânico do CEASA,Batata,4
101,CEASA-DF,Lichia,3
61,Feira do Produtor do Riacho Fundo II,Berinjela,2
92,Big Box - Águas Claras,Pimentão,2
55,Cooperativa de Produção Agropecuária dos Assentados e Pequenos Produtores Rurais do Distrito Federal e Entorno (Coopercal),Uva,5
81,Feira do Produtor de São Sebastião,Pepino,3
182,Feira do Produtor do Varjão,Pitaia,3
53,Atacadão - Ceilândia,Cebola,4
170,Feira da Agricultura Familiar - Plano Piloto,Agrião,5
140,Feira do Produtor do Guará,Chuchu,3
72,Feira do Produtor de Águas Claras,Mandioca,4
54,Feira do Produtor de Águas Claras,Cajamanga,4
10,Feira do Produtor do Sudoeste,Manga,4
168,Feira da Agricultura Familiar - Plano Piloto,Tangerina,3
97,Cooperativa dos Produtores Rurais de Brazlândia (Coopabra),Chuchu,4
33,Feira do Produtor de Águas Claras,Coco,4
132,Big Box - Águas Claras,Chuchu,4
99,Associação dos Produtores Rurais Novo Horizonte Betinho (Aspronte),Manga,2
94,CEASA-DF,Mandioca,4
159,Carrefour - Águas Claras,Limão,4
180,Feira do Produtor do Núcleo Bandeirante,Limão,3
63,Mercado Orgânico do CEASA,Tangerina,4
75,Feira do Produtor de Sobradinho,Batata,4
5,Associação de Agricultores Familiares da Eco Comunidade do Assentamento 15 de Agosto (Afeca),Abacate,4
137,CEASA-DF,Chuchu,4
104,Supercei - Sobradinho,Abóbora,3
2,Associação dos Produtores Rurais Orgânicos e Convencionais do Distrito Federal e Entorno (Asproc),Graviola,4
169,Feira do Produtor do Itapoã,Abóbora,3
6,Pão de Açúcar - Asa Sul,Maracujá,5
110,Feira do Produtor de Águas Claras,Batata,3
164,Feira do Produtor de Vicente Pires,Banana,3
31,Feira do Produtor de Sobradinho,Gengibre,4
95,Cooperativa Agrícola da Região de Planaltina (Cootaquara),Maracujá,3
20,CEASA-DF,Coco,5
45,Associação dos Produtores Rurais Orgânicos e Convencionais do Distrito Federal e Entorno (Asproc),Jiló,3
119,Comper - Sudoeste,Banana,3
157,"Cooperativa de Trabalho, Consultoria, Instrutoria e Serviços para o Desenvolvimento Agropecuário, Econômico e Social (Agrocoop)",Manga,4
189,Associação dos Trabalhadores Rurais da Agricultura Familiar do Assentamento Chapadinha (Astraf),Batata,2
14,Feira do Produtor do Gama,Pitaia,2
136,Carrefour - Asa Norte,Pepino,2
91,Big Box - Águas Claras,Gengibre,4
74,Feira do Produtor do Jardim Botânico,Mandioca,2
66,Supercei - Sobradinho,Pimentão,3
175,Feira do Produtor do Riacho Fundo II,Lichia,3
134,Feira do Produtor de Vicente Pires,Abacate,4
193,Cooperativa dos Produtores Rurais de Brazlândia (Coopabra),Banana,5
193,Feira do Produtor de Santa Maria,Banana,4
198,"Cooperativa de Trabalho, Consultoria, Instrutoria e Serviços para o Desenvolvimento Agropecuário, Econômico e Social (Agrocoop)",Cenoura,3
31,Feira do Produtor do Varjão,Gengibre,2
4,Associação dos Produtores de Hortigranjeiros do Distrito Federal (Asphor),Tomate,4
133,Associação de Agricultores Familiares da Eco Comunidade do Assentamento 15 de Agosto (Afeca),Batata,3
66,Cooperativa de Agricultura Familiar Mista do Distrito Federal (Coopermista),Agrião,2
55,Comper - Águas Claras,Limão,5
102,Feira do Produtor do Lago Norte,Agrião,2
39,Supercei - Sobradinho,Mandioca,3
3,Cooperativa Agrícola da Região de Planaltina (Cootaquara),Repolho,3
143,Feira do Produtor do Park Way,Pimentão,3
143,Feira do Produtor de Planaltina,Cebola,1
195,Feira do Produtor de Brazlândia,Abacate,3
139,Feira do Produtor de Taguatinga,Abacate,2
166,Cooperativa Agropecuária e Industrial do Rio Preto (Coopari),Pepino,3
89,Comper - Sudoeste,Graviola,1
168,Associação dos Produtores de Hortigranjeiros do Distrito Federal (Asphor),Agrião,3
123,Feira do Produtor de Taguatinga,Chuchu,3
148,Atacadão - Taguatinga,Pitaia,2
25,Feira do Produtor do Cruzeiro,Tangerina,3
43,Feira do Produtor da Estrutural,Manga,5
194,Feira do Produtor do Núcleo Bandeirante,Quiabo,3
3,Feira do Produtor de Planaltina,Pimentão,2
1,Associação dos Produtores Rurais Novo Horizonte Betinho (Aspronte),Manga,4
12,Assaí Atacadista - Taguatinga,Limão,3
90,Feira do Produtor do Riacho Fundo II,Pimentão,5
1,Associação dos Produtores Rurais Novo Horizonte Betinho (Aspronte),Uva,4
126,"Cooperativa de Trabalho, Consultoria, Instrutoria e Serviços para o Desenvolvimento Agropecuário, Econômico e Social (Agrocoop)",Jiló,4
175,Cooperativa Mista da Agricultura Familiar do Meio Ambiente e da Cultura do Brasil (Coopbrasil),Tomate,4
179,Extra - Asa Sul,Jiló,4
6,Feira do Produtor do Park Way,Maracujá,5
12,Feira do Produtor da Estrutural,Cenoura,2
57,Feira do Produtor do Recanto das Emas,Beterraba,3
178,Cooperativa Agropecuária e Industrial do Rio Preto (Coopari),Pitaia,3
59,Feira do Produtor do Riacho Fundo II,Cajamanga,3
96,Comper - Águas Claras,Beterraba,2
117,Cooperativa dos Produtores Rurais de Brazlândia (Coopabra),Pitaia,4
105,Extra - Asa Sul,Jiló,3
102,Feira do Produtor do Guará,Coco,3
187,Feira do Produtor de Ceilândia,Banana,3
128,Extra - Asa Sul,Manga,5
169,Feira do Produtor da Estrutural,Gengibre,2
140,Feira do Produtor de Samambaia,Gengibre,3
170,Cooperativa de Agricultura Familiar Mista do Distrito Federal (Coopermista),Graviola,4
3,Walmart - Samambaia,Pitaia,2
80,Walmart - Samambaia,Cebola,5
73,Comper - Sudoeste,Lichia,5
121,Associação Agrícola do Distrito Federal e Ride (Agrifam),Goiaba,4
184,Walmart - Samambaia,Tomate,5
5,Mercado Orgânico do CEASA,Limão,4
146,Feira do Produtor do Núcleo Bandeirante,Graviola,3
135,Feira do Produtor de Samambaia,Maracujá,3
50,Associação Agrícola do Distrito Federal e Ride (Agrifam),Pimentão,3
72,Supercei - Sobradinho,Alface,4
86,Associação dos Produtores Rurais Novo Horizonte Betinho (Aspronte),Cenoura,2
54,"Associação Mista dos Agricultores Familiares, Orgânicos e Produtores Rurais do DF e Entorno (Amista)",Quiabo,3
62,Cooperativa Agrícola da Região de Planaltina (Cootaquara),Abacate,2
145,Associação dos Produtores Rurais Novo Horizonte Betinho (Aspronte),Agrião,4
124,Feira do Produtor do Sudoeste,Quiabo,4
99,"Associação Mista dos Agricultores Familiares, Orgânicos e Produtores Rurais do DF e Entorno (Amista)",Pimentão,2
138,Feira do Produtor do Riacho Fundo,Batata,4
5,Feira do Produtor de Sobradinho,Batata,2
51,Big Box - Águas Claras,Mandioca,4
92,Feira do Produtor do Guará,Coco,4
143,Feira do Produtor do Lago Sul,Banana,3
30,Feira do Produtor do Paranoá,Chuchu,5
151,Feira do Produtor de Sobradinho,Batata,4
151,Associação de Agricultores Familiares da Eco Comunidade do Assentamento 15 de Agosto (Afeca),Atemóia,3
143,Supercei - Taguatinga,Goiaba,2
78,Super Maia - Taguatinga,Tangerina,4
14,Feira do Produtor de Taguatinga,Cajamanga,3
78,Mercado Orgânico do CEASA,Morango,5
2,Assaí Atacadista - Taguatinga,Jiló,4
85,Feira do Produtor de São Sebastião,Abóbora,3
18,Feira do Produtor do Riacho Fundo,Coco,4
10,Feira do Produtor do Varjão,Morango,3
151,Feira do Produtor da Candangolândia,Jiló,3
184,Supercei - Sobradinho,Pitaia,4
83,Atacadão - Ceilândia,Pitaia,4
155,Assaí Atacadista - Taguatinga,Abóbora,3
157,Feira do Produtor do Gama,Quiabo,4
178,Big Box - Águas Claras,Abóbora,3
6,Feira do Produtor do Guará,Agrião,4
189,Supercei - Ceilândia,Manga,2
107,Associação dos Produtores Rurais de Alexandre Gusmão (Asspag),Maracujá,3
64,Cooperativa Agrícola da Região de Planaltina (Cootaquara),Abóbora,3
194,Cooperativa dos Produtores Rurais do PAD-DF (Coopadf),Beterraba,4
43,Feira do Produtor de Samambaia,Mamão,4
114,Associação dos Produtores Rurais de Alexandre Gusmão (Asspag),Graviola,5
88,Feira do Produtor de Águas Claras,Quiabo,4
108,Feira do Produtor de São Sebastião,Pepino,5
176,Mercado Orgânico do CEASA,Maracujá,4
40,Feira do Produtor do Guará,Mamão,3
176,Cooperativa de Produção Agropecuária dos Assentados e Pequenos Produtores Rurais do Distrito Federal e Entorno (Coopercal),Limão,5
93,Cooperativa de Agricultura Familiar Mista do Distrito Federal (Coopermista),Mandioca,4
149,Cooperativa de Produção Agropecuária dos Assentados e Pequenos Produtores Rurais do Distrito Federal e Entorno (Coopercal),Graviola,4
74,Associação dos Produtores Rurais Orgânicos e Convencionais do Distrito Federal e Entorno (Asproc),Couve,2
115,Feira do Produtor de Taguatinga,Banana,3
168,Supercei - Sobradinho,Limão,3
138,Extra - Asa Norte,Morango,4
137,Feira do Produtor do Lago Norte,Abóbora,3
196,Cooperativa Mista da Agricultura Familiar do Meio Ambiente e da Cultura do Brasil (Coopbrasil),Cajamanga,3
91,Feira do Produtor de Sobradinho,Chuchu,4
151,Feira do Produtor do Cruzeiro,Cajamanga,3
110,Feira do Produtor do Lago Norte,Alface,3
188,Feira do Produtor de São Sebastião,Pepino,3
125,Cooperativa dos Produtores Rurais do PAD-DF (Coopadf),Atemóia,3
9,Atacadão - Taguatinga,Pimentão,4
67,CEASA-DF,Uva,4
29,Associação dos Produtores Rurais Novo Horizonte Betinho (Aspronte),Repolho,3
73,Comper - Sudoeste,Lichia,3
146,Feira do Produtor de Brazlândia,Abóbora,4
27,Feira do Produtor do Varjão,Quiabo,4
109,Extra - Asa Sul,Brócolis,1
80,Feira do Produtor de Taguatinga,Beterraba,5
72,Cooperativa dos Produtores Rurais do PAD-DF (Coopadf),Maracujá,4
169,Walmart - Samambaia,Goiaba,4
146,Super Maia - Sobradinho,Jiló,3
198,"Cooperativa de Trabalho, Consultoria, Instrutoria e Serviços para o Desenvolvimento Agropecuário, Econômico e Social (Agrocoop)",Abacate,2
128,Feira do Produtor do Jardim Botânico,Repolho,4
186,Big Box - Águas Claras,Batata,4
123,Cooperativa de Agricultura Familiar Mista do Distrito Federal (Coopermista),Chuchu,3
47,Supercei - Ceilândia,Tomate,4
3,Feira do Produtor do Paranoá,Pitaia,4
140,"Associação Mista dos Agricultores Familiares, Orgânicos e Produtores Rurais do DF e Entorno (Amista)",Tomate,3
88,"Associação Mista dos Agricultores Familiares, Orgânicos e Produtores Rurais do DF e Entorno (Amista)",Abacate,2
109,Feira do Produtor do Paranoá,Maracujá,4
154,Feira do Produtor do Itapoã,Lichia,3
86,Feira do Produtor de Vicente Pires,Agrião,3
131,Super Maia - Sobradinho,Pitaia,3
119,Supercei - Sobradinho,Agrião,5
72,Comper - Sudoeste,Cebola,5
191,Assaí Atacadista - Ceilândia,Pepino,3
33,Feira do Produtor do Riacho Fundo II,Pitaia,5
148,Associação dos Produtores Rurais de Alexandre Gusmão (Asspag),Abóbora,2
169,"Associação Mista dos Agricultores Familiares, Orgânicos e Produtores Rurais do DF e Entorno (Amista)",Couve,3
132,Feira do Produtor de Águas Claras,Mamão,4
68,Cooperativa Agropecuária e Industrial do Rio Preto (Coopari),Maracujá,3
112,Cooperativa de Produção Agropecuária dos Assentados e Pequenos Produtores Rurais do Distrito Federal e Entorno (Coopercal),Graviola,4
52,Comper - Sudoeste,Lichia,3
122,Atacadão - Taguatinga,Berinjela,4
82,Associação Agrícola do Distrito Federal e Ride (Agrifam),Jiló,3
36,Assaí Atacadista - Taguatinga,Alface,3
12,Feira da Agricultura Familiar - Plano Piloto,Cajamanga,3
108,Associação dos Produtores Rurais Novo Horizonte Betinho (Aspronte),Beterraba,5
167,Associação dos Produtores de Hortigranjeiros do Distrito Federal (Asphor),Gengibre,3
63,Associação dos Produtores Rurais de Alexandre Gusmão (Asspag),Limão,3
62,Super Maia - Taguatinga,Banana,2
44,Assaí Atacadista - Taguatinga,Jiló,3
34,Supercei - Taguatinga,Abóbora,3
83,CEASA-DF,Chuchu,4
118,Associação dos Produtores da Agricultura Familiar (Aspaf),Manga,4
194,Feira do Produtor de Águas Claras,Banana,4
148,Feira do Produtor do Recanto das Emas,Chuchu,3
49,Super Maia - Sobradinho,Chuchu,4
46,CEASA-DF,Cajamanga,4
113,Feira do Produtor do Varjão,Coco,3
88,Mercado Orgânico do CEASA,Graviola,3
160,Carrefour - Águas Claras,Cebola,3
88,Associação dos Produtores da Agricultura Familiar (Aspaf),Batata,3
35,Extra - Asa Norte,Uva,4
11,Feira do Produtor do Paranoá,Maracujá,3
185,Supercei - Taguatinga,Atemóia,2
69,Feira do Produtor do Lago Norte,Repolho,3
133,Feira do Produtor de Sobradinho,Manga,3
105,Extra - Asa Norte,Abóbora,3
158,Feira do Produtor do Jardim Botânico,Coco,3
138,Associação dos Produtores de Hortigranjeiros do Distrito Federal (Asphor),Banana,3
7,Feira do Produtor de Vicente Pires,Berinjela,5
37,Cooperativa Agrícola da Região de Planaltina (Cootaquara),Gengibre,3
150,Feira do Produtor do Riacho Fundo II,Tomate,3
74,Supercei - Sobradinho,Agrião,2
43,Cooperativa Agropecuária e Industrial do Rio Preto (Coopari),Cenoura,4
128,Atacadão - Taguatinga,Beterraba,4
168,Cooperativa Agropecuária e Industrial do Rio Preto (Coopari),Cajamanga,4
121,Feira do Produtor do Recanto das Emas,Chuchu,3
95,Feira do Produtor do Lago Norte,Abóbora,3
64,Cooperativa Agrícola da Região de Planaltina (Cootaquara),Batata,2
137,Cooperativa dos Produtores Rurais do PAD-DF (Coopadf),Beterraba,3
131,Carrefour - Asa Norte,Agrião,3
7,Feira do Produtor do Recanto das Emas,Coco,4
135,"Cooperativa de Trabalho, Consultoria, Instrutoria e Serviços para o Desenvolvimento Agropecuário, Econômico e Social (Agrocoop)",Tomate,4
176,CEASA-DF,Alface,4
93,Feira do Produtor do Lago Sul,Quiabo,5
34,Cooperativa dos Produtores Rurais de Brazlândia (Coopabra),Banana,3
187,Feira do Produtor do Lago Norte,Gengibre,4
11,Feira do Produtor da Candangolândia,Tomate,4
6,Cooperativa Agropecuária e Industrial do Rio Preto (Coopari),Manga,5
125,Associação dos Produtores Rurais Orgânicos e Convencionais do Distrito Federal e Entorno (Asproc),Brócolis,3
88,Cooperativa Mista da Agricultura Familiar do Meio Ambiente e da Cultura do Brasil (Coopbrasil),Quiabo,1
143,Atacadão - Ceilândia,Morango,3
135,Cooperativa dos Produtores Rurais do PAD-DF (Coopadf),Cenoura,3
38,Feira do Produtor de Samambaia,Jiló,4
51,Cooperativa Mista da Agricultura Familiar do Meio Ambiente e da Cultura do Brasil (Coopbrasil),Uva,3
140,Cooperativa dos Produtores Rurais do PAD-DF (Coopadf),Quiabo,3
121,Big Box - Águas Claras,Tomate,3
120,Feira do Produtor da Candangolândia,Pepino,4
31,Big Box - Águas Claras,Pepino,4
30,Big Box - Águas Claras,Tomate,4
21,Comper - Águas Claras,Cajamanga,3
30,Walmart - Samambaia,Abacate,3
172,Feira do Produtor do Cruzeiro,Tangerina,3
167,Supercei - Taguatinga,Goiaba,5
39,Feira do Produtor do Guará,Cenoura,3
107,Associação dos Produtores Rurais de Alexandre Gusmão (Asspag),Pimentão,4
102,Assaí Atacadista - Taguatinga,Atemóia,2
68,Feira do Produtor de São Sebastião,Limão,4
174,Feira do Produtor de Sobradinho,Abacate,2
146,Feira do Produtor do Lago Norte,Pitaia,3
5,Feira do Produtor de Sobradinho,Uva,4
110,Atacadão - Ceilândia,Jiló,3
185,Feira do Produtor do Lago Norte,Cenoura,3
128,Feira do Produtor do Lago Norte,Pimentão,4
48,Comper - Águas Claras,Cajamanga,3
175,Comper - Sudoeste,Cajamanga,3
170,Feira do Produtor de Ceilândia,Brócolis,5
150,Comper - Águas Claras,Limão,4
30,Feira do Produtor de Brazlândia,Brócolis,5
135,Big Box - Águas Claras,Pitaia,3
39,Associação dos Trabalhadores Rurais da Agricultura Familiar do Assentamento Chapadinha (Astraf),Jiló,4
166,Feira do Produtor do Cruzeiro,Pitaia,5
159,Extra - Asa Norte,Coco,4
2,Atacadão - Taguatinga,Brócolis,2
6,Feira do Produtor da Candangolândia,Pimentão,4
23,Associação Agrícola do Distrito Federal e Ride (Agrifam),Alface,3
33,Cooperativa Agropecuária e Industrial do Rio Preto (Coopari),Cajamanga,4
20,Cooperativa Mista da Agricultura Familiar do Meio Ambiente e da Cultura do Brasil (Coopbrasil),Goiaba,4
118,Feira do Produtor do Gama,Maracujá,4
65,Super Maia - Sobradinho,Limão,5
186,Associação dos Produtores de Hortigranjeiros do Distrito Federal (Asphor),Graviola,5
128,Feira da Agricultura Familiar - Plano Piloto,Cebola,4
161,Walmart - Samambaia,Pimentão,4
96,Sam's Club - Asa Norte,Cebola,3
189,Assaí Atacadista - Ceilândia,Cebola,2
190,Feira do Produtor de Santa Maria,Atemóia,3
135,Comper - Sudoeste,Pepino,3
199,Associação dos Produtores da Agricultura Familiar (Aspaf),Tangerina,4
93,Feira do Produtor do Recanto das Emas,Agrião,5
182,Feira do Produtor do Riacho Fundo,Tangerina,2
58,Associação Agrícola do Distrito Federal e Ride (Agrifam),Chuchu,3
90,Cooperativa dos Produtores Rurais do PAD-DF (Coopadf),Cenoura,4
64,Feira do Produtor do Núcleo Bandeirante,Abóbora,3
193,Feira do Produtor da Estrutural,Batata,4
115,Feira do Produtor de Ceilândia,Atemóia,5
35,Feira do Produtor do Itapoã,Cajamanga,4
137,Carrefour - Águas Claras,Manga,4
26,Super Maia - Taguatinga,Cebola,4
196,Associação dos Produtores de Hortigranjeiros do Distrito Federal (Asphor),Brócolis,3
187,Assaí Atacadista - Ceilândia,Maracujá,4
5,Associação dos Produtores Rurais de Alexandre Gusmão (Asspag),Banana,3
122,Assaí Atacadista - Ceilândia,Banana,4
15,Supercei - Taguatinga,Chuchu,4
109,"Associação Mista dos Agricultores Familiares, Orgânicos e Produtores Rurais do DF e Entorno (Amista)",Couve,3
1,Feira do Produtor do Gama,Pitaia,2
12,Big Box - Águas Claras,Batata,3
22,Feira do Produtor de Santa Maria,Batata,5
188,Feira do Produtor de Taguatinga,Couve,2
172,Atacadão - Ceilândia,Manga,3
91,Feira do Produtor de Sobradinho,Chuchu,4
16,Mercado Orgânico do CEASA,Mandioca,3
71,Cooperativa de Produção Agropecuária dos Assentados e Pequenos Produtores Rurais do Distrito Federal e Entorno (Coopercal),Maracujá,4
100,Feira do Produtor do Lago Sul,Cenoura,3
11,Extra - Asa Sul,Mandioca,3
179,Feira do Produtor do Itapoã,Abacate,4
176,Feira do Produtor do Varjão,Mamão,4
196,Cooperativa Mista da Agricultura Familiar do Meio Ambiente e da Cultura do Brasil (Coopbrasil),Pimentão,3
189,Walmart - Samambaia,Pepino,3
114,Mercado Orgânico do CEASA,Limão,5
74,Feira do Produtor do Riacho Fundo,Limão,4
198,Big Box - Águas Claras,Coco,2
166,Carrefour - Águas Claras,Mamão,4
142,Big Box - Águas Claras,Cebola,4
149,Super Maia - Sobradinho,Pimentão,3
85,Pão de Açúcar - Asa Norte,Tangerina,3
5,Feira do Produtor do Varjão,Manga,2
42,Feira do Produtor do Varjão,Tangerina,5
76,Feira do Produtor de São Sebastião,Atemóia,5
11,Feira do Produtor do Lago Sul,Goiaba,3
15,Supercei - Ceilândia,Banana,2
2,Feira do Produtor do Lago Norte,Graviola,3
144,Feira da Agricultura Familiar - Plano Piloto,Batata,3
137,Atacadão - Taguatinga,Mamão,4
136,CEASA-DF,Chuchu,2
69,Feira do Produtor de São Sebastião,Uva,2
93,Feira do Produtor do Guará,Lichia,3
65,Assaí Atacadista - Ceilândia,Pitaia,4
163,Cooperativa dos Produtores Rurais do PAD-DF (Coopadf),Mamão,3
6,Feira do Produtor do Itapoã,Tomate,4
61,Associação dos Trabalhadores Rurais da Agricultura Familiar do Assentamento Chapadinha (Astraf),Berinjela,2
175,Pão de Açúcar - Asa Norte,Quiabo,5
93,Feira do Produtor do Guará,Pepino,4
78,Feira do Produtor de Sobradinho,Pitaia,5
76,Comper - Águas Claras,Repolho,5
190,Feira do Produtor do Gama,Repolho,4
183,Pão de Açúcar - Asa Norte,Berinjela,3
118,Associação dos Produtores da Agricultura Familiar (Aspaf),Cebola,3
126,Feira do Produtor do Núcleo Bandeirante,Maracujá,4
118,Feira do Produtor do Gama,Graviola,4
107,Feira do Produtor do Riacho Fundo II,Berinjela,4
64,Feira do Produtor da Candangolândia,Banana,4
12,Feira do Produtor de São Sebastião,Agrião,3
124,Mercado Orgânico do CEASA,Morango,5
197,Extra - Asa Sul,Jiló,2
79,Feira do Produtor do Itapoã,Batata,5
97,Pão de Açúcar - Asa Norte,Graviola,5
46,Associação dos Produtores da Agricultura Familiar (Aspaf),Cenoura,3
181,Extra - Asa Norte,Berinjela,3
199,Feira do Produtor do Lago Sul,Maracujá,3
40,Comper - Sudoeste,Pepino,3
67,Atacadão - Ceilândia,Tomate,4
56,Feira do Produtor de Samambaia,Maracujá,3
180,Feira do Produtor do Lago Norte,Pimentão,3
196,Feira do Produtor de Santa Maria,Pepino,3
90,Associação dos Produtores Rurais Orgânicos e Convencionais do Distrito Federal e Entorno (Asproc),Uva,4
64,Associação dos Produtores de Hortigranjeiros do Distrito Federal (Asphor),Cebola,2
187,Associação dos Produtores de Hortigranjeiros do Distrito Federal (Asphor),Agrião,4
26,Cooperativa Agrícola da Região de Planaltina (Cootaquara),Pepino,4
58,Carrefour - Águas Claras,Lichia,3
45,Super Maia - Sobradinho,Maracujá,1
104,Cooperativa de Agricultura Familiar Mista do Distrito Federal (Coopermista),Jiló,4
199,Feira do Produtor do Itapoã,Couve,5
119,Super Maia - Taguatinga,Abóbora,4
41,Feira do Produtor de Brazlândia,Chuchu,3
38,Comper - Sudoeste,Morango,3
101,Comper - Sudoeste,Banana,4
190,Feira do Produtor do Lago Norte,Pitaia,3
193,Cooperativa Mista da Agricultura Familiar do Meio Ambiente e da Cultura do Brasil (Coopbrasil),Repolho,4
157,Assaí Atacadista - Ceilândia,Uva,4
157,Supercei - Taguatinga,Alface,3
26,Cooperativa Mista da Agricultura Familiar do Meio Ambiente e da Cultura do Brasil (Coopbrasil),Abacate,4
196,Carrefour - Asa Norte,Pitaia,3
186,Feira do Produtor do Lago Sul,Goiaba,5
79,Feira do Produtor do Cruzeiro,Tangerina,5
195,Feira do Produtor da Candangolândia,Pitaia,3
149,Feira do Produtor de Taguatinga,Berinjela,4
131,Carrefour - Águas Claras,Abacate,4
161,Supercei - Sobradinho,Batata,4
143,Associação Agrícola do Distrito Federal e Ride (Agrifam),Cenoura,1
61,Feira do Produtor de Brazlândia,Maracujá,3
164,Feira do Produtor de Brazlândia,Chuchu,4
118,Carrefour - Asa Norte,Atemóia,4
159,Feira do Produtor do Recanto das Emas,Cajamanga,4
13,Feira do Produtor do Cruzeiro,Couve,2
52,Associação dos Trabalhadores Rurais da Agricultura Familiar do Assentamento Chapadinha (Astraf),Uva,3
12,Feira do Produtor do Sudoeste,Mandioca,3
57,Associação dos Trabalhadores Rurais da Agricultura Familiar do Assentamento Chapadinha (Astraf),Pimentão,3
132,Feira do Produtor de São Sebastião,Gengibre,4
21,Feira do Produtor do Lago Norte,Repolho,3
199,Feira do Produtor do Recanto das Emas,Mandioca,5
40,Associação dos Produtores Rurais Orgânicos e Convencionais do Distrito Federal e Entorno (Asproc),Beterraba,2
94,Big Box - Águas Claras,Uva,4
42,Super Maia - Taguatinga,Atemóia,4
106,Pão de Açúcar - Asa Norte,Brócolis,4
21,Feira do Produtor do Park Way,Coco,4
122,Comper - Sudoeste,Tangerina,3
90,Supercei - Sobradinho,Banana,4
63,Associação de Agricultores Familiares da Eco Comunidade do Assentamento 15 de Agosto (Afeca),Atemóia,4
190,Feira do Produtor do Lago Sul,Abóbora,3
78,Feira do Produtor do Lago Sul,Agrião,5
108,Feira do Produtor de Águas Claras,Chuchu,5
3,Feira do Produtor de Planaltina,Uva,3
51,Feira do Produtor de São Sebastião,Coco,4
8,Feira do Produtor de Vicente Pires,Goiaba,3
63,Assaí Atacadista - Ceilândia,Limão,4
20,Feira do Produtor de Taguatinga,Mamão,5
55,Pão de Açúcar - Asa Sul,Atemóia,5
186,Feira do Produtor do Lago Norte,Pitaia,4
69,Feira do Produtor de Santa Maria,Jiló,4
130,Feira do Produtor de Santa Maria,Atemóia,3
139,Feira do Produtor do Lago Sul,Alface,3
110,Feira do Produtor do Riacho Fundo II,Tangerina,2
13,Atacadão - Ceilândia,Tomate,2
26,Associação dos Produtores de Hortigranjeiros do Distrito Federal (Asphor),Morango,4
47,Feira do Produtor de Taguatinga,Cenoura,2
49,Pão de Açúcar - Asa Norte,Berinjela,5
168,Extra - Asa Sul,Agrião,3
196,Associação dos Produtores Rurais Novo Horizonte Betinho (Aspronte),Manga,3
63,Cooperativa Agropecuária e Industrial do Rio Preto (Coopari),Banana,4
52,Feira do Produtor do Park Way,Gengibre,4
70,Super Maia - Sobradinho,Alface,5
93,Pão de Açúcar - Asa Norte,Manga,4
137,Associação dos Produtores Rurais de Alexandre Gusmão (Asspag),Uva,5
6,Sam's Club - Asa Norte,Banana,4
116,Associação dos Produtores Rurais Orgânicos e Convencionais do Distrito Federal e Entorno (Asproc),Chuchu,5
128,Supercei - Taguatinga,Tangerina,5
139,Feira do Produtor do Lago Sul,Alface,2
179,Mercado Orgânico do CEASA,Cajamanga,4
37,Feira do Produtor do Lago Norte,Cenoura,3
143,Cooperativa Mista da Agricultura Familiar do Meio Ambiente e da Cultura do Brasil (Coopbrasil),Mamão,4
143,Big Box - Águas Claras,Maracujá,3
118,Cooperativa Agropecuária e Industrial do Rio Preto (Coopari),Chuchu,5
173,Comper - Sudoeste,Mamão,3
165,Feira do Produtor de Brazlândia,Pimentão,4
12,Feira do Produtor do Riacho Fundo,Pepino,2
44,Atacadão - Taguatinga,Gengibre,4
193,Cooperativa Mista da Agricultura Familiar do Meio Ambiente e da Cultura do Brasil (Coopbrasil),Cajamanga,4
160,Feira do Produtor do Itapoã,Banana,4
77,Cooperativa Agropecuária e Industrial do Rio Preto (Coopari),Chuchu,4
65,Feira do Produtor do Paranoá,Pitaia,4
115,Associação dos Produtores Rurais Novo Horizonte Betinho (Aspronte),Cebola,3
148,Associação dos Produtores Rurais Novo Horizonte Betinho (Aspronte),Jiló,2
161,Feira do Produtor do Riacho Fundo,Couve,5
73,Cooperativa Mista da Agricultura Familiar do Meio Ambiente e da Cultura do Brasil (Coopbrasil),Gengibre,3
165,Cooperativa dos Produtores Rurais de Brazlândia (Coopabra),Gengibre,4
102,Feira do Produtor de Vicente Pires,Agrião,3
64,Associação de Agricultores Familiares da Eco Comunidade do Assentamento 15 de Agosto (Afeca),Mandioca,4
106,Feira do Produtor do Gama,Cajamanga,4
67,Associação Agrícola do Distrito Federal e Ride (Agrifam),Maracujá,4
68,Super Maia - Taguatinga,Atemóia,3
106,Feira do Produtor do Guará,Graviola,4
165,Cooperativa de Agricultura Familiar Mista do Distrito Federal (Coopermista),Manga,3
81,Feira do Produtor de Santa Maria,Abóbora,4
5,Comper - Sudoeste,Lichia,3
79,Feira do Produtor de Ceilândia,Pitaia,5
98,CEASA-DF,Batata,4
97,Feira do Produtor do Lago Sul,Goiaba,4
163,Feira do Produtor de Vicente Pires,Chuchu,1
105,Extra - Asa Sul,Mandioca,4
157,Super Maia - Taguatinga,Uva,5
155,Mercado Orgânico do CEASA,Coco,5
170,Cooperativa dos Produtores Rurais do PAD-DF (Coopadf),Manga,4
157,Feira do Produtor do Gama,Agrião,3
35,CEASA-DF,Pimentão,4
34,Supercei - Taguatinga,Lichia,2
140,Cooperativa dos Produtores Rurais do PAD-DF (Coopadf),Gengibre,3
157,"Cooperativa de Trabalho, Consultoria, Instrutoria e Serviços para o Desenvolvimento Agropecuário, Econômico e Social (Agrocoop)",Mamão,4
57,Cooperativa dos Produtores Rurais do PAD-DF (Coopadf),Couve,3
190,Feira do Produtor da Candangolândia,Maracujá,2
164,Feira do Produtor de Vicente Pires,Batata,4
59,Carrefour - Águas Claras,Mandioca,5
189,Feira do Produtor de Sobradinho,Manga,1
174,Mercado Orgânico do CEASA,Graviola,3
12,Feira do Produtor de Samambaia,Cebola,3
2,Supercei - Taguatinga,Jiló,4
111,Feira do Produtor do Riacho Fundo II,Morango,4
185,Assaí Atacadista - Taguatinga,Repolho,3
72,CEASA-DF,Mandioca,4
42,Carrefour - Águas Claras,Berinjela,4
139,Feira do Produtor de Taguatinga,Gengibre,2
129,Feira do Produtor do Itapoã,Coco,5
125,Atacadão - Ceilândia,Tomate,3
196,Carrefour - Asa Norte,Abacate,3
159,Feira do Produtor de Taguatinga,Manga,5
136,Feira do Produtor do Riacho Fundo II,Maracujá,3
49,Assaí Atacadista - Taguatinga,Agrião,4
136,Big Box - Águas Claras,Cebola,2
10,Cooperativa de Produção Agropecuária dos Assentados e Pequenos Produtores Rurais do Distrito Federal e Entorno (Coopercal),Jiló,4
63,Pão de Açúcar - Asa Sul,Cenoura,3
8,Atacadão - Taguatinga,Berinjela,3
149,Feira do Produtor da Candangolândia,Tangerina,5
75,Feira do Produtor do Itapoã,Cebola,4
131,Atacadão - Ceilândia,Cebola,3
100,Comper - Sudoeste,Beterraba,3
56,Atacadão - Taguatinga,Beterraba,4
143,Associação Agrícola do Distrito Federal e Ride (Agrifam),Alface,2
21,Feira do Produtor de Brazlândia,Morango,4
149,Feira do Produtor de Taguatinga,Abóbora,4
55,Feira do Produtor do Recanto das Emas,Coco,5
142,Associação dos Produtores Rurais Novo Horizonte Betinho (Aspronte),Jiló,4
66,Associação dos Produtores Rurais Orgânicos e Convencionais do Distrito Federal e Entorno (Asproc),Berinjela,3
115,Feira do Produtor do Jardim Botânico,Tangerina,4
111,Carrefour - Asa Norte,Atemóia,4
64,Associação dos Produtores Rurais Novo Horizonte Betinho (Aspronte),Brócolis,3
142,Pão de Açúcar - Asa Sul,Lichia,5
114,Feira do Produtor de Planaltina,Maracujá,4
190,Feira do Produtor do Riacho Fundo,Coco,3
156,Feira do Produtor do Sudoeste,Repolho,3
105,Feira do Produtor da Candangolândia,Mamão,5
181,Feira do Produtor do Riacho Fundo II,Goiaba,4
177,Assaí Atacadista - Taguatinga,Beterraba,4
164,Feira do Produtor de Santa Maria,Quiabo,4
43,Associação dos Produtores de Hortigranjeiros do Distrito Federal (Asphor),Maracujá,5
177,Feira do Produtor do Lago Norte,Cebola,5
68,Feira do Produtor do Núcleo Bandeirante,Cenoura,3
191,Cooperativa dos Produtores Rurais do PAD-DF (Coopadf),Uva,3
35,Carrefour - Águas Claras,Mamão,3
113,Feira do Produtor do Varjão,Cenoura,4
27,Feira do Produtor do Riacho Fundo,Limão,5
128,Super Maia - Sobradinho,Pitaia,5
119,Feira do Produtor do Lago Sul,Agrião,3
49,Feira do Produtor do Itapoã,Tangerina,3
124,Cooperativa de Agricultura Familiar Mista do Distrito Federal (Coopermista),Couve,4
81,Feira do Produtor de Santa Maria,Manga,5
169,Feira do Produtor do Gama,Banana,4
196,Feira do Produtor de Taguatinga,Uva,3
84,Comper - Águas Claras,Banana,4
113,Feira do Produtor do Riacho Fundo,Gengibre,3
154,Atacadão - Ceilândia,Abacate,5
99,Feira do Produtor do Cruzeiro,Tomate,2
86,Feira do Produtor da Estrutural,Pitaia,3
85,"Cooperativa de Trabalho, Consultoria, Instrutoria e Serviços para o Desenvolvimento Agropecuário, Econômico e Social (Agrocoop)",Gengibre,3
196,Carrefour - Águas Claras,Quiabo,3
181,Extra - Asa Norte,Gengibre,4
82,Walmart - Samambaia,Alface,3
199,Feira do Produtor do Itapoã,Chuchu,4
95,Cooperativa Agrícola da Região de Planaltina (Cootaquara),Lichia,3
137,Feira do Produtor do Gama,Maracujá,5
150,"Associação Mista dos Agricultores Familiares, Orgânicos e Produtores Rurais do DF e Entorno (Amista)",Uva,4
50,Feira do Produtor de Taguatinga,Quiabo,3
112,Carrefour - Asa Norte,Abacate,4
3,Feira do Produtor de Ceilândia,Abóbora,3
47,Feira do Produtor do Jardim Botânico,Berinjela,3
102,Assaí Atacadista - Taguatinga,Uva,2
154,Atacadão - Ceilândia,Batata,3
118,Associação dos Produtores Rurais de Alexandre Gusmão (Asspag),Abacate,4
92,Associação dos Produtores da Agricultura Familiar (Aspaf),Pepino,3
142,Feira do Produtor do Guará,Coco,5
40,Feira do Produtor do Itapoã,Tangerina,4
81,Feira do Produtor de Taguatinga,Graviola,5
132,Associação de Agricultores Familiares da Eco Comunidade do Assentamento 15 de Agosto (Afeca),Cebola,4
95,Sam's Club - Asa Norte,Repolho,3
191,Feira do Produtor do Sudoeste,Pimentão,4
48,Feira do Produtor do Varjão,Batata,3
139,Extra - Asa Norte,Goiaba,3
89,Feira do Produtor de Brazlândia,Maracujá,3
74,Extra - Asa Sul,Mandioca,3
188,Feira do Produtor de Santa Maria,Batata,3
141,Feira do Produtor do Sudoeste,Alface,4
59,Supercei - Taguatinga,Banana,4
38,Comper - Sudoeste,Graviola,3
52,Pão de Açúcar - Asa Sul,Tomate,3
26,Associação dos Produtores Rurais Novo Horizonte Betinho (Aspronte),Cajamanga,4
181,Atacadão - Taguatinga,Mamão,3
68,Mercado Orgânico do CEASA,Quiabo,3
184,"Cooperativa de Trabalho, Consultoria, Instrutoria e Serviços para o Desenvolvimento Agropecuário, Econômico e Social (Agrocoop)",Uva,5
61,Extra - Asa Norte,Atemóia,2
95,Feira do Produtor do Lago Norte,Pitaia,3
130,Feira do Produtor do Park Way,Morango,2
172,Carrefour - Águas Claras,Jiló,3
18,Atacadão - Ceilândia,Limão,4
51,Feira do Produtor do Jardim Botânico,Mamão,4
180,Feira do Produtor de São Sebastião,Abóbora,4
41,Feira do Produtor do Riacho Fundo II,Abacate,3
90,Associação dos Produtores Rurais Orgânicos e Convencionais do Distrito Federal e Entorno (Asproc),Repolho,5
191,Walmart - Samambaia,Mandioca,3
2,Feira do Produtor da Estrutural,Quiabo,4
31,Assaí Atacadista - Taguatinga,Uva,3
137,Associação dos Produtores Rurais Novo Horizonte Betinho (Aspronte),Cebola,4
14,Atacadão - Ceilândia,Abacate,3
197,Sam's Club - Asa Norte,Maracujá,3
12,Extra - Asa Sul,Uva,4
131,Cooperativa dos Produtores Rurais de Brazlândia (Coopabra),Beterraba,3
69,Feira do Produtor do Lago Norte,Berinjela,3
7,Cooperativa Agropecuária e Industrial do Rio Preto (Coopari),Cebola,5
144,Feira do Produtor do Guará,Manga,3
31,Cooperativa Mista da Agricultura Familiar do Meio Ambiente e da Cultura do Brasil (Coopbrasil),Atemóia,4
180,Feira do Produtor da Estrutural,Atemóia,3
98,Associação dos Produtores Rurais Novo Horizonte Betinho (Aspronte),Pimentão,3
124,Feira do Produtor de São Sebastião,Limão,4
112,Associação dos Produtores Rurais Novo Horizonte Betinho (Aspronte),Repolho,3
153,Feira do Produtor do Riacho Fundo,Mandioca,4
57,Feira do Produtor do Cruzeiro,Brócolis,2
79,Mercado Orgânico do CEASA,Alface,5
160,Cooperativa dos Produtores Rurais de Brazlândia (Coopabra),Tangerina,4
63,Comper - Sudoeste,Tomate,2
200,Feira do Produtor do Varjão,Maracujá,3
135,Comper - Sudoeste,Banana,3
39,Extra - Asa Norte,Brócolis,5
95,Associação dos Produtores Rurais Orgânicos e Convencionais do Distrito Federal e Entorno (Asproc),Brócolis,3
155,Feira do Produtor de Planaltina,Couve,3
32,Feira do Produtor de Águas Claras,Tomate,3
67,CEASA-DF,Berinjela,3
125,Atacadão - Ceilândia,Berinjela,3
20,Associação dos Produtores Rurais de Alexandre Gusmão (Asspag),Chuchu,5
22,Feira do Produtor do Itapoã,Gengibre,5
136,Sam's Club - Asa Norte,Uva,3
114,Assaí Atacadista - Taguatinga,Abacate,4
123,Big Box - Águas Claras,Cenoura,4
190,Extra - Asa Sul,Batata,4
136,Feira do Produtor de Vicente Pires,Pepino,3
103,Cooperativa de Agricultura Familiar Mista do Distrito Federal (Coopermista),Couve,3
17,Associação de Agricultores Familiares da Eco Comunidade do Assentamento 15 de Agosto (Afeca),Abacate,3
59,Big Box - Águas Claras,Pepino,4
121,Feira do Produtor do Guará,Pimentão,3
10,Comper - Sudoeste,Cebola,5
81,Extra - Asa Sul,Tomate,4
168,Feira do Produtor do Paranoá,Brócolis,3
29,Feira da Agricultura Familiar - Plano Piloto,Graviola,3
192,Feira do Produtor do Núcleo Bandeirante,Chuchu,3
37,Feira do Produtor de Taguatinga,Mandioca,3
8,"Cooperativa de Trabalho, Consultoria, Instrutoria e Serviços para o Desenvolvimento Agropecuário, Econômico e Social (Agrocoop)",Manga,3
156,Extra - Asa Norte,Morango,2
114,Associação dos Produtores da Agricultura Familiar (Aspaf),Gengibre,4
5,Comper - Águas Claras,Banana,2
2,Atacadão - Taguatinga,Mamão,4
87,Feira do Produtor de Brazlândia,Graviola,3
26,Pão de Açúcar - Asa Norte,Maracujá,3
193,Feira do Produtor de Taguatinga,Cajamanga,5
15,Feira do Produtor do Guará,Chuchu,3
179,Supercei - Ceilândia,Graviola,3
138,Cooperativa Agrícola da Região de Planaltina (Cootaquara),Mamão,5
67,Mercado Orgânico do CEASA,Quiabo,4
90,Cooperativa Agrícola da Região de Planaltina (Cootaquara),Tangerina,4
91,Feira do Produtor do Park Way,Jiló,4
56,Atacadão - Taguatinga,Beterraba,5
143,Feira do Produtor do Lago Sul,Cenoura,3
74,Feira do Produtor do Varjão,Pepino,2
110,Associação Agrícola do Distrito Federal e Ride (Agrifam),Limão,3
43,Cooperativa de Agricultura Familiar Mista do Distrito Federal (Coopermista),Jiló,5
139,Cooperativa Agropecuária e Industrial do Rio Preto (Coopari),Limão,4
140,Feira do Produtor do Gama,Maracujá,3
63,Pão de Açúcar - Asa Sul,Abóbora,3
189,Assaí Atacadista - Ceilândia,Atemóia,3
176,Atacadão - Taguatinga,Tangerina,4
7,Feira do Produtor do Lago Sul,Uva,4
69,Feira do Produtor de São Sebastião,Mandioca,3
96,Associação dos Produtores Rurais Novo Horizonte Betinho (Aspronte),Banana,4
90,Assaí Atacadista - Taguatinga,Repolho,3
99,Mercado Orgânico do CEASA,Pimentão,4
101,Super Maia - Taguatinga,Banana,3
10,Associação dos Produtores Rurais Novo Horizonte Betinho (Aspronte),Chuchu,4
189,Feira do Produtor do Riacho Fundo,Beterraba,3
5,Feira do Produtor do Guará,Lichia,3
3,Associação dos Produtores de Hortigranjeiros do Distrito Federal (Asphor),Quiabo,4
142,Pão de Açúcar - Asa Sul,Cajamanga,4
129,Extra - Asa Norte,Atemóia,4
19,Feira do Produtor do Cruzeiro,Mamão,3
154,Super Maia - Taguatinga,Mandioca,3
200,Mercado Orgânico do CEASA,Atemóia,3
69,Pão de Açúcar - Asa Sul,Pitaia,3
18,Feira do Produtor do Riacho Fundo,Maracujá,3
67,Feira do Produtor do Riacho Fundo II,Lichia,5
107,Feira do Produtor do Guará,Pepino,5
105,Feira do Produtor do Núcleo Bandeirante,Graviola,3
20,Big Box - Águas Claras,Maracujá,5
33,Cooperativa dos Produtores Rurais do PAD-DF (Coopadf),Mandioca,3
143,Feira do Produtor do Varjão,Lichia,3
79,Pão de Açúcar - Asa Norte,Manga,5
29,Cooperativa Agropecuária e Industrial do Rio Preto (Coopari),Cebola,4
104,Cooperativa de Agricultura Familiar Mista do Distrito Federal (Coopermista),Limão,3
65,Feira do Produtor do Cruzeiro,Pepino,4
22,Feira do Produtor do Lago Sul,Tangerina,4
31,Feira do Produtor de Santa Maria,Chuchu,3
74,Feira do Produtor de Samambaia,Tangerina,3
182,Super Maia - Sobradinho,Abacate,3
135,Atacadão - Taguatinga,Brócolis,3
150,Cooperativa de Agricultura Familiar Mista do Distrito Federal (Coopermista),Lichia,5
48,Pão de Açúcar - Asa Sul,Pitaia,3
37,Comper - Sudoeste,Mamão,4
92,Feira do Produtor do Jardim Botânico,Agrião,3
124,Carrefour - Asa Norte,Manga,5
8,Cooperativa de Agricultura Familiar Mista do Distrito Federal (Coopermista),Batata,4
169,Associação dos Produtores Rurais Orgânicos e Convencionais do Distrito Federal e Entorno (Asproc),Couve,3
43,Cooperativa de Produção Agropecuária dos Assentados e Pequenos Produtores Rurais do Distrito Federal e Entorno (Coopercal),Cebola,5
71,Feira do Produtor da Estrutural,Quiabo,5
122,CEASA-DF,Cajamanga,3
188,Feira do Produtor da Candangolândia,Beterraba,1
95,Cooperativa Mista da Agricultura Familiar do Meio Ambiente e da Cultura do Brasil (Coopbrasil),Uva,3
15,Assaí Atacadista - Ceilândia,Jiló,3
144,Assaí Atacadista - Ceilândia,Mamão,4
185,Atacadão - Ceilândia,Manga,3
44,Associação dos Produtores de Hortigranjeiros do Distrito Federal (Asphor),Pitaia,3
109,Cooperativa de Produção Agropecuária dos Assentados e Pequenos Produtores Rurais do Distrito Federal e Entorno (Coopercal),Limão,3
73,Pão de Açúcar - Asa Norte,Couve,3
68,Atacadão - Ceilândia,Pimentão,3
17,Supercei - Ceilândia,Gengibre,4
136,Feira do Produtor de Ceilândia,Coco,4
101,Feira do Produtor do Riacho Fundo,Pitaia,3
169,Feira do Produtor de Águas Claras,Atemóia,4
79,Feira do Produtor da Candangolândia,Mamão,4
187,Feira do Produtor de Santa Maria,Quiabo,3
126,Comper - Águas Claras,Banana,3
30,Feira do Produtor de Sobradinho,Atemóia,4
186,Feira do Produtor do Lago Norte,Abacate,5
93,Feira do Produtor da Estrutural,Gengibre,4
155,"Cooperativa de Trabalho, Consultoria, Instrutoria e Serviços para o Desenvolvimento Agropecuário, Econômico e Social (Agrocoop)",Maracujá,4
36,Extra - Asa Norte,Atemóia,2
127,Feira do Produtor de São Sebastião,Abacate,3
3,Cooperativa de Agricultura Familiar Mista do Distrito Federal (Coopermista),Agrião,3
26,Feira do Produtor do Paranoá,Lichia,3
99,Walmart - Samambaia,Pepino,4
98,Feira do Produtor da Estrutural,Goiaba,4
66,Extra - Asa Sul,Batata,3
182,Cooperativa dos Produtores Rurais de Brazlândia (Coopabra),Batata,3
19,Super Maia - Taguatinga,Tangerina,4
2,Feira do Produtor do Guará,Abóbora,4
93,Big Box - Águas Claras,Couve,4
169,Associação dos Produtores Rurais Orgânicos e Convencionais do Distrito Federal e Entorno (Asproc),Abóbora,4
63,Cooperativa Agrícola da Região de Planaltina (Cootaquara),Pepino,4
133,Comper - Águas Claras,Banana,2
107,Supercei - Taguatinga,Abóbora,5
177,Feira do Produtor do Lago Sul,Abóbora,4
40,Feira do Produtor de Águas Claras,Chuchu,4
33,Feira do Produtor de Santa Maria,Banana,4
191,Feira do Produtor do Paranoá,Brócolis,4
135,Feira do Produtor do Riacho Fundo,Uva,3
141,Feira do Produtor de Águas Claras,Batata,5
61,Feira do Produtor do Itapoã,Uva,3
28,Cooperativa de Produção Agropecuária dos Assentados e Pequenos Produtores Rurais do Distrito Federal e Entorno (Coopercal),Lichia,2
27,Feira do Produtor de Planaltina,Cebola,4
64,Feira do Produtor do Guará,Coco,4
141,Super Maia - Taguatinga,Atemóia,3
175,"Associação Mista dos Agricultores Familiares, Orgânicos e Produtores Rurais do DF e Entorno (Amista)",Tomate,5
44,Cooperativa de Agricultura Familiar Mista do Distrito Federal (Coopermista),Couve,3
99,Associação dos Produtores Rurais Orgânicos e Convencionais do Distrito Federal e Entorno (Asproc),Chuchu,3
158,Comper - Sudoeste,Tomate,4
127,Feira do Produtor de São Sebastião,Limão,4
146,Carrefour - Águas Claras,Agrião,4
138,Carrefour - Asa Norte,Manga,4
169,Feira do Produtor do Riacho Fundo,Coco,3
6,Feira do Produtor da Estrutural,Cajamanga,4
147,Feira do Produtor do Gama,Manga,4
36,Feira do Produtor de Vicente Pires,Quiabo,3
3,Associação Agrícola do Distrito Federal e Ride (Agrifam),Chuchu,3
133,Cooperativa Mista da Agricultura Familiar do Meio Ambiente e da Cultura do Brasil (Coopbrasil),Gengibre,3
152,Mercado Orgânico do CEASA,Lichia,5
39,Super Maia - Sobradinho,Graviola,4
78,Comper - Águas Claras,Maracujá,5
124,Feira do Produtor do Lago Norte,Agrião,4
71,Cooperativa Agrícola da Região de Planaltina (Cootaquara),Banana,4
1,Feira do Produtor do Gama,Maracujá,3
26,Feira do Produtor do Riacho Fundo II,Abóbora,4
162,Feira do Produtor da Candangolândia,Berinjela,3
99,Supercei - Ceilândia,Alface,2
127,Supercei - Sobradinho,Pitaia,4
92,Associação dos Produtores Rurais de Alexandre Gusmão (Asspag),Abóbora,3
136,Carrefour - Asa Norte,Manga,4
136,Feira do Produtor de Taguatinga,Maracujá,4
73,Cooperativa Mista da Agricultura Familiar do Meio Ambiente e da Cultura do Brasil (Coopbrasil),Tangerina,3
135,Comper - Águas Claras,Lichia,5
168,Associação dos Produtores Rurais de Alexandre Gusmão (Asspag),Uva,4
78,Pão de Açúcar - Asa Sul,Chuchu,4
2,Associação dos Produtores da Agricultura Familiar (Aspaf),Pepino,3
158,Cooperativa dos Produtores Rurais do PAD-DF (Coopadf),Uva,3
31,Extra - Asa Sul,Brócolis,4
73,Feira do Produtor de Ceilândia,Brócolis,3
131,Supercei - Sobradinho,Mandioca,3
109,"Associação Mista dos Agricultores Familiares, Orgânicos e Produtores Rurais do DF e Entorno (Amista)",Morango,4
100,Feira do Produtor do Gama,Banana,4
175,Extra - Asa Sul,Brócolis,5
200,Comper - Sudoeste,Cebola,3
94,Extra - Asa Sul,Coco,4
16,Pão de Açúcar - Asa Sul,Morango,3
152,Walmart - Samambaia,Uva,4
42,Feira do Produtor de Santa Maria,Pitaia,4
107,Cooperativa dos Produtores Rurais do PAD-DF (Coopadf),Goiaba,4
28,Extra - Asa Sul,Goiaba,3
94,Carrefour - Asa Norte,Manga,4
60,Associação dos Produtores da Agricultura Familiar (Aspaf),Pepino,3
106,Extra - Asa Norte,Gengibre,4
58,Feira do Produtor de Brazlândia,Abacate,4
57,Sam's Club - Asa Norte,Mandioca,2
72,Supercei - Sobradinho,Mandioca,4
82,Feira do Produtor de Águas Claras,Quiabo,3
85,Assaí Atacadista - Taguatinga,Mamão,3
89,Cooperativa de Agricultura Familiar Mista do Distrito Federal (Coopermista),Banana,3
114,Feira do Produtor da Estrutural,Abacate,5
17,Feira do Produtor do Lago Norte,Agrião,5
77,Associação dos Produtores Rurais Orgânicos e Convencionais do Distrito Federal e Entorno (Asproc),Chuchu,3
90,Comper - Sudoeste,Pitaia,4
172,Feira do Produtor do Sudoeste,Graviola,3
88,Comper - Sudoeste,Alface,3
90,Feira do Produtor do Lago Sul,Cenoura,4
152,Feira do Produtor do Jardim Botânico,Coco,5
197,Assaí Atacadista - Ceilândia,Manga,4
196,Carrefour - Águas Claras,Abacate,2
199,Feira do Produtor de Vicente Pires,Uva,4
20,Feira da Agricultura Familiar - Plano Piloto,Banana,5
93,Associação dos Produtores Rurais de Alexandre Gusmão (Asspag),Coco,5
144,Feira do Produtor do Lago Norte,Abacate,4
151,Feira do Produtor do Paranoá,Manga,3
7,Feira do Produtor do Itapoã,Pimentão,5
6,Cooperativa Agropecuária e Industrial do Rio Preto (Coopari),Cenoura,4
16,Feira do Produtor do Park Way,Graviola,4
2,Cooperativa Agropecuária e Industrial do Rio Preto (Coopari),Quiabo,3
139,Feira do Produtor do Jardim Botânico,Tangerina,4
93,Supercei - Sobradinho,Batata,4
16,Feira do Produtor de Águas Claras,Mamão,3
98,Feira do Produtor do Recanto das Emas,Cajamanga,4
154,Feira do Produtor da Candangolândia,Cenoura,4
139,Assaí Atacadista - Ceilândia,Pitaia,3
86,Feira do Produtor de Vicente Pires,Uva,3
189,Feira do Produtor do Núcleo Bandeirante,Cebola,3
200,Super Maia - Taguatinga,Atemóia,4
26,Feira do Produtor do Guará,Chuchu,5
171,Supercei - Ceilândia,Coco,3
181,Atacadão - Ceilândia,Mandioca,4
200,Feira do Produtor de Vicente Pires,Jiló,3
182,Feira da Agricultura Familiar - Plano Piloto,Graviola,2
72,Cooperativa dos Produtores Rurais do PAD-DF (Coopadf),Jiló,4
141,Walmart - Samambaia,Graviola,4
14,Associação dos Trabalhadores Rurais da Agricultura Familiar do Assentamento Chapadinha (Astraf),Cenoura,3
119,Associação dos Produtores da Agricultura Familiar (Aspaf),Brócolis,4
178,Comper - Águas Claras,Beterraba,3
187,Feira do Produtor de Ceilândia,Coco,4
2,CEASA-DF,Uva,4
164,Feira do Produtor de Santa Maria,Batata,3
106,Feira do Produtor do Guará,Tangerina,4
96,CEASA-DF,Batata,3
99,Feira do Produtor do Varjão,Coco,3
116,Associação dos Produtores de Hortigranjeiros do Distrito Federal (Asphor),Alface,4
16,Feira do Produtor de Águas Claras,Chuchu,2
4,Comper - Águas Claras,Limão,3
91,Feira do Produtor do Riacho Fundo II,Manga,4
29,CEASA-DF,Batata,3
135,Feira do Produtor de Samambaia,Chuchu,3
113,Supercei - Taguatinga,Chuchu,3
172,Comper - Águas Claras,Chuchu,3
111,Super Maia - Taguatinga,Mandioca,4
114,Sam's Club - Asa Norte,Beterraba,5
91,Atacadão - Taguatinga,Gengibre,3
26,Walmart - Samambaia,Coco,4
126,Feira do Produtor do Riacho Fundo,Coco,4
77,Supercei - Ceilândia,Pimentão,3
151,Feira do Produtor do Sudoeste,Jiló,4
55,Supercei - Taguatinga,Berinjela,3
162,Feira do Produtor de Águas Claras,Atemóia,3
95,Cooperativa Mista da Agricultura Familiar do Meio Ambiente e da Cultura do Brasil (Coopbrasil),Alface,3
196,Feira do Produtor do Núcleo Bandeirante,Cenoura,3
165,Associação dos Produtores de Hortigranjeiros do Distrito Federal (Asphor),Jiló,3
49,Atacadão - Ceilândia,Tomate,4
7,CEASA-DF,Cajamanga,4
161,Feira do Produtor do Núcleo Bandeirante,Cenoura,4
20,Cooperativa Mista da Agricultura Familiar do Meio Ambiente e da Cultura do Brasil (Coopbrasil),Manga,4
112,Associação dos Produtores Rurais Novo Horizonte Betinho (Aspronte),Mamão,5
50,Cooperativa dos Produtores Rurais do PAD-DF (Coopadf),Brócolis,3
63,Assaí Atacadista - Ceilândia,Atemóia,4
188,Supercei - Ceilândia,Berinjela,3
194,Super Maia - Sobradinho,Graviola,4
190,"Cooperativa de Trabalho, Consultoria, Instrutoria e Serviços para o Desenvolvimento Agropecuário, Econômico e Social (Agrocoop)",Pimentão,4
18,Associação dos Produtores Rurais Novo Horizonte Betinho (Aspronte),Berinjela,3
81,Feira da Agricultura Familiar - Plano Piloto,Pepino,4
15,Assaí Atacadista - Ceilândia,Manga,3
148,Feira do Produtor de Samambaia,Quiabo,2
48,Feira do Produtor do Varjão,Beterraba,3
100,Feira do Produtor do Gama,Morango,5
61,Cooperativa dos Produtores Rurais do PAD-DF (Coopadf),Beterraba,3
32,Supercei - Taguatinga,Banana,4
63,Cooperativa de Agricultura Familiar Mista do Distrito Federal (Coopermista),Banana,4
94,Carrefour - Asa Norte,Uva,3
109,Cooperativa de Produção Agropecuária dos Assentados e Pequenos Produtores Rurais do Distrito Federal e Entorno (Coopercal),Manga,2
20,Super Maia - Sobradinho,Tomate,3
46,Feira do Produtor do Riacho Fundo II,Manga,3
34,Feira do Produtor de Brazlândia,Abóbora,3
9,Feira do Produtor de Brazlândia,Berinjela,3
56,Feira do Produtor de Vicente Pires,Atemóia,4
156,Super Maia - Taguatinga,Atemóia,2
196,Big Box - Águas Claras,Coco,3
74,Feira do Produtor do Riacho Fundo,Beterraba,3
60,Pão de Açúcar - Asa Norte,Pitaia,3
94,Comper - Sudoeste,Coco,4
163,Associação de Agricultores Familiares da Eco Comunidade do Assentamento 15 de Agosto (Afeca),Cebola,2
50,Associação dos Produtores de Hortigranjeiros do Distrito Federal (Asphor),Jiló,3
186,Sam's Club - Asa Norte,Cebola,5
65,Feira do Produtor do Paranoá,Morango,5
99,Feira do Produtor do Cruzeiro,Gengibre,3
63,Assaí Atacadista - Taguatinga,Goiaba,4
114,Feira do Produtor de São Sebastião,Pepino,4
146,Feira do Produtor da Estrutural,Jiló,4
62,CEASA-DF,Pitaia,3
43,Feira do Produtor do Gama,Gengibre,4
21,Feira do Produtor do Park Way,Cajamanga,5
3,Cooperativa Agropecuária e Industrial do Rio Preto (Coopari),Quiabo,3
37,Feira do Produtor do Núcleo Bandeirante,Berinjela,3
53,Feira do Produtor do Riacho Fundo II,Limão,4
5,Cooperativa dos Produtores Rurais de Brazlândia (Coopabra),Jiló,3
78,Feira do Produtor de Santa Maria,Pitaia,5
167,Supercei - Ceilândia,Cajamanga,4
121,CEASA-DF,Tomate,3
130,Super Maia - Taguatinga,Mandioca,2
116,Feira do Produtor do Itapoã,Lichia,4
135,Feira do Produtor de Taguatinga,Abóbora,4
20,Feira do Produtor de Planaltina,Maracujá,5
162,Supercei - Sobradinho,Chuchu,3
174,Supercei - Sobradinho,Uva,3
196,Feira do Produtor da Candangolândia,Mamão,3
15,Walmart - Samambaia,Pepino,2
52,Carrefour - Asa Norte,Pitaia,3
172,Feira do Produtor do Paranoá,Chuchu,3
53,Feira do Produtor do Núcleo Bandeirante,Pimentão,5
112,Super Maia - Sobradinho,Limão,4
198,Big Box - Águas Claras,Tomate,3
98,"Cooperativa de Trabalho, Consultoria, Instrutoria e Serviços para o Desenvolvimento Agropecuário, Econômico e Social (Agrocoop)",Lichia,5
39,Feira do Produtor do Guará,Coco,3
129,Feira do Produtor da Estrutural,Jiló,5
175,Extra - Asa Sul,Cenoura,4
159,Feira do Produtor de Sobradinho,Pitaia,4
112,Pão de Açúcar - Asa Sul,Uva,3
146,Feira do Produtor do Recanto das Emas,Chuchu,3
74,Cooperativa de Agricultura Familiar Mista do Distrito Federal (Coopermista),Graviola,3
35,Feira do Produtor do Riacho Fundo II,Pitaia,4
8,Cooperativa de Produção Agropecuária dos Assentados e Pequenos Produtores Rurais do Distrito Federal e Entorno (Coopercal),Cebola,3
15,Walmart - Samambaia,Pimentão,2
64,CEASA-DF,Uva,3
38,Feira do Produtor do Jardim Botânico,Gengibre,3
156,Feira do Produtor do Riacho Fundo II,Mandioca,3
92,Feira do Produtor de Sobradinho,Batata,3
184,Feira do Produtor de Taguatinga,Alface,5
185,Supercei - Ceilândia,Mamão,3
110,Feira do Produtor do Guará,Lichia,3
81,Associação de Agricultores Familiares da Eco Comunidade do Assentamento 15 de Agosto (Afeca),Mandioca,4
104,Feira do Produtor de Águas Claras,Mamão,3
187,Cooperativa de Agricultura Familiar Mista do Distrito Federal (Coopermista),Graviola,5
91,Big Box - Águas Claras,Maracujá,3
134,Cooperativa Agrícola da Região de Planaltina (Cootaquara),Gengibre,4
103,Super Maia - Taguatinga,Banana,3
43,Mercado Orgânico do CEASA,Pepino,3
85,Feira do Produtor da Estrutural,Tomate,4
47,Super Maia - Sobradinho,Abóbora,2
69,Associação dos Produtores de Hortigranjeiros do Distrito Federal (Asphor),Lichia,3
94,Big Box - Águas Claras,Cajamanga,4
148,Feira do Produtor do Paranoá,Cebola,2
60,Feira do Produtor de Santa Maria,Abóbora,3
102,Associação Agrícola do Distrito Federal e Ride (Agrifam),Alface,4
25,Feira do Produtor da Candangolândia,Mamão,2
61,Cooperativa Mista da Agricultura Familiar do Meio Ambiente e da Cultura do Brasil (Coopbrasil),Limão,2
44,Feira do Produtor de Águas Claras,Mamão,4
151,Feira do Produtor do Riacho Fundo II,Graviola,3
142,Feira do Produtor do Itapoã,Tangerina,4
136,CEASA-DF,Abóbora,3
113,Pão de Açúcar - Asa Norte,Pimentão,4
63,Cooperativa de Agricultura Familiar Mista do Distrito Federal (Coopermista),Quiabo,4
117,Comper - Águas Claras,Gengibre,4
175,Feira do Produtor de Taguatinga,Brócolis,4
100,Comper - Sudoeste,Tomate,5
12,Supercei - Taguatinga,Alface,3
12,Walmart - Samambaia,Gengibre,2
51,Associação dos Produtores Rurais Orgânicos e Convencionais do Distrito Federal e Entorno (Asproc),Chuchu,4
190,Feira do Produtor do Recanto das Emas,Cenoura,3
131,Supercei - Sobradinho,Manga,4
135,Associação dos Produtores Rurais Novo Horizonte Betinho (Aspronte),Goiaba,4
64,Feira do Produtor do Itapoã,Quiabo,2
10,Associação Agrícola do Distrito Federal e Ride (Agrifam),Maracujá,4
70,Sam's Club - Asa Norte,Couve,5
143,Cooperativa Mista da Agricultura Familiar do Meio Ambiente e da Cultura do Brasil (Coopbrasil),Abacate,4
119,Associação dos Trabalhadores Rurais da Agricultura Familiar do Assentamento Chapadinha (Astraf),Cajamanga,3
39,Feira do Produtor do Lago Norte,Pitaia,4
108,Feira do Produtor do Sudoeste,Brócolis,5
180,Feira do Produtor de Águas Claras,Maracujá,3
151,Feira do Produtor do Paranoá,Berinjela,3
89,Cooperativa de Produção Agropecuária dos Assentados e Pequenos Produtores Rurais do Distrito Federal e Entorno (Coopercal),Manga,4
185,Associação Agrícola do Distrito Federal e Ride (Agrifam),Cajamanga,3
94,Pão de Açúcar - Asa Norte,Alface,3
192,Walmart - Samambaia,Uva,4
155,Carrefour - Asa Norte,Chuchu,3
188,Feira do Produtor do Gama,Agrião,3
113,Cooperativa Agrícola da Região de Planaltina (Cootaquara),Pepino,3
52,Feira do Produtor do Núcleo Bandeirante,Graviola,2
84,Feira do Produtor do Sudoeste,Coco,3
125,Associação dos Produtores Rurais Orgânicos e Convencionais do Distrito Federal e Entorno (Asproc),Batata,3
126,Associação dos Produtores de Hortigranjeiros do Distrito Federal (Asphor),Graviola,4
136,Pão de Açúcar - Asa Norte,Abóbora,3
157,Feira do Produtor de Vicente Pires,Chuchu,2
14,Extra - Asa Norte,Lichia,2
96,Comper - Águas Claras,Maracujá,3
171,Feira do Produtor do Riacho Fundo II,Limão,3
62,Extra - Asa Norte,Batata,2
90,Super Maia - Sobradinho,Quiabo,4
98,Feira do Produtor de Ceilândia,Brócolis,4
81,Associação de Agricultores Familiares da Eco Comunidade do Assentamento 15 de Agosto (Afeca),Mandioca,4
187,Supercei - Taguatinga,Goiaba,4
133,Feira do Produtor de Samambaia,Cajamanga,3
78,Feira do Produtor de São Sebastião,Coco,5
123,Feira do Produtor do Itapoã,Manga,3
93,Feira do Produtor do Cruzeiro,Mamão,4
95,Associação dos Trabalhadores Rurais da Agricultura Familiar do Assentamento Chapadinha (Astraf),Uva,3
82,Feira do Produtor de Taguatinga,Uva,3
14,Feira da Agricultura Familiar - Plano Piloto,Goiaba,2
109,Feira do Produtor de Planaltina,Maracujá,3
127,Feira do Produtor do Lago Norte,Tangerina,3
6,Feira do Produtor de São Sebastião,Repolho,5
12,Feira do Produtor do Cruzeiro,Couve,3
107,Carrefour - Águas Claras,Mandioca,4
68,Walmart - Samambaia,Limão,3
54,Assaí Atacadista - Ceilândia,Alface,4
55,Supercei - Taguatinga,Cebola,5
129,Pão de Açúcar - Asa Sul,Couve,3
118,Feira do Produtor de Vicente Pires,Jiló,5
152,Feira do Produtor do Lago Norte,Alface,3
198,Feira do Produtor de Vicente Pires,Batata,3
187,Supercei - Taguatinga,Mandioca,3
101,"Cooperativa de Trabalho, Consultoria, Instrutoria e Serviços para o Desenvolvimento Agropecuário, Econômico e Social (Agrocoop)",Chuchu,4
123,Associação Agrícola do Distrito Federal e Ride (Agrifam),Mandioca,4
89,Cooperativa de Produção Agropecuária dos Assentados e Pequenos Produtores Rurais do Distrito Federal e Entorno (Coopercal),Jiló,3
136,Sam's Club - Asa Norte,Pimentão,3
73,Feira do Produtor de Ceilândia,Pimentão,4
108,Cooperativa Agropecuária e Industrial do Rio Preto (Coopari),Beterraba,5
17,Associação dos Produtores Rurais de Alexandre Gusmão (Asspag),Uva,5
113,Cooperativa Mista da Agricultura Familiar do Meio Ambiente e da Cultura do Brasil (Coopbrasil),Agrião,3
66,Cooperativa dos Produtores Rurais do PAD-DF (Coopadf),Pitaia,2
177,Atacadão - Taguatinga,Pepino,4
65,Super Maia - Sobradinho,Alface,4
15,Cooperativa Agropecuária e Industrial do Rio Preto (Coopari),Mandioca,3
103,Feira do Produtor de Samambaia,Abacate,4
113,Feira do Produtor do Varjão,Berinjela,2
105,Feira do Produtor do Recanto das Emas,Cajamanga,4
32,Big Box - Águas Claras,Mandioca,3
55,Supercei - Taguatinga,Jiló,5
25,Feira do Produtor do Riacho Fundo,Brócolis,3
24,Atacadão - Ceilândia,Pitaia,2
63,Assaí Atacadista - Taguatinga,Repolho,4
121,Feira do Produtor do Lago Norte,Pimentão,3
5,Super Maia - Sobradinho,Beterraba,2
156,Assaí Atacadista - Taguatinga,Agrião,4
108,Feira do Produtor da Estrutural,Maracujá,4
159,Associação Agrícola do Distrito Federal e Ride (Agrifam),Cajamanga,3
137,Feira da Agricultura Familiar - Plano Piloto,Maracujá,5
23,Supercei - Sobradinho,Repolho,3
121,Atacadão - Taguatinga,Atemóia,4
5,Feira do Produtor do Jardim Botânico,Jiló,3
25,Feira do Produtor do Lago Norte,Cenoura,3
114,Cooperativa Mista da Agricultura Familiar do Meio Ambiente e da Cultura do Brasil (Coopbrasil),Cajamanga,4
47,Associação dos Trabalhadores Rurais da Agricultura Familiar do Assentamento Chapadinha (Astraf),Brócolis,3
152,Feira do Produtor do Gama,Quiabo,4
189,Comper - Águas Claras,Mandioca,3
37,Feira do Produtor de Sobradinho,Abacate,4
103,Associação dos Produtores Rurais Orgânicos e Convencionais do Distrito Federal e Entorno (Asproc),Pimentão,3
114,Feira do Produtor de Águas Claras,Limão,5
181,Feira do Produtor do Sudoeste,Pepino,4
195,Feira do Produtor de Brazlândia,Agrião,4
68,Cooperativa de Produção Agropecuária dos Assentados e Pequenos Produtores Rurais do Distrito Federal e Entorno (Coopercal),Brócolis,1
2,Feira do Produtor do Núcleo Bandeirante,Jiló,3
108,Extra - Asa Norte,Chuchu,5
199,Cooperativa de Agricultura Familiar Mista do Distrito Federal (Coopermista),Pimentão,4
194,Feira do Produtor de Taguatinga,Brócolis,3
75,Feira do Produtor de Ceilândia,Morango,3
25,Feira do Produtor do Gama,Alface,2
197,Super Maia - Sobradinho,Batata,2
173,Mercado Orgânico do CEASA,Abóbora,4
177,Atacadão - Ceilândia,Cebola,5
27,Big Box - Águas Claras,Chuchu,4
6,Sam's Club - Asa Norte,Couve,4
57,Extra - Asa Sul,Cebola,3
87,Extra - Asa Norte,Graviola,4
124,Associação Agrícola do Distrito Federal e Ride (Agrifam),Limão,4
137,Feira do Produtor do Recanto das Emas,Uva,5
13,Supercei - Taguatinga,Graviola,3
199,Associação dos Trabalhadores Rurais da Agricultura Familiar do Assentamento Chapadinha (Astraf),Mamão,4
71,Cooperativa Agrícola da Região de Planaltina (Cootaquara),Brócolis,4
68,Cooperativa de Produção Agropecuária dos Assentados e Pequenos Produtores Rurais do Distrito Federal e Entorno (Coopercal),Chuchu,3
40,Feira do Produtor do Guará,Limão,4
136,Feira do Produtor do Gama,Berinjela,3
171,Feira do Produtor do Lago Sul,Alface,4
194,Feira do Produtor de Planaltina,Jiló,3
60,Supercei - Ceilândia,Pimentão,2
106,Feira do Produtor do Núcleo Bandeirante,Graviola,5
179,Extra - Asa Sul,Abacate,3
181,Feira do Produtor da Candangolândia,Pimentão,4
37,Feira da Agricultura Familiar - Plano Piloto,Morango,3
4,Atacadão - Taguatinga,Couve,4
22,Associação Agrícola do Distrito Federal e Ride (Agrifam),Abóbora,5
12,Feira do Produtor do Riacho Fundo II,Morango,4
195,Feira do Produtor do Riacho Fundo,Batata,4
190,Cooperativa Agropecuária e Industrial do Rio Preto (Coopari),Cenoura,3
76,Feira do Produtor do Riacho Fundo II,Gengibre,4
128,Feira do Produtor de Santa Maria,Pitaia,5
53,Feira do Produtor do Núcleo Bandeirante,Repolho,3
65,"Cooperativa de Trabalho, Consultoria, Instrutoria e Serviços para o Desenvolvimento Agropecuário, Econômico e Social (Agrocoop)",Morango,5
188,Feira do Produtor de Santa Maria,Jiló,3
46,Supercei - Taguatinga,Chuchu,3
131,Feira do Produtor do Jardim Botânico,Abóbora,3
43,Carrefour - Águas Claras,Agrião,4
152,Feira do Produtor do Jardim Botânico,Morango,5
23,Supercei - Sobradinho,Quiabo,3
123,Feira do Produtor do Núcleo Bandeirante,Brócolis,3
132,Feira do Produtor de São Sebastião,Chuchu,4
7,Feira do Produtor do Lago Sul,Pimentão,5
23,"Cooperativa de Trabalho, Consultoria, Instrutoria e Serviços para o Desenvolvimento Agropecuário, Econômico e Social (Agrocoop)",Lichia,3
91,Cooperativa dos Produtores Rurais do PAD-DF (Coopadf),Uva,3
88,Feira do Produtor de Águas Claras,Abóbora,3
185,Cooperativa Agrícola da Região de Planaltina (Cootaquara),Banana,3
99,Cooperativa Agrícola da Região de Planaltina (Cootaquara),Jiló,2
188,Feira do Produtor da Candangolândia,Cenoura,4
9,Feira do Produtor de Vicente Pires,Cajamanga,3
144,Feira do Produtor do Guará,Maracujá,4
23,Big Box - Águas Claras,Brócolis,3
170,Associação dos Produtores Rurais de Alexandre Gusmão (Asspag),Lichia,4
3,Feira da Agricultura Familiar - Plano Piloto,Atemóia,3
44,Associação dos Produtores Rurais Novo Horizonte Betinho (Aspronte),Jiló,4
78,Carrefour - Águas Claras,Atemóia,5
84,Feira do Produtor de Vicente Pires,Tomate,3
157,Carrefour - Asa Norte,Maracujá,4
127,Feira do Produtor do Riacho Fundo,Batata,3
188,Assaí Atacadista - Ceilândia,Banana,4
25,Supercei - Taguatinga,Cajamanga,3
69,Atacadão - Taguatinga,Brócolis,2
120,Extra - Asa Sul,Mandioca,3
14,Feira do Produtor de Samambaia,Manga,2
87,Extra - Asa Norte,Tomate,4
190,Feira do Produtor do Recanto das Emas,Uva,4
2,Feira do Produtor do Guará,Banana,3
168,Supercei - Ceilândia,Beterraba,4
107,Supercei - Taguatinga,Morango,3
118,Feira do Produtor do Guará,Banana,4
194,Feira do Produtor do Varjão,Pimentão,3
123,Feira do Produtor do Riacho Fundo II,Cajamanga,3
41,Feira do Produtor de Brazlândia,Tangerina,4
53,Cooperativa dos Produtores Rurais do PAD-DF (Coopadf),Cajamanga,5
90,Feira do Produtor do Guará,Repolho,4
34,Feira do Produtor do Cruzeiro,Pepino,3
43,Carrefour - Águas Claras,Agrião,5
184,Feira do Produtor de São Sebastião,Beterraba,5
125,Cooperativa de Produção Agropecuária dos Assentados e Pequenos Produtores Rurais do Distrito Federal e Entorno (Coopercal),Chuchu,4
87,Cooperativa Agropecuária e Industrial do Rio Preto (Coopari),Cenoura,3
60,Pão de Açúcar - Asa Norte,Morango,3
91,Pão de Açúcar - Asa Sul,Morango,3
162,Feira do Produtor de Planaltina,Cebola,4
7,CEASA-DF,Abóbora,4
170,Pão de Açúcar - Asa Sul,Couve,5
145,Assaí Atacadista - Taguatinga,Mamão,2
163,Cooperativa dos Produtores Rurais de Brazlândia (Coopabra),Pepino,3
141,Feira do Produtor de Águas Claras,Banana,4
98,Associação dos Produtores Rurais de Alexandre Gusmão (Asspag),Limão,5
62,Feira do Produtor do Varjão,Coco,3
14,Feira do Produtor do Park Way,Brócolis,2
55,Comper - Águas Claras,Limão,4
116,Cooperativa Mista da Agricultura Familiar do Meio Ambiente e da Cultura do Brasil (Coopbrasil),Agrião,5
130,Carrefour - Águas Claras,Manga,2
46,Feira do Produtor do Jardim Botânico,Pitaia,4
72,Associação dos Produtores Rurais Novo Horizonte Betinho (Aspronte),Pitaia,4
179,Carrefour - Asa Norte,Tangerina,4
77,Feira do Produtor de Planaltina,Repolho,3
109,Supercei - Taguatinga,Maracujá,2
37,Feira do Produtor do Riacho Fundo II,Abóbora,4
18,Feira da Agricultura Familiar - Plano Piloto,Atemóia,5
137,Cooperativa Agrícola da Região de Planaltina (Cootaquara),Limão,5
176,Cooperativa de Agricultura Familiar Mista do Distrito Federal (Coopermista),Lichia,5
18,Feira do Produtor do Paranoá,Chuchu,4
146,Associação dos Produtores Rurais Novo Horizonte Betinho (Aspronte),Berinjela,3
144,Feira do Produtor do Guará,Agrião,3
84,"Cooperativa de Trabalho, Consultoria, Instrutoria e Serviços para o Desenvolvimento Agropecuário, Econômico e Social (Agrocoop)",Morango,3
111,Feira do Produtor do Riacho Fundo,Coco,4
99,Assaí Atacadista - Taguatinga,Graviola,3
139,Associação dos Produtores da Agricultura Familiar (Aspaf),Uva,3
46,Mercado Orgânico do CEASA,Quiabo,4
98,CEASA-DF,Batata,5
81,Feira do Produtor do Riacho Fundo,Tangerina,4
99,Assaí Atacadista - Taguatinga,Abacate,2
44,Feira do Produtor do Itapoã,Lichia,2
61,Associação dos Trabalhadores Rurais da Agricultura Familiar do Assentamento Chapadinha (Astraf),Pitaia,1
95,Associação dos Produtores Rurais Orgânicos e Convencionais do Distrito Federal e Entorno (Asproc),Graviola,3
48,Associação dos Produtores Rurais de Alexandre Gusmão (Asspag),Gengibre,3
105,Feira do Produtor do Recanto das Emas,Coco,4
3,Feira do Produtor de Samambaia,Jiló,3
107,Feira do Produtor do Riacho Fundo II,Goiaba,4
14,Feira do Produtor de Taguatinga,Graviola,2
83,Feira do Produtor do Varjão,Tangerina,5
89,Feira do Produtor do Paranoá,Cajamanga,2
81,Comper - Sudoeste,Beterraba,4
126,Feira do Produtor de Taguatinga,Tangerina,3
12,Feira do Produtor do Cruzeiro,Mamão,3
199,Atacadão - Ceilândia,Pimentão,4
44,Associação de Agricultores Familiares da Eco Comunidade do Assentamento 15 de Agosto (Afeca),Atemóia,3
135,Supercei - Taguatinga,Repolho,3
138,Feira do Produtor do Park Way,Uva,3
26,Feira do Produtor do Jardim Botânico,Mamão,3
156,Feira do Produtor do Park Way,Abacate,2
172,Big Box - Águas Claras,Alface,2
74,Feira do Produtor de Águas Claras,Manga,3
162,Cooperativa dos Produtores Rurais do PAD-DF (Coopadf),Banana,3
141,Comper - Sudoeste,Pepino,4
176,Comper - Águas Claras,Atemóia,5
192,Feira do Produtor de Santa Maria,Graviola,3
97,Associação dos Produtores Rurais de Alexandre Gusmão (Asspag),Chuchu,4
139,Feira do Produtor do Lago Sul,Morango,2
55,Associação dos Trabalhadores Rurais da Agricultura Familiar do Assentamento Chapadinha (Astraf),Gengibre,4
68,Cooperativa de Produção Agropecuária dos Assentados e Pequenos Produtores Rurais do Distrito Federal e Entorno (Coopercal),Alface,3
187,Feira do Produtor do Riacho Fundo,Couve,3
190,Feira do Produtor de Santa Maria,Tomate,3
110,Cooperativa Agrícola da Região de Planaltina (Cootaquara),Limão,3
111,Pão de Açúcar - Asa Sul,Mandioca,4
148,Feira do Produtor de Samambaia,Abacate,3
97,Associação dos Produtores Rurais de Alexandre Gusmão (Asspag),Agrião,3
6,Associação dos Produtores de Hortigranjeiros do Distrito Federal (Asphor),Abacate,5
153,Supercei - Ceilândia,Tangerina,4
28,Big Box - Águas Claras,Maracujá,3
57,Associação dos Trabalhadores Rurais da Agricultura Familiar do Assentamento Chapadinha (Astraf),Agrião,2
195,Extra - Asa Sul,Jiló,4
113,Cooperativa de Produção Agropecuária dos Assentados e Pequenos Produtores Rurais do Distrito Federal e Entorno (Coopercal),Chuchu,3
125,Feira do Produtor do Varjão,Tomate,4
135,Associação dos Produtores Rurais Novo Horizonte Betinho (Aspronte),Uva,4
196,Feira do Produtor de Águas Claras,Pimentão,3
181,CEASA-DF,Batata,4
188,Feira do Produtor do Gama,Graviola,4
17,Carrefour - Águas Claras,Manga,3
21,Feira do Produtor do Varjão,Repolho,4
42,Cooperativa de Agricultura Familiar Mista do Distrito Federal (Coopermista),Morango,5
159,Pão de Açúcar - Asa Sul,Banana,3
195,Feira do Produtor do Itapoã,Jiló,4
188,Feira do Produtor do Itapoã,Jiló,2
62,Assaí Atacadista - Ceilândia,Graviola,3
185,Extra - Asa Norte,Pimentão,3
125,Feira do Produtor de Ceilândia,Mandioca,4
110,CEASA-DF,Berinjela,4
187,Feira do Produtor de Sobradinho,Jiló,3
92,Feira do Produtor do Lago Norte,Alface,3
133,Feira do Produtor de Sobradinho,Coco,3
122,Pão de Açúcar - Asa Norte,Manga,4
87,Feira do Produtor da Candangolândia,Graviola,4
84,"Cooperativa de Trabalho, Consultoria, Instrutoria e Serviços para o Desenvolvimento Agropecuário, Econômico e Social (Agrocoop)",Banana,4
142,Super Maia - Taguatinga,Cebola,4
160,Comper - Águas Claras,Uva,4
12,Feira do Produtor da Candangolândia,Maracujá,5
200,Feira do Produtor de Águas Claras,Abóbora,3
195,Feira do Produtor do Riacho Fundo,Quiabo,4
110,CEASA-DF,Beterraba,3
21,Associação de Agricultores Familiares da Eco Comunidade do Assentamento 15 de Agosto (Afeca),Abacate,5
127,Supercei - Ceilândia,Gengibre,3
62,Supercei - Sobradinho,Manga,3
104,Feira da Agricultura Familiar - Plano Piloto,Pitaia,4
97,Associação dos Trabalhadores Rurais da Agricultura Familiar do Assentamento Chapadinha (Astraf),Tangerina,4
76,Feira do Produtor do Riacho Fundo II,Pitaia,5
28,Feira do Produtor de Ceilândia,Pepino,4
175,Carrefour - Águas Claras,Mamão,4
199,Feira do Produtor do Recanto das Emas,Graviola,4
130,Assaí Atacadista - Ceilândia,Quiabo,4
143,Cooperativa Mista da Agricultura Familiar do Meio Ambiente e da Cultura do Brasil (Coopbrasil),Pitaia,4
188,Associação dos Produtores da Agricultura Familiar (Aspaf),Berinjela,3
42,Feira do Produtor do Cruzeiro,Abóbora,4
142,Associação dos Produtores Rurais de Alexandre Gusmão (Asspag),Brócolis,4
102,Associação dos Produtores Rurais de Alexandre Gusmão (Asspag),Mandioca,3
145,Cooperativa dos Produtores Rurais do PAD-DF (Coopadf),Uva,2
118,Associação dos Produtores de Hortigranjeiros do Distrito Federal (Asphor),Atemóia,5
151,Feira do Produtor do Sudoeste,Beterraba,3
151,Feira do Produtor da Estrutural,Pitaia,3
141,Supercei - Taguatinga,Cajamanga,4
124,Feira do Produtor de Taguatinga,Limão,5
129,Super Maia - Sobradinho,Chuchu,4
199,Pão de Açúcar - Asa Norte,Cebola,5
189,Cooperativa Agrícola da Região de Planaltina (Cootaquara),Gengibre,3
140,Pão de Açúcar - Asa Norte,Pimentão,2
83,Feira do Produtor de Brazlândia,Lichia,4
105,Feira do Produtor do Park Way,Cajamanga,4
195,Cooperativa dos Produtores Rurais do PAD-DF (Coopadf),Pepino,3
61,Feira do Produtor de Brazlândia,Jiló,2
47,Cooperativa dos Produtores Rurais de Brazlândia (Coopabra),Beterraba,2
106,Feira do Produtor do Núcleo Bandeirante,Pepino,5
120,"Cooperativa de Trabalho, Consultoria, Instrutoria e Serviços para o Desenvolvimento Agropecuário, Econômico e Social (Agrocoop)",Maracujá,4
110,Super Maia - Sobradinho,Abóbora,3
151,Atacadão - Taguatinga,Berinjela,4
155,Associação Agrícola do Distrito Federal e Ride (Agrifam),Maracujá,4
30,Feira do Produtor de Taguatinga,Brócolis,4
6,Assaí Atacadista - Taguatinga,Cenoura,4
72,Feira do Produtor do Riacho Fundo,Mandioca,4
196,Pão de Açúcar - Asa Norte,Coco,3
183,Mercado Orgânico do CEASA,Pitaia,4
109,Supercei - Ceilândia,Banana,3
120,Feira do Produtor da Candangolândia,Gengibre,3
140,Feira do Produtor do Gama,Repolho,2
191,Feira do Produtor da Estrutural,Jiló,4
81,Comper - Águas Claras,Alface,4
111,Feira do Produtor do Recanto das Emas,Chuchu,3
135,Feira do Produtor do Lago Norte,Cebola,3
171,Cooperativa de Produção Agropecuária dos Assentados e Pequenos Produtores Rurais do Distrito Federal e Entorno (Coopercal),Brócolis,4
132,Associação dos Produtores Rurais de Alexandre Gusmão (Asspag),Lichia,3
198,Associação dos Produtores Rurais Novo Horizonte Betinho (Aspronte),Lichia,3
197,Mercado Orgânico do CEASA,Maracujá,3
143,Feira do Produtor do Lago Sul,Alface,2
121,Carrefour - Águas Claras,Couve,3
113,"Cooperativa de Trabalho, Consultoria, Instrutoria e Serviços para o Desenvolvimento Agropecuário, Econômico e Social (Agrocoop)",Banana,4
36,Walmart - Samambaia,Lichia,3
166,Sam's Club - Asa Norte,Lichia,2
123,Associação dos Trabalhadores Rurais da Agricultura Familiar do Assentamento Chapadinha (Astraf),Berinjela,4
105,Assaí Atacadista - Taguatinga,Jiló,2
88,Feira do Produtor do Gama,Quiabo,2
172,Supercei - Taguatinga,Tangerina,3
53,Extra - Asa Sul,Cajamanga,5
5,Associação Agrícola do Distrito Federal e Ride (Agrifam),Agrião,3
21,Feira do Produtor do Paranoá,Cajamanga,4
143,Atacadão - Taguatinga,Batata,3
150,Feira do Produtor de Planaltina,Mamão,4
121,Feira do Produtor do Recanto das Emas,Maracujá,3
5,CEASA-DF,Batata,3
32,Cooperativa Agrícola da Região de Planaltina (Cootaquara),Lichia,4
28,Feira do Produtor de Ceilândia,Atemóia,3
184,Super Maia - Sobradinho,Cajamanga,4
145,Supercei - Taguatinga,Atemóia,3
22,Associação dos Produtores Rurais Orgânicos e Convencionais do Distrito Federal e Entorno (Asproc),Abacate,4
52,"Associação Mista dos Agricultores Familiares, Orgânicos e Produtores Rurais do DF e Entorno (Amista)",Pimentão,4
156,Associação dos Produtores Rurais Orgânicos e Convencionais do Distrito Federal e Entorno (Asproc),Cebola,3
15,Walmart - Samambaia,Goiaba,1
94,CEASA-DF,Lichia,4
128,Feira do Produtor do Lago Sul,Graviola,4
135,Feira do Produtor de Taguatinga,Uva,3
72,Supercei - Ceilândia,Mandioca,4
200,Comper - Sudoeste,Goiaba,4
142,Feira do Produtor de Taguatinga,Cebola,5
196,Super Maia - Sobradinho,Tomate,3
4,Comper - Águas Claras,Atemóia,3
194,Comper - Sudoeste,Graviola,3
196,Carrefour - Águas Claras,Pitaia,3
66,Mercado Orgânico do CEASA,Pitaia,3
166,Cooperativa Agropecuária e Industrial do Rio Preto (Coopari),Cajamanga,3
111,Assaí Atacadista - Ceilândia,Pepino,5
42,Atacadão - Ceilândia,Brócolis,3
133,Atacadão - Taguatinga,Cenoura,3
1,Comper - Águas Claras,Tangerina,3
186,Feira do Produtor do Lago Sul,Cenoura,4
25,"Associação Mista dos Agricultores Familiares, Orgânicos e Produtores Rurais do DF e Entorno (Amista)",Couve,2
11,Feira do Produtor do Paranoá,Cenoura,3
32,Pão de Açúcar - Asa Norte,Pitaia,3
35,Extra - Asa Norte,Morango,4
128,Feira do Produtor do Gama,Quiabo,4
176,Atacadão - Taguatinga,Limão,5
35,Carrefour - Águas Claras,Mamão,3
43,Associação dos Produtores de Hortigranjeiros do Distrito Federal (Asphor),Morango,5
117,CEASA-DF,Abóbora,5
44,Feira do Produtor do Sudoeste,Quiabo,3
181,Cooperativa dos Produtores Rurais do PAD-DF (Coopadf),Jiló,3
16,Feira do Produtor do Lago Norte,Repolho,3
161,Cooperativa Agrícola da Região de Planaltina (Cootaquara),Cebola,5
31,Big Box - Águas Claras,Abóbora,3
115,Feira do Produtor de Taguatinga,Graviola,4
49,Feira do Produtor do Gama,Berinjela,3
1,Comper - Águas Claras,Banana,3
167,Cooperativa de Agricultura Familiar Mista do Distrito Federal (Coopermista),Couve,5
38,Feira do Produtor de Sobradinho,Chuchu,4
71,Cooperativa Agropecuária e Industrial do Rio Preto (Coopari),Cebola,4
136,Cooperativa dos Produtores Rurais do PAD-DF (Coopadf),Maracujá,3
21,Carrefour - Águas Claras,Alface,4
13,Feira do Produtor de Vicente Pires,Tomate,3
117,Cooperativa dos Produtores Rurais de Brazlândia (Coopabra),Tangerina,5
130,Super Maia - Taguatinga,Lichia,3
197,Feira do Produtor do Itapoã,Abóbora,2
194,Cooperativa de Agricultura Familiar Mista do Distrito Federal (Coopermista),Quiabo,2
40,Feira do Produtor de Águas Claras,Graviola,3
44,"Associação Mista dos Agricultores Familiares, Orgânicos e Produtores Rurais do DF e Entorno (Amista)",Quiabo,3
44,Feira do Produtor de Águas Claras,Abóbora,4
123,Feira do Produtor do Jardim Botânico,Abóbora,3
112,Feira do Produtor de Samambaia,Abacate,3
19,Feira do Produtor do Riacho Fundo II,Chuchu,3
43,Super Maia - Taguatinga,Maracujá,5
139,Feira do Produtor do Recanto das Emas,Beterraba,2
3,Comper - Águas Claras,Atemóia,3
109,Feira do Produtor de Vicente Pires,Cajamanga,3
40,Feira do Produtor da Estrutural,Gengibre,3
131,Feira do Produtor de Brazlândia,Agrião,3
106,Feira do Produtor do Núcleo Bandeirante,Manga,5
26,Feira do Produtor do Riacho Fundo,Tangerina,4
51,Assaí Atacadista - Taguatinga,Maracujá,4
49,Pão de Açúcar - Asa Norte,Tomate,4
167,CEASA-DF,Abóbora,4
178,Comper - Águas Claras,Alface,3
15,Cooperativa Agropecuária e Industrial do Rio Preto (Coopari),Cebola,4
106,Cooperativa de Agricultura Familiar Mista do Distrito Federal (Coopermista),Tangerina,4
102,Feira do Produtor de Brazlândia,Berinjela,3
85,Assaí Atacadista - Taguatinga,Repolho,3
197,Feira do Produtor de Taguatinga,Maracujá,1
56,Feira do Produtor do Lago Sul,Goiaba,4
10,Associação dos Produtores de Hortigranjeiros do Distrito Federal (Asphor),Quiabo,4
5,Associação dos Produtores Rurais de Alexandre Gusmão (Asspag),Limão,3
94,Feira do Produtor do Gama,Coco,4
44,Cooperativa Agrícola da Região de Planaltina (Cootaquara),Jiló,3
141,Feira do Produtor do Itapoã,Banana,3
94,Assaí Atacadista - Taguatinga,Limão,4
118,Feira do Produtor de Planaltina,Abacate,4
64,Feira do Produtor do Sudoeste,Manga,4
167,Carrefour - Águas Claras,Alface,4
27,CEASA-DF,Cajamanga,5
38,Extra - Asa Sul,Jiló,4
137,Carrefour - Águas Claras,Cenoura,3
93,Feira do Produtor do Paranoá,Cenoura,5
51,Super Maia - Taguatinga,Chuchu,4
93,Feira do Produtor da Estrutural,Chuchu,5
74,Supercei - Taguatinga,Cajamanga,4
14,Assaí Atacadista - Ceilândia,Cenoura,3
195,Cooperativa Agrícola da Região de Planaltina (Cootaquara),Mamão,3
142,Cooperativa de Agricultura Familiar Mista do Distrito Federal (Coopermista),Couve,3
117,CEASA-DF,Uva,5
23,Comper - Sudoeste,Coco,5
93,Feira do Produtor da Estrutural,Gengibre,4
102,Feira do Produtor do Lago Norte,Pimentão,2
93,Comper - Águas Claras,Mandioca,5
23,Associação Agrícola do Distrito Federal e Ride (Agrifam),Agrião,2
119,Comper - Sudoeste,Abóbora,3
44,Associação dos Produtores de Hortigranjeiros do Distrito Federal (Asphor),Morango,2
187,Pão de Açúcar - Asa Norte,Chuchu,3
100,Feira do Produtor de São Sebastião,Chuchu,5
158,CEASA-DF,Beterraba,3
170,Feira da Agricultura Familiar - Plano Piloto,Pitaia,3
83,Super Maia - Taguatinga,Chuchu,4
122,Feira do Produtor do Jardim Botânico,Berinjela,3
160,Atacadão - Ceilândia,Mandioca,5
3,Cooperativa Agrícola da Região de Planaltina (Cootaquara),Cebola,3
100,Cooperativa de Produção Agropecuária dos Assentados e Pequenos Produtores Rurais do Distrito Federal e Entorno (Coopercal),Alface,5
165,Super Maia - Taguatinga,Abóbora,3
44,Feira do Produtor do Paranoá,Cenoura,4
5,Assaí Atacadista - Taguatinga,Alface,3
191,Feira do Produtor do Lago Norte,Tomate,3
175,Extra - Asa Sul,Lichia,4
112,Feira do Produtor de Vicente Pires,Pimentão,3
55,Feira do Produtor de Ceilândia,Jiló,3
136,Feira da Agricultura Familiar - Plano Piloto,Jiló,3
79,Pão de Açúcar - Asa Norte,Uva,4
132,Cooperativa dos Produtores Rurais de Brazlândia (Coopabra),Abacate,4
80,Feira do Produtor de Águas Claras,Mamão,4
61,Super Maia - Taguatinga,Chuchu,2
165,Cooperativa de Agricultura Familiar Mista do Distrito Federal (Coopermista),Repolho,3
196,Feira do Produtor de Planaltina,Pepino,3
125,Associação dos Produtores da Agricultura Familiar (Aspaf),Cenoura,3
43,Feira do Produtor do Gama,Quiabo,3
100,Walmart - Samambaia,Alface,5
197,Cooperativa dos Produtores Rurais de Brazlândia (Coopabra),Beterraba,3
65,Cooperativa Agropecuária e Industrial do Rio Preto (Coopari),Graviola,4
88,Supercei - Sobradinho,Batata,3
116,Cooperativa de Produção Agropecuária dos Assentados e Pequenos Produtores Rurais do Distrito Federal e Entorno (Coopercal),Jiló,4
60,Feira do Produtor do Park Way,Brócolis,3
117,Sam's Club - Asa Norte,Beterraba,4
151,Associação de Agricultores Familiares da Eco Comunidade do Assentamento 15 de Agosto (Afeca),Mandioca,3
23,Feira do Produtor do Riacho Fundo II,Chuchu,3
70,Assaí Atacadista - Ceilândia,Mamão,4
114,Cooperativa dos Produtores Rurais do PAD-DF (Coopadf),Batata,4
100,Feira do Produtor do Gama,Cajamanga,4
17,"Cooperativa de Trabalho, Consultoria, Instrutoria e Serviços para o Desenvolvimento Agropecuário, Econômico e Social (Agrocoop)",Alface,5
77,Feira do Produtor de Planaltina,Abóbora,4
69,"Associação Mista dos Agricultores Familiares, Orgânicos e Produtores Rurais do DF e Entorno (Amista)",Maracujá,2
109,Feira do Produtor do Riacho Fundo,Batata,2
27,Feira do Produtor de Planaltina,Pitaia,5
141,Walmart - Samambaia,Graviola,4
167,Supercei - Ceilândia,Mamão,5
170,Cooperativa de Agricultura Familiar Mista do Distrito Federal (Coopermista),Jiló,5
118,Cooperativa de Produção Agropecuária dos Assentados e Pequenos Produtores Rurais do Distrito Federal e Entorno (Coopercal),Cenoura,5
196,Cooperativa Agropecuária e Industrial do Rio Preto (Coopari),Goiaba,2
8,Cooperativa Mista da Agricultura Familiar do Meio Ambiente e da Cultura do Brasil (Coopbrasil),Pitaia,3
155,Supercei - Sobradinho,Uva,4
104,Feira da Agricultura Familiar - Plano Piloto,Chuchu,3
151,Feira do Produtor da Estrutural,Goiaba,4
132,Associação dos Produtores Rurais de Alexandre Gusmão (Asspag),Brócolis,4
172,Feira do Produtor do Varjão,Morango,3
4,Feira do Produtor de Brazlândia,Brócolis,5
28,Feira do Produtor do Sudoeste,Morango,2
102,Feira do Produtor de Taguatinga,Abacate,3
79,Feira do Produtor de Santa Maria,Quiabo,5
60,Pão de Açúcar - Asa Norte,Abacate,3
136,Cooperativa dos Produtores Rurais do PAD-DF (Coopadf),Repolho,3
22,Cooperativa dos Produtores Rurais de Brazlândia (Coopabra),Couve,4
78,Feira do Produtor do Gama,Goiaba,5
89,Cooperativa Agrícola da Região de Planaltina (Cootaquara),Goiaba,3
85,Feira do Produtor do Recanto das Emas,Tangerina,3
165,Feira do Produtor do Lago Norte,Tomate,4
65,Feira do Produtor do Cruzeiro,Graviola,4
1,Associação de Agricultores Familiares da Eco Comunidade do Assentamento 15 de Agosto (Afeca),Cajamanga,2
38,Feira do Produtor do Gama,Morango,3
60,Associação dos Produtores Rurais Orgânicos e Convencionais do Distrito Federal e Entorno (Asproc),Gengibre,2
25,Supercei - Taguatinga,Mandioca,3
160,Feira do Produtor do Riacho Fundo II,Pitaia,4
114,Cooperativa Mista da Agricultura Familiar do Meio Ambiente e da Cultura do Brasil (Coopbrasil),Pimentão,4
18,Atacadão - Ceilândia,Couve,4
142,Pão de Açúcar - Asa Sul,Alface,5
198,Pão de Açúcar - Asa Norte,Tomate,3
3,Sam's Club - Asa Norte,Uva,4
40,Feira do Produtor do Guará,Repolho,3
73,Walmart - Samambaia,Pitaia,3
195,Feira do Produtor de Santa Maria,Graviola,2
20,Feira do Produtor de Taguatinga,Chuchu,3
71,Feira do Produtor de Sobradinho,Manga,4
193,Feira do Produtor do Recanto das Emas,Agrião,4
173,Feira do Produtor de Samambaia,Brócolis,2
190,Feira do Produtor do Lago Sul,Repolho,4
68,Feira do Produtor de Ceilândia,Pimentão,3
94,Supercei - Taguatinga,Tangerina,5
98,Assaí Atacadista - Taguatinga,Maracujá,5
101,Feira do Produtor do Riacho Fundo II,Cebola,3
43,Cooperativa Agropecuária e Industrial do Rio Preto (Coopari),Atemóia,4
185,Supercei - Ceilândia,Chuchu,2
49,Feira do Produtor do Itapoã,Uva,4
193,Supercei - Sobradinho,Repolho,4
106,Feira do Produtor do Riacho Fundo,Brócolis,4
47,Associação dos Trabalhadores Rurais da Agricultura Familiar do Assentamento Chapadinha (Astraf),Batata,3
30,Carrefour - Águas Claras,Abacate,4
132,Feira do Produtor do Varjão,Mamão,3
157,Feira do Produtor do Núcleo Bandeirante,Morango,4
53,Associação dos Produtores de Hortigranjeiros do Distrito Federal (Asphor),Morango,5
140,Assaí Atacadista - Ceilândia,Quiabo,2
117,Feira da Agricultura Familiar - Plano Piloto,Chuchu,3
170,Feira do Produtor do Sudoeste,Morango,5
84,Cooperativa Agropecuária e Industrial do Rio Preto (Coopari),Manga,4
5,Supercei - Sobradinho,Coco,3
30,Assaí Atacadista - Ceilândia,Pitaia,4
152,Cooperativa de Produção Agropecuária dos Assentados e Pequenos Produtores Rurais do Distrito Federal e Entorno (Coopercal),Uva,3
37,Feira do Produtor de Águas Claras,Uva,3
10,Associação dos Produtores Rurais Novo Horizonte Betinho (Aspronte),Goiaba,3
76,Feira do Produtor de Samambaia,Cajamanga,5
22,Feira do Produtor do Jardim Botânico,Atemóia,4
172,Comper - Sudoeste,Morango,2
56,Comper - Águas Claras,Couve,3
196,Feira do Produtor de Águas Claras,Tomate,3
59,Feira do Produtor de Ceilândia,Pepino,4
159,Feira do Produtor de Sobradinho,Jiló,5
199,Feira do Produtor do Jardim Botânico,Berinjela,4
37,Feira do Produtor da Candangolândia,Graviola,3
132,Feira do Produtor do Paranoá,Abóbora,3
183,Pão de Açúcar - Asa Norte,Goiaba,5
132,Assaí Atacadista - Ceilândia,Agrião,4
91,Feira do Produtor de Sobradinho,Cebola,4
102,Sam's Club - Asa Norte,Banana,3
116,Feira do Produtor do Guará,Repolho,5
176,Super Maia - Sobradinho,Tomate,3
12,Cooperativa Agropecuária e Industrial do Rio Preto (Coopari),Couve,3
162,CEASA-DF,Alface,3
90,Supercei - Ceilândia,Alface,5
10,Walmart - Samambaia,Pepino,4
112,Feira do Produtor de Taguatinga,Graviola,3
68,Feira do Produtor do Recanto das Emas,Graviola,3
31,Feira do Produtor do Varjão,Alface,3
109,Associação dos Produtores Rurais Novo Horizonte Betinho (Aspronte),Brócolis,2
139,Feira do Produtor do Jardim Botânico,Abóbora,3
3,Comper - Águas Claras,Pitaia,3
85,Feira do Produtor do Recanto das Emas,Banana,3
142,Super Maia - Taguatinga,Cajamanga,5
168,Assaí Atacadista - Ceilândia,Cebola,2
171,Sam's Club - Asa Norte,Uva,3
13,Walmart - Samambaia,Alface,2
97,Super Maia - Sobradinho,Alface,4
88,Supercei - Sobradinho,Pitaia,3
3,Feira da Agricultura Familiar - Plano Piloto,Banana,4
128,Feira do Produtor do Riacho Fundo,Beterraba,4
184,Sam's Club - Asa Norte,Couve,4
93,Feira do Produtor da Estrutural,Berinjela,5
133,Associação dos Produtores Rurais Orgânicos e Convencionais do Distrito Federal e Entorno (Asproc),Manga,2
37,Feira do Produtor do Riacho Fundo II,Abóbora,4
131,Feira do Produtor do Riacho Fundo,Quiabo,3
132,"Associação Mista dos Agricultores Familiares, Orgânicos e Produtores Rurais do DF e Entorno (Amista)",Brócolis,4
162,Feira do Produtor do Riacho Fundo,Limão,2
86,CEASA-DF,Banana,3
48,Super Maia - Taguatinga,Atemóia,2
2,Associação dos Trabalhadores Rurais da Agricultura Familiar do Assentamento Chapadinha (Astraf),Gengibre,3
52,Feira do Produtor do Varjão,Pepino,4
199,Supercei - Taguatinga,Mandioca,5
15,Feira do Produtor do Riacho Fundo II,Tangerina,3
14,Assaí Atacadista - Ceilândia,Banana,3
129,Feira do Produtor de Samambaia,Jiló,4
126,Feira do Produtor do Itapoã,Agrião,3
88,Feira do Produtor da Estrutural,Abacate,3
135,Atacadão - Taguatinga,Tangerina,4
145,Associação dos Produtores Rurais de Alexandre Gusmão (Asspag),Pimentão,3
89,Associação dos Produtores Rurais de Alexandre Gusmão (Asspag),Banana,3
20,Super Maia - Sobradinho,Brócolis,5
167,Feira do Produtor do Paranoá,Jiló,5
142,Feira do Produtor do Park Way,Berinjela,4
45,Feira do Produtor de Ceilândia,Cajamanga,2
121,Super Maia - Sobradinho,Jiló,3
58,Associação de Agricultores Familiares da Eco Comunidade do Assentamento 15 de Agosto (Afeca),Coco,3
84,Supercei - Ceilândia,Graviola,3
199,Feira da Agricultura Familiar - Plano Piloto,Tangerina,4
52,Feira do Produtor do Park Way,Tomate,4
39,Feira do Produtor da Candangolândia,Cebola,4
94,CEASA-DF,Mandioca,4
180,Feira do Produtor de Santa Maria,Cajamanga,2
109,Supercei - Ceilândia,Alface,3
64,Cooperativa de Produção Agropecuária dos Assentados e Pequenos Produtores Rurais do Distrito Federal e Entorno (Coopercal),Maracujá,2
133,Feira do Produtor do Lago Sul,Maracujá,2
35,CEASA-DF,Beterraba,4
164,Associação dos Produtores Rurais Orgânicos e Convencionais do Distrito Federal e Entorno (Asproc),Gengibre,3
70,Feira do Produtor do Lago Norte,Tomate,4
33,Super Maia - Taguatinga,Atemóia,5
84,Feira do Produtor do Itapoã,Berinjela,3
148,Feira do Produtor de Ceilândia,Gengibre,2
96,Sam's Club - Asa Norte,Pimentão,3
168,Feira da Agricultura Familiar - Plano Piloto,Goiaba,4
114,Feira do Produtor de Brazlândia,Brócolis,3
198,Feira do Produtor do Paranoá,Tangerina,2
191,Feira do Produtor do Recanto das Emas,Banana,3
88,Feira do Produtor de Planaltina,Manga,2
19,Super Maia - Taguatinga,Alface,3
72,Feira do Produtor de Ceilândia,Pimentão,3
59,Extra - Asa Sul,Beterraba,4
5,Associação dos Produtores Rurais de Alexandre Gusmão (Asspag),Lichia,4
123,Associação dos Produtores da Agricultura Familiar (Aspaf),Beterraba,3
33,Supercei - Ceilândia,Mandioca,4
190,Feira do Produtor do Lago Sul,Coco,4
99,Mercado Orgânico do CEASA,Limão,4
13,Supercei - Sobradinho,Repolho,3
176,Super Maia - Sobradinho,Cajamanga,3
90,Feira do Produtor do Park Way,Berinjela,5
83,CEASA-DF,Mandioca,3
87,Feira do Produtor de Sobradinho,Uva,4
109,Feira do Produtor do Recanto das Emas,Tangerina,3
65,CEASA-DF,Alface,5
141,Carrefour - Asa Norte,Cenoura,4
16,Extra - Asa Sul,Mandioca,4
128,Comper - Sudoeste,Alface,5
103,Feira do Produtor de Brazlândia,Agrião,3
60,Feira do Produtor do Itapoã,Berinjela,3
165,Assaí Atacadista - Taguatinga,Uva,3
134,Super Maia - Sobradinho,Tomate,4
148,Feira do Produtor de Planaltina,Beterraba,3
116,Feira do Produtor do Sudoeste,Chuchu,5
35,Feira do Produtor do Itapoã,Maracujá,3
189,Feira do Produtor de Vicente Pires,Berinjela,3
48,Feira do Produtor do Paranoá,Jiló,3
167,Supercei - Ceilândia,Gengibre,4
185,Pão de Açúcar - Asa Sul,Atemóia,2
103,Cooperativa Mista da Agricultura Familiar do Meio Ambiente e da Cultura do Brasil (Coopbrasil),Maracujá,2
5,Feira do Produtor do Riacho Fundo II,Brócolis,2
194,Feira do Produtor do Riacho Fundo II,Brócolis,3
66,Feira do Produtor do Recanto das Emas,Berinjela,2
139,Cooperativa de Agricultura Familiar Mista do Distrito Federal (Coopermista),Berinjela,2
157,Assaí Atacadista - Taguatinga,Agrião,4
68,Feira do Produtor do Cruzeiro,Tangerina,4
72,Extra - Asa Norte,Chuchu,4
102,Super Maia - Sobradinho,Couve,3
96,Associação Agrícola do Distrito Federal e Ride (Agrifam),Pimentão,2
126,Feira do Produtor de Ceilândia,Uva,3
147,Feira do Produtor do Riacho Fundo,Pimentão,4
178,Super Maia - Sobradinho,Batata,3
162,Supercei - Ceilândia,Repolho,3
191,Feira do Produtor de Santa Maria,Berinjela,4
184,"Cooperativa de Trabalho, Consultoria, Instrutoria e Serviços para o Desenvolvimento Agropecuário, Econômico e Social (Agrocoop)",Banana,4
135,Associação dos Produtores de Hortigranjeiros do Distrito Federal (Asphor),Cenoura,4
108,Feira do Produtor de São Sebastião,Cajamanga,4
109,Extra - Asa Norte,Abacate,3
145,Feira do Produtor do Paranoá,Banana,3
22,Feira do Produtor do Lago Sul,Agrião,5
119,Feira do Produtor do Sudoeste,Morango,3
187,Assaí Atacadista - Ceilândia,Cebola,3
125,Cooperativa Mista da Agricultura Familiar do Meio Ambiente e da Cultura do Brasil (Coopbrasil),Pimentão,4
62,Extra - Asa Sul,Pimentão,3
30,Feira do Produtor do Guará,Limão,4
90,Supercei - Taguatinga,Abóbora,5
189,Feira do Produtor de Taguatinga,Mandioca,3
80,Feira do Produtor do Cruzeiro,Pitaia,5
99,"Associação Mista dos Agricultores Familiares, Orgânicos e Produtores Rurais do DF e Entorno (Amista)",Pimentão,3
61,Comper - Sudoeste,Tangerina,2
34,Feira do Produtor do Varjão,Cebola,4
57,Cooperativa dos Produtores Rurais do PAD-DF (Coopadf),Pitaia,4
132,Cooperativa dos Produtores Rurais de Brazlândia (Coopabra),Tangerina,3
120,Comper - Águas Claras,Beterraba,2
182,Comper - Águas Claras,Mamão,3
163,Cooperativa dos Produtores Rurais de Brazlândia (Coopabra),Pimentão,2
37,Associação Agrícola do Distrito Federal e Ride (Agrifam),Abóbora,3
158,Big Box - Águas Claras,Chuchu,4
88,Assaí Atacadista - Ceilândia,Limão,3
164,CEASA-DF,Coco,3
194,Big Box - Águas Claras,Pitaia,3
4,Pão de Açúcar - Asa Sul,Maracujá,3
91,Comper - Águas Claras,Pimentão,4
194,Comper - Sudoeste,Pepino,3
68,Feira do Produtor do Núcleo Bandeirante,Atemóia,2
143,Supercei - Sobradinho,Tomate,2
26,Feira do Produtor do Park Way,Quiabo,4
12,Feira da Agricultura Familiar - Plano Piloto,Tomate,2
161,Cooperativa dos Produtores Rurais de Brazlândia (Coopabra),Graviola,5
142,Feira do Produtor de Ceilândia,Pimentão,3
93,Big Box - Águas Claras,Maracujá,4
55,Cooperativa de Agricultura Familiar Mista do Distrito Federal (Coopermista),Repolho,3
90,Feira do Produtor de Samambaia,Abacate,3
18,Carrefour - Asa Norte,Cajamanga,4
39,Super Maia - Sobradinho,Batata,3
114,Feira do Produtor de Brazlândia,Uva,4
186,Associação dos Produtores Rurais Orgânicos e Convencionais do Distrito Federal e Entorno (Asproc),Cebola,4
61,Feira do Produtor de São Sebastião,Batata,3
148,Associação dos Produtores Rurais Novo Horizonte Betinho (Aspronte),Chuchu,2
52,Feira do Produtor do Varjão,Cebola,3
186,Pão de Açúcar - Asa Norte,Maracujá,5
42,Feira do Produtor do Riacho Fundo,Pimentão,5
196,Comper - Sudoeste,Goiaba,2
131,Atacadão - Ceilândia,Abóbora,3
88,Feira do Produtor de Samambaia,Manga,3
88,Pão de Açúcar - Asa Norte,Tangerina,2
58,Mercado Orgânico do CEASA,Mandioca,4
165,Cooperativa dos Produtores Rurais de Brazlândia (Coopabra),Mamão,4
72,Supercei - Sobradinho,Batata,5
124,Feira do Produtor do Sudoeste,Brócolis,3
107,Mercado Orgânico do CEASA,Batata,4
60,Feira do Produtor de Planaltina,Jiló,3
167,Feira do Produtor do Riacho Fundo,Gengibre,4
16,Feira do Produtor do Lago Norte,Quiabo,2
72,Comper - Sudoeste,Jiló,4
199,Super Maia - Taguatinga,Chuchu,4
168,Feira do Produtor de Vicente Pires,Banana,3
132,Feira do Produtor do Lago Sul,Lichia,3
20,Extra - Asa Sul,Pitaia,4
138,Feira do Produtor do Paranoá,Morango,4
5,Extra - Asa Sul,Repolho,3
92,Extra - Asa Norte,Abacate,2
53,Cooperativa dos Produtores Rurais de Brazlândia (Coopabra),Cajamanga,4
60,Associação dos Produtores da Agricultura Familiar (Aspaf),Batata,3
155,Associação dos Produtores da Agricultura Familiar (Aspaf),Lichia,3
81,Feira do Produtor do Cruzeiro,Brócolis,3
152,Feira do Produtor do Lago Sul,Maracujá,4
70,Associação de Agricultores Familiares da Eco Comunidade do Assentamento 15 de Agosto (Afeca),Pitaia,4
142,Associação dos Trabalhadores Rurais da Agricultura Familiar do Assentamento Chapadinha (Astraf),Manga,4
99,Associação dos Produtores Rurais Orgânicos e Convencionais do Distrito Federal e Entorno (Asproc),Gengibre,2
89,Feira do Produtor do Varjão,Cenoura,3
19,Feira do Produtor do Cruzeiro,Cajamanga,4
77,Associação dos Produtores Rurais Orgânicos e Convencionais do Distrito Federal e Entorno (Asproc),Pimentão,4
75,Cooperativa Mista da Agricultura Familiar do Meio Ambiente e da Cultura do Brasil (Coopbrasil),Atemóia,2
153,Supercei - Sobradinho,Pimentão,4
18,Cooperativa Agrícola da Região de Planaltina (Cootaquara),Maracujá,4
25,Associação dos Produtores Rurais Orgânicos e Convencionais do Distrito Federal e Entorno (Asproc),Pimentão,3
56,Feira do Produtor de Samambaia,Gengibre,4
16,Atacadão - Taguatinga,Berinjela,2
48,Feira do Produtor de Ceilândia,Coco,2
60,Associação dos Produtores Rurais Orgânicos e Convencionais do Distrito Federal e Entorno (Asproc),Repolho,2
170,Feira da Agricultura Familiar - Plano Piloto,Pepino,3
36,Feira do Produtor de Vicente Pires,Couve,4
190,Feira do Produtor do Núcleo Bandeirante,Graviola,4
67,Feira do Produtor do Itapoã,Berinjela,5
98,Cooperativa dos Produtores Rurais de Brazlândia (Coopabra),Pepino,4
109,Feira do Produtor do Paranoá,Cajamanga,4
92,Associação dos Produtores Rurais de Alexandre Gusmão (Asspag),Morango,4
107,Sam's Club - Asa Norte,Beterraba,4
122,Cooperativa Agropecuária e Industrial do Rio Preto (Coopari),Brócolis,4
142,Feira do Produtor do Itapoã,Limão,5
90,Extra - Asa Sul,Uva,4
79,Pão de Açúcar - Asa Sul,Tomate,4
186,Feira do Produtor de Samambaia,Jiló,3
169,Associação dos Produtores Rurais Orgânicos e Convencionais do Distrito Federal e Entorno (Asproc),Cebola,4
186,Feira do Produtor do Lago Sul,Banana,5
1,Feira do Produtor do Cruzeiro,Pimentão,2
58,Associação dos Produtores Rurais Novo Horizonte Betinho (Aspronte),Cajamanga,3
150,Feira do Produtor de Planaltina,Pimentão,3
42,Atacadão - Ceilândia,Agrião,5
114,Atacadão - Ceilândia,Brócolis,3
26,Comper - Sudoeste,Cebola,4
123,Feira da Agricultura Familiar - Plano Piloto,Abóbora,3
62,Super Maia - Taguatinga,Maracujá,2
84,Feira do Produtor de Águas Claras,Tomate,3
27,Super Maia - Sobradinho,Lichia,5
97,Feira do Produtor da Candangolândia,Abóbora,3
72,Super Maia - Sobradinho,Couve,4
159,Feira do Produtor de Sobradinho,Cenoura,5
134,Cooperativa de Agricultura Familiar Mista do Distrito Federal (Coopermista),Berinjela,4
72,Feira do Produtor do Riacho Fundo,Tangerina,4
1,Feira do Produtor da Estrutural,Abóbora,2
174,Cooperativa dos Produtores Rurais de Brazlândia (Coopabra),Tangerina,2
16,Feira do Produtor do Riacho Fundo II,Mandioca,3
192,Feira do Produtor do Riacho Fundo II,Manga,4
23,Feira da Agricultura Familiar - Plano Piloto,Chuchu,2
174,Feira do Produtor do Jardim Botânico,Lichia,3
63,Feira do Produtor do Itapoã,Lichia,4
165,Feira do Produtor de Vicente Pires,Goiaba,4
132,Atacadão - Taguatinga,Mamão,4
134,Cooperativa de Agricultura Familiar Mista do Distrito Federal (Coopermista),Manga,5
99,Cooperativa Mista da Agricultura Familiar do Meio Ambiente e da Cultura do Brasil (Coopbrasil),Tangerina,3
139,Feira do Produtor da Candangolândia,Banana,2
69,Cooperativa dos Produtores Rurais de Brazlândia (Coopabra),Maracujá,2
164,Mercado Orgânico do CEASA,Atemóia,2
56,Feira do Produtor do Lago Sul,Repolho,5
164,Feira do Produtor do Núcleo Bandeirante,Limão,2
23,"Cooperativa de Trabalho, Consultoria, Instrutoria e Serviços para o Desenvolvimento Agropecuário, Econômico e Social (Agrocoop)",Pitaia,4
5,Cooperativa dos Produtores Rurais de Brazlândia (Coopabra),Brócolis,2
104,Cooperativa dos Produtores Rurais de Brazlândia (Coopabra),Couve,3
31,Extra - Asa Norte,Tomate,3
195,Mercado Orgânico do CEASA,Beterraba,4
4,Feira do Produtor do Itapoã,Mandioca,3
31,Assaí Atacadista - Taguatinga,Uva,3
111,Cooperativa de Agricultura Familiar Mista do Distrito Federal (Coopermista),Pepino,5
145,Pão de Açúcar - Asa Norte,Morango,3
72,Associação dos Produtores Rurais Novo Horizonte Betinho (Aspronte),Agrião,4
175,Cooperativa Agropecuária e Industrial do Rio Preto (Coopari),Graviola,3
80,Feira do Produtor de Taguatinga,Limão,4
59,Associação dos Produtores Rurais Novo Horizonte Betinho (Aspronte),Goiaba,4
68,Supercei - Ceilândia,Beterraba,3
91,Feira do Produtor de Ceilândia,Morango,3
31,Supercei - Ceilândia,Beterraba,4
15,Associação dos Produtores Rurais Novo Horizonte Betinho (Aspronte),Tomate,3
140,Feira do Produtor de Sobradinho,Gengibre,3
64,Feira do Produtor de Santa Maria,Tomate,3
81,Associação de Agricultores Familiares da Eco Comunidade do Assentamento 15 de Agosto (Afeca),Batata,5
15,Supercei - Ceilândia,Alface,3
33,Feira do Produtor de Samambaia,Gengibre,3
61,Feira do Produtor do Lago Norte,Abacate,3
146,Carrefour - Águas Claras,Jiló,3
152,Feira do Produtor de Vicente Pires,Cajamanga,4
25,Extra - Asa Norte,Lichia,3
184,Supercei - Ceilândia,Beterraba,5
18,Feira do Produtor de Planaltina,Coco,4
129,Super Maia - Sobradinho,Mamão,5
71,Supercei - Sobradinho,Chuchu,5
15,Supercei - Taguatinga,Pimentão,4
111,Feira do Produtor do Paranoá,Uva,4
96,Cooperativa dos Produtores Rurais de Brazlândia (Coopabra),Graviola,3
111,CEASA-DF,Cajamanga,5
157,Comper - Águas Claras,Berinjela,4
61,Associação dos Produtores Rurais Orgânicos e Convencionais do Distrito Federal e Entorno (Asproc),Quiabo,3
94,Carrefour - Asa Norte,Gengibre,3
21,Feira do Produtor de São Sebastião,Uva,4
196,Associação dos Produtores Rurais Novo Horizonte Betinho (Aspronte),Manga,2
53,Feira do Produtor de São Sebastião,Gengibre,4
181,Feira do Produtor do Riacho Fundo II,Berinjela,5
145,Associação dos Produtores Rurais de Alexandre Gusmão (Asspag),Limão,3
108,Feira do Produtor do Sudoeste,Atemóia,5
64,Feira do Produtor de Santa Maria,Graviola,3
114,Associação dos Produtores Rurais Novo Horizonte Betinho (Aspronte),Chuchu,3
132,Cooperativa de Produção Agropecuária dos Assentados e Pequenos Produtores Rurais do Distrito Federal e Entorno (Coopercal),Alface,4
86,Pão de Açúcar - Asa Norte,Batata,3
75,Cooperativa dos Produtores Rurais do PAD-DF (Coopadf),Alface,4
97,Feira do Produtor do Park Way,Gengibre,4
54,Supercei - Taguatinga,Banana,3
71,Carrefour - Asa Norte,Maracujá,4
121,Cooperativa dos Produtores Rurais do PAD-DF (Coopadf),Gengibre,3
68,Feira do Produtor de Ceilândia,Manga,4
174,Feira do Produtor do Riacho Fundo,Pitaia,1
112,Carrefour - Asa Norte,Gengibre,3
73,Feira do Produtor do Lago Sul,Gengibre,4
184,Associação Agrícola do Distrito Federal e Ride (Agrifam),Agrião,5
133,Assaí Atacadista - Taguatinga,Cenoura,3
141,Feira do Produtor do Sudoeste,Quiabo,4
143,Big Box - Águas Claras,Banana,3
139,Carrefour - Águas Claras,Beterraba,2
158,Cooperativa dos Produtores Rurais do PAD-DF (Coopadf),Cajamanga,3
33,Atacadão - Taguatinga,Cenoura,4
166,Sam's Club - Asa Norte,Cebola,2
79,Associação de Agricultores Familiares da Eco Comunidade do Assentamento 15 de Agosto (Afeca),Abacate,4
171,Cooperativa de Produção Agropecuária dos Assentados e Pequenos Produtores Rurais do Distrito Federal e Entorno (Coopercal),Beterraba,4
33,CEASA-DF,Mandioca,5
166,Supercei - Taguatinga,Cebola,3
28,Carrefour - Asa Norte,Limão,2
73,CEASA-DF,Chuchu,4
102,Sam's Club - Asa Norte,Abóbora,3
18,Feira do Produtor de Planaltina,Goiaba,4
12,Supercei - Taguatinga,Abóbora,2
137,Supercei - Taguatinga,Tangerina,4
189,Associação de Agricultores Familiares da Eco Comunidade do Assentamento 15 de Agosto (Afeca),Abacate,2
119,Atacadão - Taguatinga,Berinjela,4
99,Feira do Produtor do Sudoeste,Beterraba,2
118,Associação dos Trabalhadores Rurais da Agricultura Familiar do Assentamento Chapadinha (Astraf),Abacate,4
137,"Associação Mista dos Agricultores Familiares, Orgânicos e Produtores Rurais do DF e Entorno (Amista)",Brócolis,4
119,Associação dos Produtores da Agricultura Familiar (Aspaf),Uva,4
60,Cooperativa Mista da Agricultura Familiar do Meio Ambiente e da Cultura do Brasil (Coopbrasil),Lichia,3
164,Cooperativa de Produção Agropecuária dos Assentados e Pequenos Produtores Rurais do Distrito Federal e Entorno (Coopercal),Manga,4
121,Feira do Produtor da Candangolândia,Gengibre,3
38,Feira do Produtor de Planaltina,Abacate,3
157,Feira do Produtor de Águas Claras,Mandioca,3
145,Pão de Açúcar - Asa Sul,Maracujá,4
200,Associação de Agricultores Familiares da Eco Comunidade do Assentamento 15 de Agosto (Afeca),Cebola,3
86,Feira do Produtor do Lago Sul,Agrião,4
194,Feira do Produtor do Gama,Manga,3
88,Associação dos Produtores Rurais Orgânicos e Convencionais do Distrito Federal e Entorno (Asproc),Agrião,3
36,Cooperativa Agrícola da Região de Planaltina (Cootaquara),Pepino,3
88,Supercei - Sobradinho,Quiabo,3
113,Extra - Asa Sul,Goiaba,4
73,Feira do Produtor do Recanto das Emas,Uva,3
143,Cooperativa de Produção Agropecuária dos Assentados e Pequenos Produtores Rurais do Distrito Federal e Entorno (Coopercal),Chuchu,3
121,Supercei - Taguatinga,Atemóia,4
167,Atacadão - Ceilândia,Berinjela,5
159,Feira do Produtor de Taguatinga,Pimentão,4
113,Pão de Açúcar - Asa Norte,Repolho,4
13,Associação dos Produtores Rurais Novo Horizonte Betinho (Aspronte),Graviola,2
41,"Cooperativa de Trabalho, Consultoria, Instrutoria e Serviços para o Desenvolvimento Agropecuário, Econômico e Social (Agrocoop)",Pimentão,4
166,Cooperativa Agropecuária e Industrial do Rio Preto (Coopari),Beterraba,4
3,Assaí Atacadista - Ceilândia,Limão,5
84,Feira do Produtor do Jardim Botânico,Pimentão,3
45,Atacadão - Taguatinga,Beterraba,3
143,Big Box - Águas Claras,Mandioca,2
93,Cooperativa Agrícola da Região de Planaltina (Cootaquara),Lichia,5
38,Feira do Produtor de Sobradinho,Atemóia,3
151,Atacadão - Taguatinga,Beterraba,3
41,Feira do Produtor do Recanto das Emas,Cajamanga,4
88,Cooperativa Mista da Agricultura Familiar do Meio Ambiente e da Cultura do Brasil (Coopbrasil),Cajamanga,2
44,Feira do Produtor do Itapoã,Cajamanga,3
60,Cooperativa Mista da Agricultura Familiar do Meio Ambiente e da Cultura do Brasil (Coopbrasil),Manga,2
130,Feira do Produtor do Jardim Botânico,Coco,3
35,Feira do Produtor do Paranoá,Coco,3
84,Cooperativa dos Produtores Rurais de Brazlândia (Coopabra),Beterraba,4
137,Feira do Produtor de Samambaia,Brócolis,3
135,Cooperativa de Agricultura Familiar Mista do Distrito Federal (Coopermista),Agrião,3
68,Cooperativa de Produção Agropecuária dos Assentados e Pequenos Produtores Rurais do Distrito Federal e Entorno (Coopercal),Pitaia,3
59,Feira do Produtor do Lago Norte,Tangerina,3
124,Supercei - Sobradinho,Batata,4
177,"Associação Mista dos Agricultores Familiares, Orgânicos e Produtores Rurais do DF e Entorno (Amista)",Beterraba,5
26,Feira do Produtor do Paranoá,Pitaia,5
113,Supercei - Taguatinga,Morango,4
61,Feira do Produtor do Riacho Fundo II,Quiabo,4
30,Associação de Agricultores Familiares da Eco Comunidade do Assentamento 15 de Agosto (Afeca),Atemóia,4
143,Cooperativa dos Produtores Rurais do PAD-DF (Coopadf),Tomate,2
16,Feira do Produtor do Park Way,Lichia,3
40,Feira do Produtor do Paranoá,Brócolis,2
194,Associação dos Trabalhadores Rurais da Agricultura Familiar do Assentamento Chapadinha (Astraf),Maracujá,4
6,Cooperativa dos Produtores Rurais do PAD-DF (Coopadf),Couve,4
13,Associação dos Produtores Rurais Novo Horizonte Betinho (Aspronte),Batata,2
191,Feira do Produtor do Varjão,Banana,3
189,Super Maia - Sobradinho,Pimentão,2
60,Feira do Produtor do Riacho Fundo II,Chuchu,2
109,Associação dos Produtores Rurais Novo Horizonte Betinho (Aspronte),Tomate,2
34,Cooperativa Agrícola da Região de Planaltina (Cootaquara),Jiló,2
14,Feira do Produtor da Estrutural,Batata,3
89,Comper - Águas Claras,Atemóia,2
106,Feira do Produtor do Núcleo Bandeirante,Couve,4
100,Cooperativa de Produção Agropecuária dos Assentados e Pequenos Produtores Rurais do Distrito Federal e Entorno (Coopercal),Maracujá,5
70,Feira do Produtor do Varjão,Cebola,5
28,Associação dos Produtores Rurais Orgânicos e Convencionais do Distrito Federal e Entorno (Asproc),Graviola,3
77,Feira do Produtor de São Sebastião,Coco,4
69,Feira do Produtor do Cruzeiro,Cajamanga,2
26,Feira do Produtor do Paranoá,Abacate,4
20,Associação dos Produtores Rurais de Alexandre Gusmão (Asspag),Brócolis,4
168,Cooperativa dos Produtores Rurais do PAD-DF (Coopadf),Limão,3
148,Atacadão - Taguatinga,Berinjela,2
171,Feira do Produtor do Paranoá,Pitaia,2
166,Comper - Sudoeste,Graviola,3
2,Assaí Atacadista - Ceilândia,Coco,5
50,Feira do Produtor do Lago Sul,Batata,3
40,Feira do Produtor do Paranoá,Abacate,3
126,Feira do Produtor de Ceilândia,Mandioca,4
61,Super Maia - Sobradinho,Mamão,2
175,Feira do Produtor de Brazlândia,Morango,5
189,Feira do Produtor do Núcleo Bandeirante,Tomate,3
71,Feira do Produtor do Lago Norte,Tangerina,4
122,Feira do Produtor de Sobradinho,Gengibre,4
92,Feira do Produtor do Gama,Berinjela,2
98,Associação dos Produtores Rurais Novo Horizonte Betinho (Aspronte),Cenoura,4
92,Feira do Produtor de Sobradinho,Cenoura,3
62,Super Maia - Taguatinga,Uva,3
171,Feira do Produtor do Varjão,Beterraba,5
170,Cooperativa dos Produtores Rurais do PAD-DF (Coopadf),Graviola,4
102,Feira do Produtor de Ceilândia,Coco,2
178,Cooperativa Agropecuária e Industrial do Rio Preto (Coopari),Mamão,3
174,Feira do Produtor de Ceilândia,Tangerina,3
75,Feira do Produtor do Itapoã,Lichia,3
42,Atacadão - Ceilândia,Batata,4
140,Cooperativa dos Produtores Rurais do PAD-DF (Coopadf),Banana,3
67,Feira do Produtor de Vicente Pires,Abóbora,5
43,Feira do Produtor do Gama,Pepino,4
24,Feira do Produtor do Jardim Botânico,Tangerina,3
49,Feira do Produtor de Samambaia,Chuchu,4
149,Associação dos Produtores Rurais de Alexandre Gusmão (Asspag),Pepino,4
139,Cooperativa Agropecuária e Industrial do Rio Preto (Coopari),Chuchu,4
172,Big Box - Águas Claras,Chuchu,3
162,CEASA-DF,Beterraba,4
172,Atacadão - Taguatinga,Brócolis,4
11,"Cooperativa de Trabalho, Consultoria, Instrutoria e Serviços para o Desenvolvimento Agropecuário, Econômico e Social (Agrocoop)",Abacate,3
52,Associação dos Produtores Rurais Novo Horizonte Betinho (Aspronte),Coco,3
198,Comper - Águas Claras,Agrião,3
135,Carrefour - Águas Claras,Agrião,4
167,Pão de Açúcar - Asa Sul,Batata,3
71,Carrefour - Asa Norte,Tomate,4
97,Pão de Açúcar - Asa Norte,Couve,4
8,Feira do Produtor de Vicente Pires,Coco,2
78,Assaí Atacadista - Ceilândia,Cebola,4
29,Feira do Produtor de Águas Claras,Chuchu,5
106,Cooperativa Mista da Agricultura Familiar do Meio Ambiente e da Cultura do Brasil (Coopbrasil),Quiabo,4
153,Feira do Produtor do Riacho Fundo,Tangerina,3
130,Big Box - Águas Claras,Cajamanga,3
76,Feira do Produtor de São Sebastião,Goiaba,5
197,Feira do Produtor de Samambaia,Quiabo,3
94,Comper - Sudoeste,Mamão,5
34,CEASA-DF,Mandioca,2
170,Cooperativa dos Produtores Rurais do PAD-DF (Coopadf),Lichia,4
9,"Cooperativa de Trabalho, Consultoria, Instrutoria e Serviços para o Desenvolvimento Agropecuário, Econômico e Social (Agrocoop)",Lichia,4
7,Carrefour - Asa Norte,Lichia,5
68,Associação dos Produtores da Agricultura Familiar (Aspaf),Batata,3
13,Big Box - Águas Claras,Tomate,3
61,Supercei - Ceilândia,Lichia,3
49,Comper - Águas Claras,Chuchu,4
51,Feira do Produtor do Riacho Fundo II,Limão,5
184,Cooperativa de Agricultura Familiar Mista do Distrito Federal (Coopermista),Chuchu,4
110,Pão de Açúcar - Asa Sul,Pepino,3
128,Big Box - Águas Claras,Couve,4
175,Feira do Produtor do Varjão,Coco,3
110,CEASA-DF,Pimentão,3
121,Associação dos Produtores Rurais de Alexandre Gusmão (Asspag),Uva,3
184,Feira do Produtor do Riacho Fundo II,Cajamanga,4
25,Feira do Produtor de Sobradinho,Agrião,3
34,Supercei - Taguatinga,Abóbora,2
109,Feira do Produtor do Recanto das Emas,Graviola,2
187,Feira do Produtor de Santa Maria,Jiló,4
132,Associação dos Produtores Rurais de Alexandre Gusmão (Asspag),Banana,3
118,Feira da Agricultura Familiar - Plano Piloto,Pitaia,4
58,Assaí Atacadista - Ceilândia,Uva,4
61,Cooperativa de Produção Agropecuária dos Assentados e Pequenos Produtores Rurais do Distrito Federal e Entorno (Coopercal),Couve,3
117,Feira do Produtor do Paranoá,Uva,5
157,Supercei - Sobradinho,Abóbora,3
80,Supercei - Sobradinho,Coco,4
38,Pão de Açúcar - Asa Norte,Repolho,5
22,Feira do Produtor do Lago Sul,Cajamanga,4
180,Sam's Club - Asa Norte,Beterraba,4
199,Feira do Produtor do Lago Sul,Coco,3
104,Feira do Produtor do Recanto das Emas,Berinjela,5
68,Feira do Produtor do Núcleo Bandeirante,Abóbora,2
2,Atacadão - Ceilândia,Couve,3
26,Associação dos Produtores Rurais Novo Horizonte Betinho (Aspronte),Banana,5
76,Feira do Produtor de São Sebastião,Cebola,5
103,Feira do Produtor do Jardim Botânico,Mamão,2
17,Associação dos Produtores de Hortigranjeiros do Distrito Federal (Asphor),Alface,5
168,Feira do Produtor do Gama,Graviola,4
128,Associação dos Produtores de Hortigranjeiros do Distrito Federal (Asphor),Repolho,4
184,Feira do Produtor de Taguatinga,Cebola,5
18,Carrefour - Asa Norte,Atemóia,3
30,Big Box - Águas Claras,Gengibre,5
72,Associação dos Produtores Rurais de Alexandre Gusmão (Asspag),Abóbora,4
21,Cooperativa dos Produtores Rurais de Brazlândia (Coopabra),Morango,4
93,Atacadão - Taguatinga,Limão,4
51,Cooperativa Agrícola da Região de Planaltina (Cootaquara),Brócolis,4
165,Feira do Produtor do Lago Norte,Abacate,3
196,Associação dos Produtores Rurais Novo Horizonte Betinho (Aspronte),Cajamanga,1
41,Feira do Produtor do Riacho Fundo II,Brócolis,3
144,Cooperativa Mista da Agricultura Familiar do Meio Ambiente e da Cultura do Brasil (Coopbrasil),Maracujá,3
6,Assaí Atacadista - Ceilândia,Coco,5
127,Feira da Agricultura Familiar - Plano Piloto,Mamão,3
181,Walmart - Samambaia,Quiabo,3
119,Associação dos Trabalhadores Rurais da Agricultura Familiar do Assentamento Chapadinha (Astraf),Repolho,4
25,"Associação Mista dos Agricultores Familiares, Orgânicos e Produtores Rurais do DF e Entorno (Amista)",Maracujá,2
60,Associação dos Produtores Rurais Orgânicos e Convencionais do Distrito Federal e Entorno (Asproc),Alface,2
151,Feira do Produtor de Sobradinho,Cebola,4
42,Super Maia - Taguatinga,Chuchu,4
27,Feira do Produtor do Riacho Fundo,Gengibre,5
72,Feira do Produtor do Recanto das Emas,Chuchu,5
199,Associação dos Produtores Rurais Orgânicos e Convencionais do Distrito Federal e Entorno (Asproc),Tomate,4
120,Feira do Produtor do Guará,Graviola,3
34,Associação dos Produtores Rurais de Alexandre Gusmão (Asspag),Coco,2
45,Mercado Orgânico do CEASA,Tangerina,3
188,Comper - Sudoeste,Abóbora,2
110,Feira do Produtor de Águas Claras,Graviola,2
71,Cooperativa Agrícola da Região de Planaltina (Cootaquara),Brócolis,5
67,Associação dos Produtores Rurais de Alexandre Gusmão (Asspag),Maracujá,4
121,Cooperativa de Agricultura Familiar Mista do Distrito Federal (Coopermista),Tangerina,4
44,Feira do Produtor do Paranoá,Manga,3
183,CEASA-DF,Pitaia,3
15,Feira do Produtor do Guará,Coco,2
6,Pão de Açúcar - Asa Norte,Mandioca,4
16,Pão de Açúcar - Asa Sul,Morango,3
44,"Associação Mista dos Agricultores Familiares, Orgânicos e Produtores Rurais do DF e Entorno (Amista)",Manga,3
77,Supercei - Ceilândia,Brócolis,3
41,Extra - Asa Norte,Lichia,4
162,Feira do Produtor do Recanto das Emas,Limão,4
65,"Cooperativa de Trabalho, Consultoria, Instrutoria e Serviços para o Desenvolvimento Agropecuário, Econômico e Social (Agrocoop)",Pepino,4
4,Associação dos Produtores de Hortigranjeiros do Distrito Federal (Asphor),Cenoura,4
135,Assaí Atacadista - Ceilândia,Maracujá,4
84,Cooperativa Agropecuária e Industrial do Rio Preto (Coopari),Mandioca,3
8,"Cooperativa de Trabalho, Consultoria, Instrutoria e Serviços para o Desenvolvimento Agropecuário, Econômico e Social (Agrocoop)",Repolho,3
190,Feira do Produtor da Candangolândia,Banana,3
32,Feira do Produtor do Riacho Fundo II,Morango,3
111,Feira da Agricultura Familiar - Plano Piloto,Maracujá,5
182,Feira do Produtor do Recanto das Emas,Berinjela,3
119,Feira do Produtor do Gama,Pitaia,3
42,Associação dos Produtores Rurais Novo Horizonte Betinho (Aspronte),Uva,5
147,Associação de Agricultores Familiares da Eco Comunidade do Assentamento 15 de Agosto (Afeca),Coco,5
197,Mercado Orgânico do CEASA,Repolho,2
22,Feira do Produtor do Lago Norte,Alface,4
195,Cooperativa Agrícola da Região de Planaltina (Cootaquara),Mamão,3
187,Feira do Produtor de Brazlândia,Morango,4
25,Feira do Produtor do Riacho Fundo,Pimentão,2
94,Supercei - Taguatinga,Berinjela,5
12,Atacadão - Ceilândia,Pimentão,3
168,Feira do Produtor do Gama,Banana,4
33,Feira do Produtor do Itapoã,Manga,5
132,Big Box - Águas Claras,Abóbora,5
154,Super Maia - Taguatinga,Tomate,3
91,Comper - Sudoeste,Cebola,5
163,Feira do Produtor do Núcleo Bandeirante,Cenoura,2
4,Feira do Produtor do Recanto das Emas,Tangerina,2
65,CEASA-DF,Coco,5
101,Extra - Asa Norte,Limão,4
92,Carrefour - Asa Norte,Gengibre,3
147,Feira do Produtor do Park Way,Uva,4
192,Mercado Orgânico do CEASA,Manga,4
21,Big Box - Águas Claras,Uva,4
50,Extra - Asa Sul,Cenoura,3
162,Mercado Orgânico do CEASA,Cebola,3
145,Associação dos Produtores Rurais Novo Horizonte Betinho (Aspronte),Cebola,4
19,Feira do Produtor do Lago Sul,Manga,3
127,Assaí Atacadista - Taguatinga,Limão,4
135,Supercei - Ceilândia,Berinjela,3
14,Feira do Produtor do Jardim Botânico,Uva,2
7,CEASA-DF,Cajamanga,5
145,Feira do Produtor do Paranoá,Brócolis,3
107,Cooperativa de Agricultura Familiar Mista do Distrito Federal (Coopermista),Jiló,4
173,Cooperativa de Produção Agropecuária dos Assentados e Pequenos Produtores Rurais do Distrito Federal e Entorno (Coopercal),Beterraba,3
195,Feira do Produtor do Sudoeste,Pepino,2
104,Feira do Produtor do Riacho Fundo,Uva,3
108,Supercei - Sobradinho,Goiaba,5
34,Super Maia - Sobradinho,Brócolis,3
175,Cooperativa de Produção Agropecuária dos Assentados e Pequenos Produtores Rurais do Distrito Federal e Entorno (Coopercal),Cajamanga,4
100,"Cooperativa de Trabalho, Consultoria, Instrutoria e Serviços para o Desenvolvimento Agropecuário, Econômico e Social (Agrocoop)",Manga,5
117,Feira da Agricultura Familiar - Plano Piloto,Alface,4
39,Extra - Asa Norte,Gengibre,4
55,Feira do Produtor de Vicente Pires,Cebola,4
142,Supercei - Taguatinga,Cebola,4
103,Feira do Produtor de São Sebastião,Pepino,2
128,Extra - Asa Sul,Lichia,4
164,Associação de Agricultores Familiares da Eco Comunidade do Assentamento 15 de Agosto (Afeca),Banana,3
72,Supercei - Sobradinho,Quiabo,4
92,Assaí Atacadista - Taguatinga,Alface,4
3,Cooperativa Agropecuária e Industrial do Rio Preto (Coopari),Goiaba,3
102,Feira do Produtor de Taguatinga,Uva,3
102,Feira do Produtor de Vicente Pires,Graviola,1
93,Feira do Produtor de São Sebastião,Batata,5
190,Atacadão - Ceilândia,Cebola,4
128,Feira do Produtor do Recanto das Emas,Chuchu,4
67,Feira do Produtor do Sudoeste,Beterraba,5
178,Feira do Produtor do Riacho Fundo,Quiabo,3
194,Feira da Agricultura Familiar - Plano Piloto,Jiló,3
103,Feira do Produtor de Brazlândia,Maracujá,4
112,Associação dos Produtores Rurais Novo Horizonte Betinho (Aspronte),Mandioca,3
19,Cooperativa de Produção Agropecuária dos Assentados e Pequenos Produtores Rurais do Distrito Federal e Entorno (Coopercal),Abóbora,3
117,Feira do Produtor de Santa Maria,Quiabo,4
49,Pão de Açúcar - Asa Norte,Couve,5
67,Feira do Produtor de São Sebastião,Abóbora,5
118,Associação dos Trabalhadores Rurais da Agricultura Familiar do Assentamento Chapadinha (Astraf),Jiló,5
139,Feira do Produtor da Candangolândia,Berinjela,2
182,Extra - Asa Sul,Quiabo,3
116,Associação dos Produtores Rurais Orgânicos e Convencionais do Distrito Federal e Entorno (Asproc),Couve,5
138,Extra - Asa Norte,Limão,3
52,Supercei - Sobradinho,Coco,5
61,Assaí Atacadista - Ceilândia,Agrião,3
78,Comper - Águas Claras,Mamão,4
85,Feira do Produtor do Recanto das Emas,Berinjela,3
22,Feira do Produtor do Riacho Fundo II,Graviola,4
136,Associação dos Trabalhadores Rurais da Agricultura Familiar do Assentamento Chapadinha (Astraf),Berinjela,4
112,Sam's Club - Asa Norte,Abóbora,3
89,Extra - Asa Sul,Banana,3
182,Carrefour - Águas Claras,Morango,3
13,Associação de Agricultores Familiares da Eco Comunidade do Assentamento 15 de Agosto (Afeca),Agrião,2
148,Feira do Produtor do Cruzeiro,Limão,3
13,Supercei - Taguatinga,Limão,3
111,Feira do Produtor do Cruzeiro,Manga,4
193,Feira do Produtor do Gama,Banana,4
160,CEASA-DF,Uva,4
41,Feira do Produtor do Gama,Cajamanga,4
65,Feira do Produtor de Taguatinga,Maracujá,4
145,"Associação Mista dos Agricultores Familiares, Orgânicos e Produtores Rurais do DF e Entorno (Amista)",Brócolis,3
66,Cooperativa de Agricultura Familiar Mista do Distrito Federal (Coopermista),Chuchu,2
131,Associação de Agricultores Familiares da Eco Comunidade do Assentamento 15 de Agosto (Afeca),Atemóia,4
136,Associação dos Produtores de Hortigranjeiros do Distrito Federal (Asphor),Graviola,4
20,Feira do Produtor de Águas Claras,Batata,5
22,Associação Agrícola do Distrito Federal e Ride (Agrifam),Maracujá,4
95,Comper - Águas Claras,Repolho,4
104,Cooperativa dos Produtores Rurais de Brazlândia (Coopabra),Mamão,4
64,Associação Agrícola do Distrito Federal e Ride (Agrifam),Pitaia,4
21,Feira do Produtor de Vicente Pires,Pimentão,4
122,Comper - Sudoeste,Abacate,3
9,Feira do Produtor do Recanto das Emas,Maracujá,3
167,Carrefour - Águas Claras,Limão,5
41,Feira do Produtor de Samambaia,Abacate,4
110,Associação dos Produtores Rurais Orgânicos e Convencionais do Distrito Federal e Entorno (Asproc),Batata,2
198,CEASA-DF,Chuchu,3
85,Feira do Produtor do Gama,Gengibre,4
141,Comper - Sudoeste,Berinjela,4
123,Feira do Produtor do Park Way,Tangerina,3
167,Feira do Produtor do Paranoá,Lichia,4
100,Walmart - Samambaia,Alface,4
199,Feira da Agricultura Familiar - Plano Piloto,Graviola,4
199,Carrefour - Águas Claras,Morango,3
88,Pão de Açúcar - Asa Norte,Mamão,3
27,Associação dos Produtores de Hortigranjeiros do Distrito Federal (Asphor),Repolho,4
19,Feira do Produtor de Ceilândia,Banana,3
131,Supercei - Sobradinho,Uva,4
131,Supercei - Sobradinho,Cajamanga,4
117,Feira do Produtor do Núcleo Bandeirante,Beterraba,4
123,Feira do Produtor do Cruzeiro,Graviola,3
13,Feira do Produtor de Vicente Pires,Banana,3
28,Feira do Produtor de Planaltina,Pimentão,4
12,Feira do Produtor do Riacho Fundo,Beterraba,3
169,Feira do Produtor do Park Way,Berinjela,3
30,Walmart - Samambaia,Agrião,4
191,Comper - Águas Claras,Quiabo,3
121,Cooperativa dos Produtores Rurais do PAD-DF (Coopadf),Quiabo,3
125,Cooperativa de Produção Agropecuária dos Assentados e Pequenos Produtores Rurais do Distrito Federal e Entorno (Coopercal),Maracujá,4
26,Pão de Açúcar - Asa Norte,Chuchu,5
169,Feira do Produtor de Santa Maria,Tangerina,3
122,Pão de Açúcar - Asa Norte,Atemóia,3
32,Supercei - Ceilândia,Mandioca,2
163,"Associação Mista dos Agricultores Familiares, Orgânicos e Produtores Rurais do DF e Entorno (Amista)",Uva,3
74,Big Box - Águas Claras,Mamão,2
145,Feira do Produtor de Ceilândia,Agrião,4
95,Feira do Produtor do Lago Sul,Cenoura,3
127,Supercei - Ceilândia,Graviola,3
129,Feira do Produtor de Planaltina,Coco,5
89,"Associação Mista dos Agricultores Familiares, Orgânicos e Produtores Rurais do DF e Entorno (Amista)",Beterraba,3
164,Feira do Produtor de Águas Claras,Alface,3
63,Pão de Açúcar - Asa Sul,Manga,3
34,Feira do Produtor do Núcleo Bandeirante,Atemóia,3
169,Extra - Asa Sul,Beterraba,3
178,Feira do Produtor do Park Way,Agrião,2
139,Cooperativa de Produção Agropecuária dos Assentados e Pequenos Produtores Rurais do Distrito Federal e Entorno (Coopercal),Alface,3
21,Atacadão - Taguatinga,Atemóia,4
25,Feira do Produtor do Jardim Botânico,Uva,2
26,Supercei - Sobradinho,Chuchu,4
9,Feira do Produtor do Lago Sul,Cenoura,4
187,Walmart - Samambaia,Mamão,4
22,Mercado Orgânico do CEASA,Quiabo,4
2,Assaí Atacadista - Ceilândia,Cebola,4
53,Extra - Asa Sul,Mamão,5
15,Extra - Asa Sul,Goiaba,1
22,Cooperativa dos Produtores Rurais de Brazlândia (Coopabra),Pimentão,5
200,Mercado Orgânico do CEASA,Cajamanga,4
69,Cooperativa dos Produtores Rurais de Brazlândia (Coopabra),Banana,2
147,Feira do Produtor do Park Way,Uva,4
54,Feira do Produtor do Gama,Goiaba,4
5,Supercei - Ceilândia,Lichia,3
117,Feira do Produtor da Estrutural,Abacate,3
79,Feira do Produtor do Gama,Mandioca,5
118,Associação dos Trabalhadores Rurais da Agricultura Familiar do Assentamento Chapadinha (Astraf),Pepino,5
200,Cooperativa Agropecuária e Industrial do Rio Preto (Coopari),Goiaba,4
187,Feira do Produtor de Sobradinho,Gengibre,4
188,Atacadão - Taguatinga,Mamão,2
35,Carrefour - Águas Claras,Atemóia,4
103,Feira do Produtor do Jardim Botânico,Berinjela,2
200,Associação dos Produtores Rurais Novo Horizonte Betinho (Aspronte),Manga,3
95,Associação dos Produtores Rurais Orgânicos e Convencionais do Distrito Federal e Entorno (Asproc),Jiló,3
132,Comper - Águas Claras,Batata,4
89,Cooperativa de Agricultura Familiar Mista do Distrito Federal (Coopermista),Manga,3
177,Feira do Produtor de Ceilândia,Chuchu,4
198,Comper - Águas Claras,Pitaia,2
12,Feira do Produtor de Brazlândia,Jiló,3
50,Assaí Atacadista - Taguatinga,Goiaba,4
162,Feira do Produtor do Cruzeiro,Alface,3
39,Supercei - Sobradinho,Quiabo,5
26,CEASA-DF,Abóbora,4
53,Cooperativa Mista da Agricultura Familiar do Meio Ambiente e da Cultura do Brasil (Coopbrasil),Lichia,4
96,Associação dos Produtores Rurais Novo Horizonte Betinho (Aspronte),Quiabo,3
93,Supercei - Sobradinho,Chuchu,4
110,Associação dos Produtores de Hortigranjeiros do Distrito Federal (Asphor),Atemóia,2
164,Cooperativa de Produção Agropecuária dos Assentados e Pequenos Produtores Rurais do Distrito Federal e Entorno (Coopercal),Maracujá,3
79,Supercei - Taguatinga,Alface,5
184,Feira da Agricultura Familiar - Plano Piloto,Batata,5
149,Pão de Açúcar - Asa Sul,Maracujá,4
30,Cooperativa Agropecuária e Industrial do Rio Preto (Coopari),Cajamanga,4
58,Associação dos Trabalhadores Rurais da Agricultura Familiar do Assentamento Chapadinha (Astraf),Chuchu,3
31,Feira do Produtor de Samambaia,Quiabo,2
183,Feira do Produtor de São Sebastião,Repolho,2
138,Feira do Produtor do Paranoá,Atemóia,4
138,Associação de Agricultores Familiares da Eco Comunidade do Assentamento 15 de Agosto (Afeca),Chuchu,4
187,Cooperativa Agropecuária e Industrial do Rio Preto (Coopari),Chuchu,3
27,Feira da Agricultura Familiar - Plano Piloto,Quiabo,4
13,Associação dos Produtores Rurais Novo Horizonte Betinho (Aspronte),Agrião,3
148,Feira do Produtor do Varjão,Quiabo,3
71,Cooperativa de Produção Agropecuária dos Assentados e Pequenos Produtores Rurais do Distrito Federal e Entorno (Coopercal),Limão,4
186,Feira do Produtor do Lago Norte,Berinjela,3
162,Cooperativa de Produção Agropecuária dos Assentados e Pequenos Produtores Rurais do Distrito Federal e Entorno (Coopercal),Repolho,3
68,Feira do Produtor do Lago Sul,Alface,2
177,Feira do Produtor de São Sebastião,Cajamanga,4
195,Cooperativa Agrícola da Região de Planaltina (Cootaquara),Mamão,3
145,Associação dos Produtores Rurais de Alexandre Gusmão (Asspag),Maracujá,3
148,Sam's Club - Asa Norte,Lichia,2
34,Supercei - Taguatinga,Atemóia,2
196,Pão de Açúcar - Asa Norte,Chuchu,2
120,Feira do Produtor do Park Way,Pitaia,3
16,Feira do Produtor do Riacho Fundo II,Brócolis,3
70,Sam's Club - Asa Norte,Beterraba,4
159,Feira do Produtor do Varjão,Pimentão,4
182,Associação dos Trabalhadores Rurais da Agricultura Familiar do Assentamento Chapadinha (Astraf),Chuchu,3
136,Extra - Asa Sul,Mandioca,3
194,Feira do Produtor do Gama,Gengibre,3
114,Feira do Produtor do Cruzeiro,Pepino,3
78,Feira do Produtor do Itapoã,Uva,5
118,Feira do Produtor do Gama,Quiabo,4
74,Supercei - Taguatinga,Repolho,2
20,Feira do Produtor de Águas Claras,Limão,4
63,Feira do Produtor de Planaltina,Graviola,5
18,Feira do Produtor do Itapoã,Manga,4
37,Associação dos Trabalhadores Rurais da Agricultura Familiar do Assentamento Chapadinha (Astraf),Berinjela,4
64,Associação dos Produtores de Hortigranjeiros do Distrito Federal (Asphor),Lichia,2
1,"Cooperativa de Trabalho, Consultoria, Instrutoria e Serviços para o Desenvolvimento Agropecuário, Econômico e Social (Agrocoop)",Limão,3
158,Feira do Produtor de Planaltina,Coco,3
90,Feira do Produtor de Brazlândia,Abacate,4
96,Cooperativa dos Produtores Rurais de Brazlândia (Coopabra),Beterraba,3
79,Feira do Produtor de Samambaia,Quiabo,4
127,Feira do Produtor de Planaltina,Batata,2
199,Atacadão - Ceilândia,Goiaba,3
10,Associação dos Produtores Rurais Novo Horizonte Betinho (Aspronte),Banana,3
158,Supercei - Taguatinga,Lichia,3
108,Cooperativa Agropecuária e Industrial do Rio Preto (Coopari),Abacate,3
181,Feira do Produtor da Estrutural,Cajamanga,4
60,Feira do Produtor de Santa Maria,Quiabo,3
79,Feira do Produtor de Sobradinho,Atemóia,4
96,Feira do Produtor do Varjão,Banana,3
45,Super Maia - Sobradinho,Lichia,3
154,Atacadão - Taguatinga,Atemóia,2
103,Supercei - Sobradinho,Pimentão,2
109,Pão de Açúcar - Asa Norte,Graviola,3
87,Feira do Produtor de Vicente Pires,Manga,3
26,Cooperativa Mista da Agricultura Familiar do Meio Ambiente e da Cultura do Brasil (Coopbrasil),Lichia,5
24,Walmart - Samambaia,Graviola,3
8,"Cooperativa de Trabalho, Consultoria, Instrutoria e Serviços para o Desenvolvimento Agropecuário, Econômico e Social (Agrocoop)",Gengibre,4
161,Feira do Produtor do Riacho Fundo,Uva,5
98,Comper - Águas Claras,Cebola,4
56,Cooperativa Mista da Agricultura Familiar do Meio Ambiente e da Cultura do Brasil (Coopbrasil),Manga,5
54,Cooperativa Agropecuária e Industrial do Rio Preto (Coopari),Manga,4
141,Mercado Orgânico do CEASA,Banana,4
105,Feira do Produtor do Jardim Botânico,Repolho,2
167,Feira do Produtor do Cruzeiro,Graviola,5
125,Supercei - Sobradinho,Coco,3
5,Supercei - Taguatinga,Tangerina,4
13,Feira do Produtor do Sudoeste,Mamão,2
58,Feira do Produtor de Santa Maria,Brócolis,4
178,Feira do Produtor do Lago Sul,Cenoura,4
8,Cooperativa de Produção Agropecuária dos Assentados e Pequenos Produtores Rurais do Distrito Federal e Entorno (Coopercal),Manga,3
35,Feira do Produtor de Taguatinga,Manga,5
81,Feira do Produtor do Riacho Fundo,Coco,4
55,Cooperativa de Produção Agropecuária dos Assentados e Pequenos Produtores Rurais do Distrito Federal e Entorno (Coopercal),Uva,5
189,Supercei - Ceilândia,Mandioca,4
182,Feira do Produtor de Vicente Pires,Couve,3
55,"Cooperativa de Trabalho, Consultoria, Instrutoria e Serviços para o Desenvolvimento Agropecuário, Econômico e Social (Agrocoop)",Manga,5
27,Associação dos Produtores da Agricultura Familiar (Aspaf),Pimentão,4
142,Feira do Produtor do Park Way,Morango,5
181,Feira do Produtor da Candangolândia,Coco,5
138,Feira do Produtor da Candangolândia,Uva,3
62,Super Maia - Taguatinga,Cajamanga,3
176,Comper - Sudoeste,Mandioca,3
148,Associação dos Produtores Rurais Novo Horizonte Betinho (Aspronte),Chuchu,2
57,Extra - Asa Sul,Cebola,2
180,Feira do Produtor do Lago Norte,Alface,3
196,Cooperativa Mista da Agricultura Familiar do Meio Ambiente e da Cultura do Brasil (Coopbrasil),Agrião,4
78,Supercei - Ceilândia,Mamão,5
97,Atacadão - Ceilândia,Abacate,5
63,Associação de Agricultores Familiares da Eco Comunidade do Assentamento 15 de Agosto (Afeca),Banana,4
119,Extra - Asa Norte,Graviola,3
80,Feira do Produtor de Taguatinga,Berinjela,5
158,Feira do Produtor do Riacho Fundo II,Beterraba,3
66,Feira do Produtor de Ceilândia,Mamão,3
180,Feira do Produtor de Águas Claras,Pimentão,3
118,Feira do Produtor de Brazlândia,Uva,4
162,Feira do Produtor do Jardim Botânico,Atemóia,2
90,Feira do Produtor do Riacho Fundo,Gengibre,4
77,Walmart - Samambaia,Pepino,3
80,Carrefour - Águas Claras,Manga,4
165,Feira do Produtor do Itapoã,Maracujá,3
190,Feira do Produtor da Candangolândia,Batata,4
142,Feira do Produtor do Gama,Mandioca,3
153,Sam's Club - Asa Norte,Chuchu,3
116,Cooperativa de Agricultura Familiar Mista do Distrito Federal (Coopermista),Mandioca,4
193,Pão de Açúcar - Asa Norte,Graviola,5
143,Supercei - Taguatinga,Mandioca,3
164,Feira do Produtor de Samambaia,Maracujá,3
166,"Cooperativa de Trabalho, Consultoria, Instrutoria e Serviços para o Desenvolvimento Agropecuário, Econômico e Social (Agrocoop)",Cenoura,2
131,Feira do Produtor do Riacho Fundo,Pimentão,3
120,Mercado Orgânico do CEASA,Manga,3
158,Feira do Produtor de Águas Claras,Coco,3
122,Assaí Atacadista - Ceilândia,Limão,2
108,Comper - Sudoeste,Batata,5
103,Cooperativa de Agricultura Familiar Mista do Distrito Federal (Coopermista),Beterraba,2
28,Extra - Asa Sul,Banana,3
192,Atacadão - Taguatinga,Berinjela,3
93,Extra - Asa Sul,Cenoura,5
191,Pão de Açúcar - Asa Sul,Cajamanga,2
65,Super Maia - Sobradinho,Cajamanga,5
110,Super Maia - Taguatinga,Lichia,3
89,Feira do Produtor do Núcleo Bandeirante,Manga,2
2,Feira do Produtor do Recanto das Emas,Cenoura,4
108,Feira do Produtor de Brazlândia,Berinjela,5
54,Associação dos Produtores Rurais Orgânicos e Convencionais do Distrito Federal e Entorno (Asproc),Banana,3
70,Feira do Produtor do Varjão,Abóbora,4
45,Feira do Produtor do Paranoá,Chuchu,4
146,Feira do Produtor do Lago Norte,Abóbora,5
113,Cooperativa Mista da Agricultura Familiar do Meio Ambiente e da Cultura do Brasil (Coopbrasil),Morango,3
159,Associação Agrícola do Distrito Federal e Ride (Agrifam),Tangerina,4
57,Feira do Produtor do Guará,Coco,5
162,Feira do Produtor do Cruzeiro,Mamão,3
118,Feira do Produtor do Guará,Morango,4
138,Mercado Orgânico do CEASA,Cebola,4
21,Supercei - Sobradinho,Limão,4
64,Atacadão - Taguatinga,Pitaia,3
193,Sam's Club - Asa Norte,Lichia,3
148,Atacadão - Taguatinga,Pimentão,3
131,Carrefour - Águas Claras,Chuchu,4
73,Feira do Produtor de Taguatinga,Quiabo,3
68,Feira do Produtor do Lago Norte,Alface,2
24,Cooperativa dos Produtores Rurais do PAD-DF (Coopadf),Brócolis,3
94,Atacadão - Taguatinga,Beterraba,4
26,Super Maia - Sobradinho,Alface,4
140,Feira do Produtor do Guará,Agrião,3
191,Feira do Produtor do Recanto das Emas,Uva,3
184,Feira do Produtor do Riacho Fundo II,Mamão,5
169,Associação de Agricultores Familiares da Eco Comunidade do Assentamento 15 de Agosto (Afeca),Cajamanga,4
27,Feira do Produtor do Núcleo Bandeirante,Brócolis,5
11,Feira do Produtor da Candangolândia,Morango,2
195,Atacadão - Ceilândia,Cenoura,3
125,Associação dos Produtores Rurais Orgânicos e Convencionais do Distrito Federal e Entorno (Asproc),Chuchu,3
105,Cooperativa Mista da Agricultura Familiar do Meio Ambiente e da Cultura do Brasil (Coopbrasil),Abacate,3
159,Big Box - Águas Claras,Banana,4
159,"Cooperativa de Trabalho, Consultoria, Instrutoria e Serviços para o Desenvolvimento Agropecuário, Econômico e Social (Agrocoop)",Goiaba,4
129,Mercado Orgânico do CEASA,Tomate,3
109,Feira do Produtor de Planaltina,Beterraba,3
13,CEASA-DF,Repolho,2
29,Associação dos Produtores Rurais de Alexandre Gusmão (Asspag),Chuchu,4
184,Feira da Agricultura Familiar - Plano Piloto,Cenoura,5
92,Feira do Produtor do Lago Norte,Tangerina,5
66,Feira do Produtor do Park Way,Brócolis,3
161,Cooperativa Agrícola da Região de Planaltina (Cootaquara),Goiaba,5
115,Cooperativa dos Produtores Rurais do PAD-DF (Coopadf),Maracujá,4
144,Mercado Orgânico do CEASA,Tomate,3
28,Big Box - Águas Claras,Pepino,3
90,Feira do Produtor de Samambaia,Maracujá,4
175,Feira do Produtor da Estrutural,Abóbora,5
64,Feira do Produtor da Candangolândia,Abacate,4
75,Feira do Produtor do Sudoeste,Pepino,4
12,Feira do Produtor de São Sebastião,Uva,3
5,Feira do Produtor do Riacho Fundo II,Jiló,3
44,Pão de Açúcar - Asa Sul,Banana,2
90,"Associação Mista dos Agricultores Familiares, Orgânicos e Produtores Rurais do DF e Entorno (Amista)",Manga,3
153,Feira do Produtor do Riacho Fundo,Pepino,4
168,Cooperativa de Agricultura Familiar Mista do Distrito Federal (Coopermista),Quiabo,3
13,Feira do Produtor de Brazlândia,Brócolis,3
176,Cooperativa de Agricultura Familiar Mista do Distrito Federal (Coopermista),Mandioca,3
142,Feira da Agricultura Familiar - Plano Piloto,Beterraba,4
79,Feira da Agricultura Familiar - Plano Piloto,Abacate,4
191,Feira do Produtor de Ceilândia,Atemóia,2
113,Feira do Produtor do Riacho Fundo II,Pitaia,3
104,Feira do Produtor do Riacho Fundo II,Tangerina,4
98,Supercei - Taguatinga,Repolho,4
18,Feira do Produtor de Samambaia,Coco,4
122,"Associação Mista dos Agricultores Familiares, Orgânicos e Produtores Rurais do DF e Entorno (Amista)",Pimentão,4
25,Feira do Produtor de Sobradinho,Gengibre,3
37,Feira do Produtor de Planaltina,Abóbora,3
39,Feira do Produtor do Gama,Berinjela,4
180,Feira do Produtor da Estrutural,Pepino,3
183,Extra - Asa Sul,Cajamanga,4
136,Associação dos Produtores Rurais Novo Horizonte Betinho (Aspronte),Chuchu,3
21,Carrefour - Águas Claras,Lichia,5
104,Associação Agrícola do Distrito Federal e Ride (Agrifam),Atemóia,4
156,Feira do Produtor do Guará,Tangerina,2
52,Cooperativa dos Produtores Rurais do PAD-DF (Coopadf),Gengibre,4
97,Associação de Agricultores Familiares da Eco Comunidade do Assentamento 15 de Agosto (Afeca),Mandioca,3
185,Comper - Águas Claras,Mamão,3
9,Extra - Asa Norte,Berinjela,3
64,Comper - Águas Claras,Limão,3
71,Feira do Produtor de Sobradinho,Manga,4
65,Feira do Produtor do Cruzeiro,Alface,4
38,Extra - Asa Sul,Agrião,3
180,"Cooperativa de Trabalho, Consultoria, Instrutoria e Serviços para o Desenvolvimento Agropecuário, Econômico e Social (Agrocoop)",Pitaia,2
29,Feira do Produtor do Recanto das Emas,Banana,3
142,Feira do Produtor do Lago Norte,Berinjela,3
166,Supercei - Taguatinga,Jiló,3
29,Feira do Produtor de Águas Claras,Tomate,4
191,Supercei - Sobradinho,Cajamanga,3
109,Feira da Agricultura Familiar - Plano Piloto,Banana,3
104,Associação Agrícola do Distrito Federal e Ride (Agrifam),Mamão,3
28,Carrefour - Asa Norte,Pitaia,2
184,Feira do Produtor do Paranoá,Jiló,4
148,Carrefour - Águas Claras,Limão,3
194,Feira do Produtor de Planaltina,Coco,4
106,Feira do Produtor de Santa Maria,Pimentão,4
36,Cooperativa Agrícola da Região de Planaltina (Cootaquara),Limão,3
44,Pão de Açúcar - Asa Norte,Coco,3
9,Feira do Produtor de Ceilândia,Pepino,3
34,Carrefour - Águas Claras,Atemóia,2
149,Supercei - Ceilândia,Repolho,3
98,Feira do Produtor de Ceilândia,Lichia,4
69,Supercei - Taguatinga,Berinjela,3
127,Atacadão - Ceilândia,Abóbora,3
122,Feira do Produtor do Lago Norte,Tomate,3
6,Feira do Produtor do Paranoá,Quiabo,4
177,Feira do Produtor de Vicente Pires,Pepino,5
21,Cooperativa de Agricultura Familiar Mista do Distrito Federal (Coopermista),Morango,3
153,Super Maia - Sobradinho,Beterraba,4
167,Carrefour - Asa Norte,Pepino,5
96,Feira do Produtor do Varjão,Pepino,2
123,CEASA-DF,Chuchu,3
12,Feira do Produtor do Riacho Fundo II,Quiabo,3
89,Atacadão - Ceilândia,Alface,3
12,Feira do Produtor do Cruzeiro,Pepino,3
20,Feira do Produtor do Cruzeiro,Mamão,5
139,Cooperativa de Produção Agropecuária dos Assentados e Pequenos Produtores Rurais do Distrito Federal e Entorno (Coopercal),Manga,3
191,Feira do Produtor do Park Way,Graviola,2
158,Associação dos Produtores Rurais Novo Horizonte Betinho (Aspronte),Abóbora,4
134,Feira do Produtor do Varjão,Pitaia,5
90,Associação dos Produtores Rurais Novo Horizonte Betinho (Aspronte),Quiabo,4
36,Feira do Produtor da Estrutural,Atemóia,3
175,Extra - Asa Sul,Coco,4
138,Supercei - Sobradinho,Limão,4
71,Feira do Produtor do Paranoá,Repolho,4
163,Carrefour - Asa Norte,Pitaia,3
66,Supercei - Sobradinho,Pitaia,3
107,Feira do Produtor do Guará,Mandioca,4
191,Feira do Produtor da Estrutural,Batata,3
114,Cooperativa dos Produtores Rurais do PAD-DF (Coopadf),Mandioca,3
183,Feira do Produtor de Planaltina,Couve,3
144,Atacadão - Taguatinga,Cenoura,4
125,Associação dos Produtores Rurais de Alexandre Gusmão (Asspag),Morango,3
142,Feira do Produtor do Riacho Fundo,Mandioca,4
101,Walmart - Samambaia,Pimentão,3
132,Comper - Sudoeste,Lichia,3
21,Comper - Águas Claras,Beterraba,4
128,Supercei - Taguatinga,Graviola,5
124,Feira do Produtor do Lago Sul,Pimentão,3
3,Cooperativa Agropecuária e Industrial do Rio Preto (Coopari),Manga,3
160,Associação dos Produtores Rurais de Alexandre Gusmão (Asspag),Pepino,4
4,Feira do Produtor de Santa Maria,Cajamanga,3
51,Feira do Produtor do Jardim Botânico,Manga,4
165,Carrefour - Águas Claras,Uva,2
78,CEASA-DF,Cajamanga,5
146,Super Maia - Sobradinho,Banana,3
42,Feira do Produtor da Estrutural,Abacate,5
181,Cooperativa de Produção Agropecuária dos Assentados e Pequenos Produtores Rurais do Distrito Federal e Entorno (Coopercal),Atemóia,4
112,Assaí Atacadista - Taguatinga,Beterraba,4
13,Feira da Agricultura Familiar - Plano Piloto,Chuchu,3
5,Feira do Produtor do Varjão,Tomate,3
93,Extra - Asa Sul,Jiló,5
29,"Cooperativa de Trabalho, Consultoria, Instrutoria e Serviços para o Desenvolvimento Agropecuário, Econômico e Social (Agrocoop)",Graviola,3
30,Feira do Produtor da Candangolândia,Pepino,3
60,Extra - Asa Sul,Pimentão,3
176,Supercei - Sobradinho,Uva,5
6,Cooperativa Agrícola da Região de Planaltina (Cootaquara),Lichia,4
34,Associação dos Produtores Rurais Orgânicos e Convencionais do Distrito Federal e Entorno (Asproc),Abóbora,3
20,Feira do Produtor do Gama,Coco,4
151,Feira da Agricultura Familiar - Plano Piloto,Limão,3
164,CEASA-DF,Repolho,4
36,Supercei - Ceilândia,Graviola,3
161,Feira do Produtor do Riacho Fundo,Maracujá,5
178,"Cooperativa de Trabalho, Consultoria, Instrutoria e Serviços para o Desenvolvimento Agropecuário, Econômico e Social (Agrocoop)",Uva,2
105,Feira da Agricultura Familiar - Plano Piloto,Beterraba,3
104,Feira do Produtor de Águas Claras,Alface,4
139,Feira do Produtor de Vicente Pires,Chuchu,2
163,Cooperativa Agropecuária e Industrial do Rio Preto (Coopari),Jiló,2
58,Associação Agrícola do Distrito Federal e Ride (Agrifam),Chuchu,4
37,Feira do Produtor de Sobradinho,Couve,4
117,Feira do Produtor do Gama,Repolho,3
5,"Associação Mista dos Agricultores Familiares, Orgânicos e Produtores Rurais do DF e Entorno (Amista)",Uva,3
148,Associação dos Produtores de Hortigranjeiros do Distrito Federal (Asphor),Jiló,3
125,Feira do Produtor de Sobradinho,Couve,3
5,Feira do Produtor do Guará,Lichia,3
100,Cooperativa de Produção Agropecuária dos Assentados e Pequenos Produtores Rurais do Distrito Federal e Entorno (Coopercal),Abóbora,4
158,Feira do Produtor do Park Way,Tangerina,3
100,Big Box - Águas Claras,Pitaia,5
140,"Associação Mista dos Agricultores Familiares, Orgânicos e Produtores Rurais do DF e Entorno (Amista)",Morango,3
42,Super Maia - Taguatinga,Mandioca,4
110,Feira do Produtor de Vicente Pires,Quiabo,3
147,Feira do Produtor de Santa Maria,Cenoura,5
160,Cooperativa de Produção Agropecuária dos Assentados e Pequenos Produtores Rurais do Distrito Federal e Entorno (Coopercal),Tangerina,4
156,Extra - Asa Sul,Repolho,2
172,Associação dos Produtores da Agricultura Familiar (Aspaf),Alface,4
143,Pão de Açúcar - Asa Sul,Uva,3
79,Feira do Produtor do Varjão,Beterraba,4
47,Associação dos Trabalhadores Rurais da Agricultura Familiar do Assentamento Chapadinha (Astraf),Pepino,3
123,Associação Agrícola do Distrito Federal e Ride (Agrifam),Abóbora,4
60,Associação dos Produtores Rurais de Alexandre Gusmão (Asspag),Banana,3
200,Associação dos Produtores de Hortigranjeiros do Distrito Federal (Asphor),Banana,2
102,Feira do Produtor do Varjão,Tangerina,3
88,Feira do Produtor do Jardim Botânico,Gengibre,2
98,Comper - Águas Claras,Pimentão,5
194,Associação dos Trabalhadores Rurais da Agricultura Familiar do Assentamento Chapadinha (Astraf),Pepino,4
138,Cooperativa dos Produtores Rurais de Brazlândia (Coopabra),Alface,4
73,Sam's Club - Asa Norte,Couve,3
60,Associação dos Produtores Rurais Orgânicos e Convencionais do Distrito Federal e Entorno (Asproc),Beterraba,2
20,Cooperativa dos Produtores Rurais de Brazlândia (Coopabra),Brócolis,5
196,Feira do Produtor do Itapoã,Atemóia,3
57,Associação dos Trabalhadores Rurais da Agricultura Familiar do Assentamento Chapadinha (Astraf),Brócolis,2
146,Feira do Produtor do Recanto das Emas,Banana,4
148,Feira do Produtor do Cruzeiro,Alface,2
97,Feira do Produtor do Riacho Fundo II,Pitaia,4
23,Feira do Produtor do Recanto das Emas,Berinjela,4
92,Feira do Produtor do Riacho Fundo II,Pitaia,3
132,"Associação Mista dos Agricultores Familiares, Orgânicos e Produtores Rurais do DF e Entorno (Amista)",Quiabo,4
158,Feira do Produtor do Jardim Botânico,Uva,3
9,Comper - Sudoeste,Graviola,3
9,Atacadão - Taguatinga,Berinjela,3
9,Feira do Produtor de Águas Claras,Batata,3
129,Feira do Produtor do Itapoã,Alface,3
7,Feira do Produtor do Varjão,Alface,5
194,Cooperativa Mista da Agricultura Familiar do Meio Ambiente e da Cultura do Brasil (Coopbrasil),Mamão,4
88,Cooperativa Mista da Agricultura Familiar do Meio Ambiente e da Cultura do Brasil (Coopbrasil),Cajamanga,3
61,Feira do Produtor de Brazlândia,Coco,3
172,Big Box - Águas Claras,Alface,3
114,Super Maia - Sobradinho,Chuchu,4
179,Carrefour - Asa Norte,Pitaia,4
28,Feira do Produtor de Planaltina,Mamão,3
158,Big Box - Águas Claras,Couve,4
36,Feira do Produtor do Sudoeste,Abóbora,4
131,Cooperativa de Produção Agropecuária dos Assentados e Pequenos Produtores Rurais do Distrito Federal e Entorno (Coopercal),Manga,4
48,Carrefour - Asa Norte,Pepino,4
153,Feira do Produtor do Lago Sul,Cenoura,4
167,Feira do Produtor do Guará,Cenoura,4
189,Cooperativa Agrícola da Região de Planaltina (Cootaquara),Pepino,3
197,Cooperativa de Produção Agropecuária dos Assentados e Pequenos Produtores Rurais do Distrito Federal e Entorno (Coopercal),Beterraba,2
37,Comper - Águas Claras,Maracujá,4
189,Atacadão - Taguatinga,Goiaba,2
67,Atacadão - Ceilândia,Maracujá,4
48,Cooperativa de Produção Agropecuária dos Assentados e Pequenos Produtores Rurais do Distrito Federal e Entorno (Coopercal),Beterraba,3
92,Feira do Produtor do Cruzeiro,Couve,2
37,Feira do Produtor do Núcleo Bandeirante,Cebola,3
35,Feira do Produtor do Paranoá,Tangerina,3
122,Feira da Agricultura Familiar - Plano Piloto,Pimentão,4
40,Feira do Produtor de Águas Claras,Maracujá,4
177,Cooperativa Agropecuária e Industrial do Rio Preto (Coopari),Graviola,4
46,Feira do Produtor de Brazlândia,Morango,4
121,"Cooperativa de Trabalho, Consultoria, Instrutoria e Serviços para o Desenvolvimento Agropecuário, Econômico e Social (Agrocoop)",Lichia,4
127,CEASA-DF,Chuchu,3
142,Feira da Agricultura Familiar - Plano Piloto,Agrião,4
199,Feira do Produtor de São Sebastião,Cebola,4
105,Mercado Orgânico do CEASA,Manga,4
138,Cooperativa Agropecuária e Industrial do Rio Preto (Coopari),Uva,4
26,Associação dos Produtores de Hortigranjeiros do Distrito Federal (Asphor),Gengibre,5
98,Feira do Produtor da Estrutural,Maracujá,4
13,Cooperativa Mista da Agricultura Familiar do Meio Ambiente e da Cultura do Brasil (Coopbrasil),Mamão,2
63,Assaí Atacadista - Ceilândia,Cebola,3
76,Associação Agrícola do Distrito Federal e Ride (Agrifam),Brócolis,4
105,Feira do Produtor de Vicente Pires,Abóbora,4
109,Assaí Atacadista - Taguatinga,Graviola,3
83,Cooperativa de Agricultura Familiar Mista do Distrito Federal (Coopermista),Graviola,4
79,Feira da Agricultura Familiar - Plano Piloto,Agrião,4
152,Atacadão - Ceilândia,Cenoura,4
126,Pão de Açúcar - Asa Sul,Lichia,4
117,Feira do Produtor de Águas Claras,Brócolis,4
31,Associação dos Produtores Rurais de Alexandre Gusmão (Asspag),Berinjela,3
50,Feira do Produtor de Taguatinga,Quiabo,4
122,Feira do Produtor do Jardim Botânico,Cenoura,4
182,Associação dos Produtores Rurais Novo Horizonte Betinho (Aspronte),Cajamanga,2
60,Feira do Produtor de Taguatinga,Cenoura,3
82,Cooperativa Mista da Agricultura Familiar do Meio Ambiente e da Cultura do Brasil (Coopbrasil),Tomate,2
162,Atacadão - Taguatinga,Atemóia,2
197,Atacadão - Taguatinga,Limão,4
164,Feira do Produtor de Brazlândia,Alface,3
121,Carrefour - Águas Claras,Graviola,4
117,Pão de Açúcar - Asa Norte,Coco,5
170,"Associação Mista dos Agricultores Familiares, Orgânicos e Produtores Rurais do DF e Entorno (Amista)",Uva,4
74,Feira do Produtor do Recanto das Emas,Chuchu,2
125,Feira do Produtor do Park Way,Pimentão,3
197,Assaí Atacadista - Ceilândia,Atemóia,3
193,Cooperativa Mista da Agricultura Familiar do Meio Ambiente e da Cultura do Brasil (Coopbrasil),Abacate,5
189,Feira do Produtor de Taguatinga,Limão,2
21,Supercei - Taguatinga,Uva,4
59,Supercei - Taguatinga,Berinjela,4
64,Cooperativa Agropecuária e Industrial do Rio Preto (Coopari),Atemóia,4
156,Feira do Produtor do Riacho Fundo II,Quiabo,3
29,Supercei - Ceilândia,Alface,3
168,Cooperativa Mista da Agricultura Familiar do Meio Ambiente e da Cultura do Brasil (Coopbrasil),Maracujá,3
193,Feira do Produtor de Santa Maria,Pimentão,5
26,Super Maia - Taguatinga,Cebola,4
171,Feira do Produtor do Recanto das Emas,Cenoura,3
197,Feira do Produtor do Park Way,Alface,3
20,Associação dos Produtores Rurais Orgânicos e Convencionais do Distrito Federal e Entorno (Asproc),Pimentão,4
43,Feira do Produtor do Cruzeiro,Repolho,5
138,Feira do Produtor do Recanto das Emas,Beterraba,4
6,Feira do Produtor do Guará,Graviola,4
174,Mercado Orgânico do CEASA,Limão,2
127,Assaí Atacadista - Taguatinga,Atemóia,3
92,Feira do Produtor do Cruzeiro,Alface,3
114,Feira do Produtor de Santa Maria,Atemóia,4
78,Feira do Produtor de São Sebastião,Goiaba,5
144,Mercado Orgânico do CEASA,Manga,5
153,Feira do Produtor do Guará,Maracujá,3
33,Associação Agrícola do Distrito Federal e Ride (Agrifam),Mamão,5
81,Carrefour - Asa Norte,Manga,5
63,"Associação Mista dos Agricultores Familiares, Orgânicos e Produtores Rurais do DF e Entorno (Amista)",Brócolis,3
189,"Cooperativa de Trabalho, Consultoria, Instrutoria e Serviços para o Desenvolvimento Agropecuário, Econômico e Social (Agrocoop)",Limão,2
116,Feira do Produtor do Gama,Atemóia,4
164,CEASA-DF,Cajamanga,4
165,Cooperativa de Agricultura Familiar Mista do Distrito Federal (Coopermista),Pepino,3
58,"Cooperativa de Trabalho, Consultoria, Instrutoria e Serviços para o Desenvolvimento Agropecuário, Econômico e Social (Agrocoop)",Cenoura,4
184,Feira do Produtor do Paranoá,Quiabo,4
147,Associação de Agricultores Familiares da Eco Comunidade do Assentamento 15 de Agosto (Afeca),Repolho,4
95,Cooperativa dos Produtores Rurais de Brazlândia (Coopabra),Atemóia,2
105,Comper - Águas Claras,Cenoura,3
151,Feira do Produtor de Santa Maria,Mandioca,4
187,Feira do Produtor do Itapoã,Goiaba,4
73,Feira do Produtor do Núcleo Bandeirante,Tangerina,3
83,Super Maia - Taguatinga,Banana,3
121,Super Maia - Sobradinho,Banana,3
144,Cooperativa Agropecuária e Industrial do Rio Preto (Coopari),Manga,4
116,Associação dos Produtores Rurais Orgânicos e Convencionais do Distrito Federal e Entorno (Asproc),Uva,4
164,Associação dos Produtores Rurais Orgânicos e Convencionais do Distrito Federal e Entorno (Asproc),Manga,3
86,Feira do Produtor do Sudoeste,Jiló,2
176,Sam's Club - Asa Norte,Coco,5
187,Walmart - Samambaia,Graviola,4
96,Associação dos Produtores Rurais de Alexandre Gusmão (Asspag),Limão,4
92,Assaí Atacadista - Taguatinga,Cenoura,3
124,Feira do Produtor de Taguatinga,Manga,4
75,Feira do Produtor da Candangolândia,Chuchu,3
168,Supercei - Ceilândia,Goiaba,4
7,Comper - Águas Claras,Tomate,4
25,Supercei - Taguatinga,Tangerina,2
9,"Associação Mista dos Agricultores Familiares, Orgânicos e Produtores Rurais do DF e Entorno (Amista)",Coco,4
44,Feira do Produtor do Riacho Fundo II,Pepino,4
94,Feira da Agricultura Familiar - Plano Piloto,Alface,4
81,Feira do Produtor do Riacho Fundo,Tangerina,4
82,Feira do Produtor do Guará,Agrião,4
81,Feira do Produtor do Riacho Fundo,Coco,5
168,Feira do Produtor do Lago Sul,Batata,4
163,Pão de Açúcar - Asa Sul,Pepino,3
102,Cooperativa Agropecuária e Industrial do Rio Preto (Coopari),Pitaia,2
135,Associação dos Produtores de Hortigranjeiros do Distrito Federal (Asphor),Brócolis,3
150,Feira do Produtor de Planaltina,Repolho,2
151,Feira do Produtor do Varjão,Banana,3
30,Associação dos Produtores da Agricultura Familiar (Aspaf),Manga,4
167,Feira do Produtor do Riacho Fundo II,Gengibre,4
144,Cooperativa dos Produtores Rurais de Brazlândia (Coopabra),Pepino,4
65,Feira do Produtor de São Sebastião,Batata,5
47,Sam's Club - Asa Norte,Quiabo,3
35,Assaí Atacadista - Taguatinga,Abóbora,4
30,Feira do Produtor do Cruzeiro,Pepino,5
128,Walmart - Samambaia,Pitaia,4
127,Atacadão - Ceilândia,Morango,3
145,Feira do Produtor de Samambaia,Jiló,3
171,Feira do Produtor do Itapoã,Batata,4
197,Associação dos Produtores Rurais Orgânicos e Convencionais do Distrito Federal e Entorno (Asproc),Goiaba,3
93,Extra - Asa Sul,Gengibre,4
54,Feira da Agricultura Familiar - Plano Piloto,Pepino,3
141,Sam's Club - Asa Norte,Pepino,4
161,Feira do Produtor de Santa Maria,Coco,5
117,Feira do Produtor da Estrutural,Jiló,4
31,Atacadão - Ceilândia,Limão,3
60,Feira do Produtor do Itapoã,Chuchu,2
191,Feira do Produtor do Sudoeste,Repolho,3
28,Associação dos Produtores Rurais de Alexandre Gusmão (Asspag),Chuchu,1
188,Mercado Orgânico do CEASA,Chuchu,3
127,Cooperativa de Produção Agropecuária dos Assentados e Pequenos Produtores Rurais do Distrito Federal e Entorno (Coopercal),Repolho,3
63,Cooperativa de Produção Agropecuária dos Assentados e Pequenos Produtores Rurais do Distrito Federal e Entorno (Coopercal),Couve,4
45,Feira do Produtor da Estrutural,Jiló,3
179,Cooperativa dos Produtores Rurais de Brazlândia (Coopabra),Mandioca,4
62,Cooperativa Agrícola da Região de Planaltina (Cootaquara),Abóbora,3
115,Associação dos Produtores Rurais Novo Horizonte Betinho (Aspronte),Mandioca,3
126,"Cooperativa de Trabalho, Consultoria, Instrutoria e Serviços para o Desenvolvimento Agropecuário, Econômico e Social (Agrocoop)",Goiaba,4
171,Cooperativa de Produção Agropecuária dos Assentados e Pequenos Produtores Rurais do Distrito Federal e Entorno (Coopercal),Cajamanga,3
27,Feira do Produtor do Recanto das Emas,Cajamanga,4
11,Feira do Produtor do Varjão,Agrião,3
198,Feira do Produtor de Ceilândia,Manga,2
64,Comper - Sudoeste,Mandioca,3
111,Assaí Atacadista - Taguatinga,Brócolis,5
11,"Cooperativa de Trabalho, Consultoria, Instrutoria e Serviços para o Desenvolvimento Agropecuário, Econômico e Social (Agrocoop)",Lichia,3
88,Feira do Produtor do Itapoã,Limão,2
191,Feira do Produtor do Varjão,Pepino,3
44,Cooperativa de Agricultura Familiar Mista do Distrito Federal (Coopermista),Manga,3
53,Sam's Club - Asa Norte,Coco,4
106,Feira do Produtor de Samambaia,Cajamanga,4
83,Mercado Orgânico do CEASA,Pitaia,4
114,Associação dos Produtores de Hortigranjeiros do Distrito Federal (Asphor),Abacate,5
102,Cooperativa dos Produtores Rurais do PAD-DF (Coopadf),Batata,2
159,Extra - Asa Norte,Abóbora,5
123,Feira do Produtor do Riacho Fundo II,Morango,3
143,Feira do Produtor do Park Way,Agrião,2
119,Comper - Águas Claras,Agrião,4
151,Feira do Produtor do Cruzeiro,Cajamanga,3
77,Feira do Produtor de Planaltina,Limão,4
93,Comper - Águas Claras,Repolho,5
169,Walmart - Samambaia,Coco,4
145,Supercei - Ceilândia,Banana,3
72,Extra - Asa Norte,Manga,3
37,Comper - Águas Claras,Pimentão,3
68,Feira do Produtor de Águas Claras,Pimentão,3
168,Associação dos Produtores de Hortigranjeiros do Distrito Federal (Asphor),Gengibre,4
144,Cooperativa de Produção Agropecuária dos Assentados e Pequenos Produtores Rurais do Distrito Federal e Entorno (Coopercal),Lichia,3
40,Feira da Agricultura Familiar - Plano Piloto,Pepino,3
110,Associação Agrícola do Distrito Federal e Ride (Agrifam),Agrião,4
97,Feira do Produtor de Taguatinga,Coco,4
147,Cooperativa de Produção Agropecuária dos Assentados e Pequenos Produtores Rurais do Distrito Federal e Entorno (Coopercal),Alface,5
171,Feira do Produtor do Lago Sul,Manga,3
163,Associação de Agricultores Familiares da Eco Comunidade do Assentamento 15 de Agosto (Afeca),Brócolis,2
134,Associação dos Trabalhadores Rurais da Agricultura Familiar do Assentamento Chapadinha (Astraf),Uva,5
57,Cooperativa Mista da Agricultura Familiar do Meio Ambiente e da Cultura do Brasil (Coopbrasil),Repolho,2
119,Mercado Orgânico do CEASA,Abóbora,5
192,Extra - Asa Sul,Couve,3
29,Feira do Produtor de Vicente Pires,Jiló,3
120,Comper - Águas Claras,Atemóia,3
130,Feira do Produtor do Park Way,Berinjela,4
138,Feira do Produtor do Núcleo Bandeirante,Cajamanga,3
81,Feira do Produtor do Cruzeiro,Abóbora,4
47,Feira do Produtor do Jardim Botânico,Cajamanga,3
128,Feira do Produtor do Jardim Botânico,Atemóia,5
62,Mercado Orgânico do CEASA,Tangerina,3
197,Big Box - Águas Claras,Pimentão,3
5,Pão de Açúcar - Asa Norte,Quiabo,3
109,Carrefour - Asa Norte,Tangerina,3
97,CEASA-DF,Pepino,4
153,Associação dos Produtores da Agricultura Familiar (Aspaf),Atemóia,4
131,Carrefour - Águas Claras,Maracujá,5
187,Feira do Produtor de Samambaia,Coco,4
42,Assaí Atacadista - Taguatinga,Pimentão,4
127,Feira do Produtor do Park Way,Cebola,2
1,Feira do Produtor de Vicente Pires,Manga,3
60,Associação dos Produtores Rurais Orgânicos e Convencionais do Distrito Federal e Entorno (Asproc),Tomate,3
86,Associação de Agricultores Familiares da Eco Comunidade do Assentamento 15 de Agosto (Afeca),Cebola,4
9,Associação dos Produtores da Agricultura Familiar (Aspaf),Graviola,3
52,Feira do Produtor de Vicente Pires,Pimentão,3
164,Associação dos Trabalhadores Rurais da Agricultura Familiar do Assentamento Chapadinha (Astraf),Pepino,3
34,Atacadão - Taguatinga,Mamão,3
125,Feira do Produtor do Varjão,Quiabo,3
72,Feira do Produtor de Vicente Pires,Cebola,4
48,Feira do Produtor do Guará,Chuchu,4
44,Cooperativa dos Produtores Rurais do PAD-DF (Coopadf),Agrião,3
140,Feira do Produtor de Santa Maria,Limão,3
80,CEASA-DF,Pepino,4
171,Feira do Produtor do Recanto das Emas,Cajamanga,3
189,Comper - Águas Claras,Mandioca,2
46,Feira do Produtor de Samambaia,Cajamanga,3
111,Feira do Produtor do Recanto das Emas,Cebola,5
27,Big Box - Águas Claras,Pepino,4
79,Cooperativa dos Produtores Rurais de Brazlândia (Coopabra),Tangerina,3
83,Feira do Produtor de Vicente Pires,Atemóia,3
193,Feira do Produtor do Gama,Pepino,3
181,Feira do Produtor do Recanto das Emas,Graviola,4
143,Super Maia - Sobradinho,Tomate,2
22,Mercado Orgânico do CEASA,Batata,5
30,Cooperativa dos Produtores Rurais de Brazlândia (Coopabra),Pitaia,3
34,Pão de Açúcar - Asa Sul,Brócolis,3
115,Feira do Produtor do Núcleo Bandeirante,Brócolis,4
54,Feira do Produtor de Águas Claras,Alface,4
118,Super Maia - Sobradinho,Limão,4
98,CEASA-DF,Repolho,4
183,Supercei - Ceilândia,Alface,4
8,Cooperativa de Produção Agropecuária dos Assentados e Pequenos Produtores Rurais do Distrito Federal e Entorno (Coopercal),Tomate,3
11,Super Maia - Taguatinga,Uva,3
153,Associação dos Produtores da Agricultura Familiar (Aspaf),Beterraba,4
95,Associação dos Trabalhadores Rurais da Agricultura Familiar do Assentamento Chapadinha (Astraf),Alface,4
27,Feira da Agricultura Familiar - Plano Piloto,Morango,4
185,Supercei - Taguatinga,Maracujá,2
75,"Associação Mista dos Agricultores Familiares, Orgânicos e Produtores Rurais do DF e Entorno (Amista)",Manga,3
140,Feira do Produtor do Núcleo Bandeirante,Jiló,3
15,Supercei - Ceilândia,Graviola,3
181,Extra - Asa Norte,Limão,4
43,Feira do Produtor do Cruzeiro,Lichia,4
51,Big Box - Águas Claras,Couve,4
185,Pão de Açúcar - Asa Sul,Brócolis,4
148,Associação dos Produtores de Hortigranjeiros do Distrito Federal (Asphor),Agrião,2
6,Associação dos Produtores de Hortigranjeiros do Distrito Federal (Asphor),Banana,5
123,Associação Agrícola do Distrito Federal e Ride (Agrifam),Agrião,4
160,Pão de Açúcar - Asa Sul,Alface,4
98,"Cooperativa de Trabalho, Consultoria, Instrutoria e Serviços para o Desenvolvimento Agropecuário, Econômico e Social (Agrocoop)",Pepino,4
191,Cooperativa dos Produtores Rurais de Brazlândia (Coopabra),Abóbora,2
31,Feira do Produtor do Sudoeste,Atemóia,4
95,Feira do Produtor de São Sebastião,Uva,2
193,Supercei - Ceilândia,Lichia,5
163,Feira do Produtor de Vicente Pires,Cajamanga,2
33,Feira do Produtor de São Sebastião,Atemóia,5
27,Feira da Agricultura Familiar - Plano Piloto,Maracujá,5
105,Super Maia - Taguatinga,Tangerina,4
100,Feira do Produtor da Candangolândia,Repolho,5
25,Pão de Açúcar - Asa Sul,Tangerina,2
179,Cooperativa de Agricultura Familiar Mista do Distrito Federal (Coopermista),Pimentão,4
14,Feira do Produtor do Riacho Fundo,Pitaia,3
22,CEASA-DF,Coco,5
124,Carrefour - Asa Norte,Pepino,3
136,Feira do Produtor de Ceilândia,Jiló,3
73,Feira do Produtor de Sobradinho,Limão,4
199,Associação dos Produtores Rurais Orgânicos e Convencionais do Distrito Federal e Entorno (Asproc),Cenoura,5
151,Feira da Agricultura Familiar - Plano Piloto,Tomate,3
199,Carrefour - Águas Claras,Mamão,4
129,Atacadão - Ceilândia,Berinjela,3
5,Pão de Açúcar - Asa Sul,Pimentão,3
194,Associação de Agricultores Familiares da Eco Comunidade do Assentamento 15 de Agosto (Afeca),Brócolis,3
81,Atacadão - Ceilândia,Brócolis,3
78,Feira do Produtor do Gama,Quiabo,5
152,Cooperativa de Produção Agropecuária dos Assentados e Pequenos Produtores Rurais do Distrito Federal e Entorno (Coopercal),Alface,4
41,Feira do Produtor do Riacho Fundo II,Pepino,4
171,Extra - Asa Norte,Chuchu,4
123,Feira da Agricultura Familiar - Plano Piloto,Chuchu,3
113,Associação dos Trabalhadores Rurais da Agricultura Familiar do Assentamento Chapadinha (Astraf),Cenoura,3
98,Supercei - Taguatinga,Couve,4
35,Feira do Produtor de São Sebastião,Manga,4
151,Walmart - Samambaia,Cebola,3
3,Feira da Agricultura Familiar - Plano Piloto,Lichia,4
122,Assaí Atacadista - Taguatinga,Mandioca,4
43,Associação dos Produtores Rurais Orgânicos e Convencionais do Distrito Federal e Entorno (Asproc),Pimentão,5
164,Cooperativa Agrícola da Região de Planaltina (Cootaquara),Jiló,4
143,Supercei - Taguatinga,Jiló,3
172,Big Box - Águas Claras,Coco,3
158,Feira do Produtor do Sudoeste,Quiabo,4
97,"Associação Mista dos Agricultores Familiares, Orgânicos e Produtores Rurais do DF e Entorno (Amista)",Morango,5
110,Associação de Agricultores Familiares da Eco Comunidade do Assentamento 15 de Agosto (Afeca),Cebola,3
59,Extra - Asa Sul,Abacate,4
157,Associação dos Produtores de Hortigranjeiros do Distrito Federal (Asphor),Alface,3
12,CEASA-DF,Beterraba,3
24,Extra - Asa Sul,Goiaba,4
72,Cooperativa Mista da Agricultura Familiar do Meio Ambiente e da Cultura do Brasil (Coopbrasil),Lichia,4
149,Feira do Produtor do Gama,Manga,3
13,Feira do Produtor do Cruzeiro,Abóbora,2
21,Sam's Club - Asa Norte,Abóbora,4
47,Associação dos Trabalhadores Rurais da Agricultura Familiar do Assentamento Chapadinha (Astraf),Morango,3
164,Comper - Sudoeste,Batata,4
9,Feira do Produtor do Gama,Gengibre,3
172,Comper - Águas Claras,Mamão,3
7,Feira do Produtor de Vicente Pires,Repolho,4
58,Mercado Orgânico do CEASA,Chuchu,5
51,Assaí Atacadista - Taguatinga,Pimentão,5
175,Feira do Produtor de Sobradinho,Agrião,5
155,Feira do Produtor de Santa Maria,Berinjela,3
101,"Associação Mista dos Agricultores Familiares, Orgânicos e Produtores Rurais do DF e Entorno (Amista)",Atemóia,4
13,Feira do Produtor do Cruzeiro,Couve,3
102,Associação Agrícola do Distrito Federal e Ride (Agrifam),Goiaba,3
27,Super Maia - Sobradinho,Abóbora,4
194,Feira do Produtor do Guará,Morango,3
77,Cooperativa Mista da Agricultura Familiar do Meio Ambiente e da Cultura do Brasil (Coopbrasil),Tangerina,5
196,Associação dos Produtores Rurais Novo Horizonte Betinho (Aspronte),Cenoura,3
111,Feira do Produtor do Recanto das Emas,Coco,5
132,Cooperativa de Agricultura Familiar Mista do Distrito Federal (Coopermista),Manga,4
22,"Associação Mista dos Agricultores Familiares, Orgânicos e Produtores Rurais do DF e Entorno (Amista)",Atemóia,4
47,Feira do Produtor do Guará,Morango,2
31,Extra - Asa Sul,Beterraba,4
131,Cooperativa de Produção Agropecuária dos Assentados e Pequenos Produtores Rurais do Distrito Federal e Entorno (Coopercal),Uva,5
172,Feira do Produtor do Park Way,Jiló,2
6,Pão de Açúcar - Asa Sul,Cenoura,5
38,Feira do Produtor de Samambaia,Mandioca,3
162,Feira do Produtor do Riacho Fundo,Maracujá,2
117,Feira do Produtor do Núcleo Bandeirante,Repolho,4
89,Feira do Produtor do Lago Sul,Graviola,2
146,Cooperativa Agrícola da Região de Planaltina (Cootaquara),Goiaba,4
31,Supercei - Sobradinho,Jiló,3
38,Cooperativa dos Produtores Rurais de Brazlândia (Coopabra),Beterraba,4
26,Comper - Sudoeste,Berinjela,4
132,Feira do Produtor de Sobradinho,Uva,4
178,Associação dos Produtores Rurais de Alexandre Gusmão (Asspag),Pepino,3
102,Associação dos Produtores da Agricultura Familiar (Aspaf),Pepino,3
73,Super Maia - Taguatinga,Tangerina,4
105,Feira do Produtor do Park Way,Maracujá,4
148,Associação Agrícola do Distrito Federal e Ride (Agrifam),Brócolis,2
122,Feira do Produtor do Lago Sul,Repolho,3
146,Cooperativa Agrícola da Região de Planaltina (Cootaquara),Jiló,4
51,Feira do Produtor do Lago Sul,Batata,4
85,Feira do Produtor de São Sebastião,Gengibre,4
131,Feira do Produtor do Sudoeste,Couve,3
65,Super Maia - Sobradinho,Maracujá,5
121,"Cooperativa de Trabalho, Consultoria, Instrutoria e Serviços para o Desenvolvimento Agropecuário, Econômico e Social (Agrocoop)",Repolho,3
93,Cooperativa Agropecuária e Industrial do Rio Preto (Coopari),Quiabo,4
128,Comper - Sudoeste,Berinjela,4
194,Supercei - Taguatinga,Atemóia,4
168,Feira do Produtor do Sudoeste,Pepino,3
30,Feira do Produtor do Núcleo Bandeirante,Batata,4
174,Feira do Produtor de Ceilândia,Limão,2
92,Pão de Açúcar - Asa Norte,Atemóia,4
85,Pão de Açúcar - Asa Norte,Uva,2
14,Feira do Produtor de Samambaia,Chuchu,3
89,Associação dos Produtores de Hortigranjeiros do Distrito Federal (Asphor),Graviola,2
31,Feira do Produtor do Varjão,Abóbora,5
17,Atacadão - Taguatinga,Couve,5
190,Feira do Produtor de São Sebastião,Abacate,4
183,Associação dos Produtores de Hortigranjeiros do Distrito Federal (Asphor),Alface,4
111,Assaí Atacadista - Taguatinga,Cenoura,5
37,Atacadão - Ceilândia,Mandioca,3
25,Feira do Produtor de Sobradinho,Couve,2
88,Comper - Sudoeste,Maracujá,2
144,Feira do Produtor do Recanto das Emas,Limão,5
21,Feira do Produtor do Lago Norte,Couve,3
6,Feira do Produtor do Jardim Botânico,Tangerina,5
186,Associação dos Produtores Rurais Orgânicos e Convencionais do Distrito Federal e Entorno (Asproc),Gengibre,4
13,Associação de Agricultores Familiares da Eco Comunidade do Assentamento 15 de Agosto (Afeca),Pitaia,2
193,Feira do Produtor da Estrutural,Pitaia,5
131,Supercei - Taguatinga,Berinjela,4
78,Super Maia - Taguatinga,Atemóia,5
148,Feira do Produtor do Sudoeste,Chuchu,2
70,Feira do Produtor do Lago Norte,Repolho,4
22,Feira do Produtor do Jardim Botânico,Pitaia,5
71,Cooperativa Agrícola da Região de Planaltina (Cootaquara),Quiabo,4
26,Atacadão - Taguatinga,Beterraba,4
159,Feira do Produtor de Santa Maria,Graviola,4
26,Feira do Produtor do Riacho Fundo,Pitaia,5
141,Super Maia - Sobradinho,Beterraba,4
197,Feira do Produtor do Park Way,Abacate,3
143,Cooperativa Mista da Agricultura Familiar do Meio Ambiente e da Cultura do Brasil (Coopbrasil),Pitaia,3
183,CEASA-DF,Pimentão,4
6,Feira do Produtor do Paranoá,Atemóia,5
44,Atacadão - Ceilândia,Pitaia,3
21,Associação de Agricultores Familiares da Eco Comunidade do Assentamento 15 de Agosto (Afeca),Chuchu,4
4,Cooperativa dos Produtores Rurais do PAD-DF (Coopadf),Uva,2
140,Sam's Club - Asa Norte,Pepino,2
169,Extra - Asa Norte,Pepino,3
107,Extra - Asa Sul,Cebola,5
8,Mercado Orgânico do CEASA,Manga,3
26,Feira do Produtor do Gama,Repolho,5
158,Feira do Produtor de Brazlândia,Chuchu,2
129,Feira do Produtor do Núcleo Bandeirante,Repolho,4
157,Supercei - Sobradinho,Banana,4
100,Mercado Orgânico do CEASA,Pitaia,5
164,Associação de Agricultores Familiares da Eco Comunidade do Assentamento 15 de Agosto (Afeca),Alface,4
51,Feira do Produtor do Guará,Mamão,5
189,Feira do Produtor de Vicente Pires,Berinjela,2
177,Atacadão - Ceilândia,Abóbora,4
178,Comper - Águas Claras,Tomate,3
65,Pão de Açúcar - Asa Norte,Alface,5
133,Sam's Club - Asa Norte,Jiló,3
168,Feira do Produtor do Gama,Berinjela,3
43,Feira do Produtor de Taguatinga,Abacate,4
193,Feira do Produtor do Sudoeste,Atemóia,5
10,Carrefour - Asa Norte,Abacate,4
169,Associação dos Produtores Rurais Orgânicos e Convencionais do Distrito Federal e Entorno (Asproc),Tomate,3
172,Feira do Produtor de Planaltina,Batata,2
171,Mercado Orgânico do CEASA,Cajamanga,4
113,Assaí Atacadista - Ceilândia,Atemóia,3
189,Carrefour - Asa Norte,Pepino,2
87,Feira do Produtor de Brazlândia,Maracujá,3
57,Feira do Produtor do Sudoeste,Pimentão,2
90,Cooperativa Mista da Agricultura Familiar do Meio Ambiente e da Cultura do Brasil (Coopbrasil),Agrião,4
120,Associação dos Produtores de Hortigranjeiros do Distrito Federal (Asphor),Alface,4
158,Cooperativa dos Produtores Rurais do PAD-DF (Coopadf),Couve,3
10,Feira do Produtor do Guará,Tangerina,4
189,"Cooperativa de Trabalho, Consultoria, Instrutoria e Serviços para o Desenvolvimento Agropecuário, Econômico e Social (Agrocoop)",Morango,2
118,Feira da Agricultura Familiar - Plano Piloto,Cajamanga,4
162,Feira do Produtor de Santa Maria,Berinjela,3
168,Assaí Atacadista - Taguatinga,Abóbora,3
174,Cooperativa dos Produtores Rurais de Brazlândia (Coopabra),Morango,2
127,Feira do Produtor do Park Way,Chuchu,2
34,Supercei - Taguatinga,Lichia,2
122,Comper - Sudoeste,Cajamanga,4
91,Associação dos Produtores de Hortigranjeiros do Distrito Federal (Asphor),Atemóia,4
32,Feira do Produtor de Santa Maria,Goiaba,2
179,Carrefour - Asa Norte,Lichia,3
134,Feira do Produtor do Itapoã,Atemóia,3
68,Feira do Produtor de Águas Claras,Manga,3
4,Feira do Produtor do Gama,Pepino,3
3,Feira do Produtor do Recanto das Emas,Coco,3
170,Feira da Agricultura Familiar - Plano Piloto,Graviola,4
7,Feira do Produtor da Candangolândia,Tomate,4
48,Feira do Produtor do Jardim Botânico,Pitaia,3
178,Comper - Águas Claras,Mandioca,3
87,Feira do Produtor de Vicente Pires,Tomate,2
185,Feira do Produtor de Ceilândia,Agrião,3
9,Feira da Agricultura Familiar - Plano Piloto,Abacate,3
14,Feira do Produtor de Ceilândia,Lichia,3
131,"Cooperativa de Trabalho, Consultoria, Instrutoria e Serviços para o Desenvolvimento Agropecuário, Econômico e Social (Agrocoop)",Cajamanga,5
109,Feira do Produtor do Paranoá,Jiló,2
179,Supercei - Ceilândia,Mandioca,5
8,Feira do Produtor da Candangolândia,Graviola,2
118,Pão de Açúcar - Asa Sul,Uva,5
45,Extra - Asa Sul,Brócolis,3
58,Cooperativa Mista da Agricultura Familiar do Meio Ambiente e da Cultura do Brasil (Coopbrasil),Agrião,3
130,Supercei - Ceilândia,Tomate,4
124,Cooperativa de Agricultura Familiar Mista do Distrito Federal (Coopermista),Pepino,4
112,Feira do Produtor da Estrutural,Gengibre,3
10,Associação dos Produtores Rurais Novo Horizonte Betinho (Aspronte),Manga,3
199,Feira do Produtor de Samambaia,Mandioca,5
188,Feira do Produtor da Candangolândia,Goiaba,3
120,Feira do Produtor do Guará,Manga,4
13,Cooperativa dos Produtores Rurais do PAD-DF (Coopadf),Beterraba,2
42,Feira do Produtor do Gama,Atemóia,5
27,Feira do Produtor do Lago Norte,Cebola,4
123,Atacadão - Taguatinga,Pitaia,3
107,Comper - Sudoeste,Pepino,4
128,Feira do Produtor de Planaltina,Manga,5
3,Feira da Agricultura Familiar - Plano Piloto,Maracujá,3
119,Cooperativa dos Produtores Rurais do PAD-DF (Coopadf),Banana,4
196,Cooperativa Agropecuária e Industrial do Rio Preto (Coopari),Beterraba,4
52,Mercado Orgânico do CEASA,Cajamanga,3
192,Feira do Produtor do Núcleo Bandeirante,Abacate,5
175,Feira do Produtor de São Sebastião,Abacate,4
143,Associação dos Produtores de Hortigranjeiros do Distrito Federal (Asphor),Brócolis,3
181,Feira do Produtor do Cruzeiro,Repolho,3
90,Feira do Produtor de Planaltina,Graviola,4
35,Feira do Produtor do Itapoã,Brócolis,4
136,Feira do Produtor do Lago Norte,Repolho,2
88,Pão de Açúcar - Asa Norte,Uva,3
159,Associação dos Produtores de Hortigranjeiros do Distrito Federal (Asphor),Cenoura,4
129,Mercado Orgânico do CEASA,Limão,4
58,Feira do Produtor do Lago Sul,Manga,5
89,Extra - Asa Sul,Pitaia,2
183,Sam's Club - Asa Norte,Couve,3
72,Feira do Produtor de Ceilândia,Uva,4
51,Big Box - Águas Claras,Banana,4
143,Feira do Produtor do Gama,Agrião,3
48,Carrefour - Asa Norte,Mamão,3
180,Feira do Produtor do Lago Norte,Pimentão,4
33,Super Maia - Taguatinga,Mandioca,3
147,Associação dos Produtores da Agricultura Familiar (Aspaf),Beterraba,5
49,Super Maia - Sobradinho,Batata,4
89,Cooperativa Mista da Agricultura Familiar do Meio Ambiente e da Cultura do Brasil (Coopbrasil),Morango,2
156,Supercei - Sobradinho,Alface,3
132,Associação dos Trabalhadores Rurais da Agricultura Familiar do Assentamento Chapadinha (Astraf),Quiabo,5
187,Cooperativa de Produção Agropecuária dos Assentados e Pequenos Produtores Rurais do Distrito Federal e Entorno (Coopercal),Cajamanga,3
58,Pão de Açúcar - Asa Sul,Pimentão,4
17,Feira do Produtor do Cruzeiro,Maracujá,4
29,Feira da Agricultura Familiar - Plano Piloto,Pitaia,3
134,Feira do Produtor da Estrutural,Cajamanga,3
95,"Associação Mista dos Agricultores Familiares, Orgânicos e Produtores Rurais do DF e Entorno (Amista)",Abacate,3
147,Feira do Produtor do Cruzeiro,Abóbora,5
139,Feira do Produtor de Ceilândia,Morango,2
19,Feira do Produtor do Núcleo Bandeirante,Maracujá,3
13,Cooperativa de Agricultura Familiar Mista do Distrito Federal (Coopermista),Morango,3
39,Feira do Produtor do Lago Norte,Couve,3
22,Feira do Produtor da Candangolândia,Cajamanga,4
42,Pão de Açúcar - Asa Sul,Alface,4
61,Associação de Agricultores Familiares da Eco Comunidade do Assentamento 15 de Agosto (Afeca),Cebola,3
193,Feira do Produtor do Park Way,Pepino,4
75,Feira do Produtor da Candangolândia,Abóbora,2
140,Feira do Produtor de Taguatinga,Banana,3
143,Associação dos Produtores Rurais Novo Horizonte Betinho (Aspronte),Abacate,3
113,Pão de Açúcar - Asa Norte,Abacate,3
150,Cooperativa dos Produtores Rurais de Brazlândia (Coopabra),Tangerina,4
153,Big Box - Águas Claras,Mamão,3
3,Feira da Agricultura Familiar - Plano Piloto,Atemóia,4
94,Feira do Produtor do Paranoá,Abacate,5
169,Feira do Produtor de Águas Claras,Brócolis,3
10,Associação de Agricultores Familiares da Eco Comunidade do Assentamento 15 de Agosto (Afeca),Abacate,4
143,Atacadão - Taguatinga,Goiaba,2
50,Associação dos Produtores de Hortigranjeiros do Distrito Federal (Asphor),Quiabo,3
150,Assaí Atacadista - Ceilândia,Graviola,4
183,Feira do Produtor da Estrutural,Atemóia,4
113,Supercei - Taguatinga,Brócolis,3
133,Cooperativa Agrícola da Região de Planaltina (Cootaquara),Maracujá,2
131,Cooperativa de Agricultura Familiar Mista do Distrito Federal (Coopermista),Quiabo,3
14,Feira do Produtor do Park Way,Limão,2
200,Mercado Orgânico do CEASA,Pepino,3
65,Cooperativa de Produção Agropecuária dos Assentados e Pequenos Produtores Rurais do Distrito Federal e Entorno (Coopercal),Abóbora,4
55,Supercei - Taguatinga,Morango,5
4,Feira do Produtor do Riacho Fundo II,Limão,3
177,Feira do Produtor de Sobradinho,Cebola,5
86,Cooperativa dos Produtores Rurais de Brazlândia (Coopabra),Mandioca,3
59,Feira do Produtor de Ceilândia,Lichia,3
8,Feira do Produtor de Samambaia,Jiló,3
27,Feira do Produtor de Sobradinho,Abacate,5
90,Associação dos Produtores Rurais Novo Horizonte Betinho (Aspronte),Cenoura,4
9,Feira do Produtor do Gama,Morango,4
74,Feira do Produtor da Estrutural,Maracujá,4
72,Cooperativa Agropecuária e Industrial do Rio Preto (Coopari),Graviola,3
140,Assaí Atacadista - Ceilândia,Coco,3
197,Feira do Produtor da Candangolândia,Quiabo,3
195,CEASA-DF,Uva,4
28,Feira do Produtor do Núcleo Bandeirante,Chuchu,2
148,Atacadão - Taguatinga,Brócolis,2
23,Feira do Produtor de Águas Claras,Uva,5
137,Associação dos Produtores Rurais de Alexandre Gusmão (Asspag),Mandioca,4
135,Feira do Produtor de Taguatinga,Pimentão,2
37,Comper - Águas Claras,Batata,3
7,"Cooperativa de Trabalho, Consultoria, Instrutoria e Serviços para o Desenvolvimento Agropecuário, Econômico e Social (Agrocoop)",Pimentão,4
67,Pão de Açúcar - Asa Sul,Pepino,5
134,Feira do Produtor de Planaltina,Agrião,3
51,Cooperativa dos Produtores Rurais de Brazlândia (Coopabra),Tomate,4
48,Carrefour - Asa Norte,Atemóia,3
47,Feira do Produtor do Sudoeste,Pepino,2
177,Feira do Produtor de Sobradinho,Jiló,4
68,Feira do Produtor do Núcleo Bandeirante,Cenoura,3
64,Feira do Produtor do Lago Norte,Cebola,3
197,Associação dos Produtores Rurais de Alexandre Gusmão (Asspag),Gengibre,2
157,Super Maia - Taguatinga,Alface,4
104,Feira do Produtor do Itapoã,Pimentão,4
128,Feira do Produtor do Recanto das Emas,Mandioca,4
82,Feira do Produtor de Taguatinga,Abacate,3
10,Feira do Produtor de Sobradinho,Abacate,4
101,"Associação Mista dos Agricultores Familiares, Orgânicos e Produtores Rurais do DF e Entorno (Amista)",Agrião,3
45,Supercei - Taguatinga,Jiló,2
78,Atacadão - Taguatinga,Pimentão,4
144,Supercei - Taguatinga,Lichia,4
64,Feira do Produtor do Itapoã,Quiabo,3
45,Associação dos Produtores Rurais de Alexandre Gusmão (Asspag),Graviola,3
157,Assaí Atacadista - Ceilândia,Graviola,4
153,Comper - Águas Claras,Banana,3
26,Feira do Produtor de Taguatinga,Mandioca,4
109,Feira do Produtor de Águas Claras,Manga,3
178,Feira do Produtor do Lago Sul,Pimentão,3
61,Walmart - Samambaia,Repolho,2
78,Comper - Águas Claras,Agrião,5
70,Feira do Produtor de Santa Maria,Jiló,5
197,Feira do Produtor de Santa Maria,Morango,3
163,Associação dos Produtores da Agricultura Familiar (Aspaf),Alface,2
188,Feira do Produtor de Brazlândia,Tangerina,3
128,Pão de Açúcar - Asa Sul,Tangerina,5
139,Feira do Produtor do Jardim Botânico,Limão,3
166,Sam's Club - Asa Norte,Cenoura,3
93,Feira do Produtor de Vicente Pires,Graviola,4
115,Associação dos Produtores Rurais Novo Horizonte Betinho (Aspronte),Abacate,4
86,Feira do Produtor de Vicente Pires,Manga,2
175,Cooperativa de Produção Agropecuária dos Assentados e Pequenos Produtores Rurais do Distrito Federal e Entorno (Coopercal),Abóbora,4
103,Supercei - Taguatinga,Graviola,3
180,Feira do Produtor de Sobradinho,Cenoura,3
62,Feira do Produtor do Varjão,Lichia,3
25,Associação Agrícola do Distrito Federal e Ride (Agrifam),Cenoura,2
99,Mercado Orgânico do CEASA,Coco,3
141,Comper - Sudoeste,Cajamanga,4
187,Cooperativa Agropecuária e Industrial do Rio Preto (Coopari),Limão,5
37,"Associação Mista dos Agricultores Familiares, Orgânicos e Produtores Rurais do DF e Entorno (Amista)",Manga,4
63,Pão de Açúcar - Asa Sul,Batata,4
26,Feira do Produtor do Gama,Quiabo,4
64,Atacadão - Taguatinga,Batata,3
136,Cooperativa dos Produtores Rurais do PAD-DF (Coopadf),Alface,2
129,Assaí Atacadista - Ceilândia,Agrião,3
80,Super Maia - Taguatinga,Morango,4
8,Carrefour - Asa Norte,Limão,2
63,Feira da Agricultura Familiar - Plano Piloto,Cajamanga,3
114,Mercado Orgânico do CEASA,Beterraba,4
141,Feira do Produtor do Recanto das Emas,Tangerina,4
34,Big Box - Águas Claras,Cajamanga,2
106,Associação dos Produtores Rurais Orgânicos e Convencionais do Distrito Federal e Entorno (Asproc),Gengibre,4
183,Feira do Produtor de Samambaia,Coco,4
140,Sam's Club - Asa Norte,Jiló,3
5,Comper - Sudoeste,Cenoura,3
53,"Cooperativa de Trabalho, Consultoria, Instrutoria e Serviços para o Desenvolvimento Agropecuário, Econômico e Social (Agrocoop)",Cajamanga,4
95,Cooperativa Agrícola da Região de Planaltina (Cootaquara),Coco,3
168,Associação dos Produtores Rurais Orgânicos e Convencionais do Distrito Federal e Entorno (Asproc),Couve,4
142,Associação dos Trabalhadores Rurais da Agricultura Familiar do Assentamento Chapadinha (Astraf),Berinjela,4
28,Feira do Produtor do Guará,Pepino,3
197,Sam's Club - Asa Norte,Berinjela,2
164,Cooperativa de Produção Agropecuária dos Assentados e Pequenos Produtores Rurais do Distrito Federal e Entorno (Coopercal),Cajamanga,2
199,Associação Agrícola do Distrito Federal e Ride (Agrifam),Coco,4
89,Feira do Produtor do Park Way,Uva,1
87,Cooperativa Agropecuária e Industrial do Rio Preto (Coopari),Batata,3
69,Feira do Produtor de São Sebastião,Manga,2
50,Feira do Produtor de Sobradinho,Atemóia,3
91,Feira do Produtor de Sobradinho,Batata,4
76,Feira do Produtor do Guará,Coco,5
152,Assaí Atacadista - Ceilândia,Mamão,5
35,Feira do Produtor de São Sebastião,Chuchu,4
152,Feira do Produtor do Lago Sul,Banana,4
130,Pão de Açúcar - Asa Norte,Alface,3
1,"Cooperativa de Trabalho, Consultoria, Instrutoria e Serviços para o Desenvolvimento Agropecuário, Econômico e Social (Agrocoop)",Beterraba,3
118,Cooperativa Mista da Agricultura Familiar do Meio Ambiente e da Cultura do Brasil (Coopbrasil),Goiaba,5
17,Associação de Agricultores Familiares da Eco Comunidade do Assentamento 15 de Agosto (Afeca),Abacate,4
177,"Associação Mista dos Agricultores Familiares, Orgânicos e Produtores Rurais do DF e Entorno (Amista)",Brócolis,4
107,Walmart - Samambaia,Uva,4
199,Feira do Produtor de Samambaia,Tangerina,4
2,Associação dos Trabalhadores Rurais da Agricultura Familiar do Assentamento Chapadinha (Astraf),Gengibre,2
46,CEASA-DF,Cajamanga,4
39,Comper - Sudoeste,Jiló,4
155,Feira do Produtor da Candangolândia,Mamão,3
67,Associação Agrícola do Distrito Federal e Ride (Agrifam),Berinjela,5
68,Cooperativa dos Produtores Rurais de Brazlândia (Coopabra),Maracujá,3
39,Extra - Asa Norte,Goiaba,3
162,Feira do Produtor de Águas Claras,Banana,3
36,Assaí Atacadista - Taguatinga,Atemóia,3
35,Carrefour - Águas Claras,Atemóia,3
129,Feira do Produtor do Riacho Fundo,Limão,4
75,"Associação Mista dos Agricultores Familiares, Orgânicos e Produtores Rurais do DF e Entorno (Amista)",Uva,3
96,Feira do Produtor de Samambaia,Cajamanga,3
96,Carrefour - Asa Norte,Cajamanga,3
135,Big Box - Águas Claras,Banana,3
131,Carrefour - Águas Claras,Alface,4
160,Associação dos Produtores Rurais Orgânicos e Convencionais do Distrito Federal e Entorno (Asproc),Cebola,5
53,Cooperativa dos Produtores Rurais do PAD-DF (Coopadf),Limão,3
143,Assaí Atacadista - Ceilândia,Agrião,3
43,Feira do Produtor de Ceilândia,Uva,5
100,Walmart - Samambaia,Repolho,5
178,Feira do Produtor do Lago Norte,Atemóia,3
78,Mercado Orgânico do CEASA,Lichia,4
118,Feira do Produtor de Vicente Pires,Lichia,4
106,Associação dos Produtores Rurais Novo Horizonte Betinho (Aspronte),Tangerina,4
125,Cooperativa de Agricultura Familiar Mista do Distrito Federal (Coopermista),Manga,3
43,Mercado Orgânico do CEASA,Limão,5
119,Supercei - Taguatinga,Berinjela,4
189,Walmart - Samambaia,Abacate,2
132,Feira do Produtor do Lago Norte,Tomate,4
94,Feira do Produtor de Águas Claras,Atemóia,4
36,Feira do Produtor do Núcleo Bandeirante,Limão,3
134,Associação dos Produtores de Hortigranjeiros do Distrito Federal (Asphor),Lichia,5
76,Cooperativa dos Produtores Rurais de Brazlândia (Coopabra),Beterraba,4
161,Feira do Produtor do Riacho Fundo,Uva,5
98,Feira do Produtor da Estrutural,Cenoura,4
156,Cooperativa de Produção Agropecuária dos Assentados e Pequenos Produtores Rurais do Distrito Federal e Entorno (Coopercal),Cebola,3
3,Cooperativa de Agricultura Familiar Mista do Distrito Federal (Coopermista),Batata,2
133,Feira do Produtor do Núcleo Bandeirante,Cajamanga,2
156,Feira do Produtor do Guará,Cenoura,3
169,Extra - Asa Sul,Morango,4
186,Feira do Produtor do Lago Norte,Cebola,3
87,Feira do Produtor de Vicente Pires,Beterraba,4
71,Feira do Produtor do Lago Norte,Berinjela,4
60,Feira do Produtor do Riacho Fundo II,Tomate,2
158,Cooperativa dos Produtores Rurais do PAD-DF (Coopadf),Jiló,4
42,Feira do Produtor do Guará,Tangerina,5
180,Feira do Produtor do Cruzeiro,Mamão,3
152,Cooperativa de Produção Agropecuária dos Assentados e Pequenos Produtores Rurais do Distrito Federal e Entorno (Coopercal),Lichia,5
55,Associação dos Produtores Rurais Novo Horizonte Betinho (Aspronte),Goiaba,5
117,Feira do Produtor de Águas Claras,Graviola,5
47,Extra - Asa Norte,Graviola,2
57,Cooperativa Mista da Agricultura Familiar do Meio Ambiente e da Cultura do Brasil (Coopbrasil),Goiaba,3
142,Feira do Produtor do Gama,Coco,4
41,Feira do Produtor do Recanto das Emas,Cenoura,3
105,Assaí Atacadista - Ceilândia,Banana,4
164,Associação dos Trabalhadores Rurais da Agricultura Familiar do Assentamento Chapadinha (Astraf),Manga,3
81,Feira do Produtor de Ceilândia,Mamão,4
121,Feira do Produtor do Guará,Abóbora,2
95,Feira do Produtor de Santa Maria,Banana,2
111,Feira do Produtor do Cruzeiro,Maracujá,5
104,Pão de Açúcar - Asa Norte,Quiabo,4
67,Feira do Produtor de Brazlândia,Graviola,5
148,Associação dos Produtores da Agricultura Familiar (Aspaf),Batata,2
183,Assaí Atacadista - Taguatinga,Mamão,4
1,Associação dos Produtores Rurais Novo Horizonte Betinho (Aspronte),Quiabo,3
158,Feira do Produtor do Guará,Tangerina,3
6,Cooperativa de Produção Agropecuária dos Assentados e Pequenos Produtores Rurais do Distrito Federal e Entorno (Coopercal),Maracujá,4
37,Super Maia - Taguatinga,Abóbora,3
159,Feira do Produtor de Ceilândia,Mandioca,4
120,Feira do Produtor da Candangolândia,Cebola,3
178,Feira do Produtor de Brazlândia,Agrião,3
195,Atacadão - Ceilândia,Morango,4
82,Cooperativa Agropecuária e Industrial do Rio Preto (Coopari),Limão,3
49,Mercado Orgânico do CEASA,Cebola,3
15,Associação dos Produtores de Hortigranjeiros do Distrito Federal (Asphor),Lichia,3
100,Feira do Produtor do Lago Norte,Abacate,4
185,Feira do Produtor da Estrutural,Chuchu,2
168,Cooperativa dos Produtores Rurais do PAD-DF (Coopadf),Pepino,3
196,Comper - Sudoeste,Mandioca,4
121,Pão de Açúcar - Asa Sul,Tomate,3
158,Associação dos Produtores Rurais Orgânicos e Convencionais do Distrito Federal e Entorno (Asproc),Jiló,3
170,Cooperativa Agropecuária e Industrial do Rio Preto (Coopari),Couve,5
138,Associação dos Produtores de Hortigranjeiros do Distrito Federal (Asphor),Tomate,5
152,Carrefour - Asa Norte,Uva,5
143,Pão de Açúcar - Asa Sul,Berinjela,2
160,Feira do Produtor do Lago Sul,Morango,4
142,Associação dos Trabalhadores Rurais da Agricultura Familiar do Assentamento Chapadinha (Astraf),Brócolis,3
99,Associação dos Produtores da Agricultura Familiar (Aspaf),Abóbora,3
174,Supercei - Sobradinho,Limão,2
10,Mercado Orgânico do CEASA,Chuchu,4
181,Comper - Águas Claras,Abacate,4
25,Extra - Asa Norte,Cenoura,3
6,Feira do Produtor da Estrutural,Atemóia,4
141,Feira do Produtor de Águas Claras,Uva,4
10,Cooperativa Agropecuária e Industrial do Rio Preto (Coopari),Brócolis,4
18,Associação dos Produtores Rurais Orgânicos e Convencionais do Distrito Federal e Entorno (Asproc),Banana,4
157,Feira do Produtor do Varjão,Mandioca,3
110,Supercei - Sobradinho,Coco,1
8,Cooperativa de Produção Agropecuária dos Assentados e Pequenos Produtores Rurais do Distrito Federal e Entorno (Coopercal),Cajamanga,2
142,Feira do Produtor do Riacho Fundo II,Gengibre,4
10,Cooperativa dos Produtores Rurais de Brazlândia (Coopabra),Pitaia,4
3,Walmart - Samambaia,Atemóia,4
199,Feira do Produtor do Recanto das Emas,Graviola,4
90,Associação Agrícola do Distrito Federal e Ride (Agrifam),Agrião,4
152,Assaí Atacadista - Ceilândia,Pitaia,5
20,Big Box - Águas Claras,Morango,5
175,Associação dos Produtores Rurais Orgânicos e Convencionais do Distrito Federal e Entorno (Asproc),Graviola,5
78,Cooperativa dos Produtores Rurais de Brazlândia (Coopabra),Atemóia,5
111,Super Maia - Taguatinga,Abóbora,4
23,Feira da Agricultura Familiar - Plano Piloto,Banana,4
138,Feira do Produtor da Candangolândia,Abóbora,3
26,Feira do Produtor do Paranoá,Tangerina,4
2,Assaí Atacadista - Ceilândia,Mamão,4
117,Feira do Produtor de Santa Maria,Mamão,5
76,Feira do Produtor do Riacho Fundo,Couve,5
41,Assaí Atacadista - Ceilândia,Cebola,4
118,Feira do Produtor do Gama,Gengibre,5
125,Feira da Agricultura Familiar - Plano Piloto,Abacate,3
155,Carrefour - Asa Norte,Abacate,4
9,Extra - Asa Norte,Abóbora,3
91,Atacadão - Taguatinga,Limão,3
124,Carrefour - Águas Claras,Atemóia,5
61,Feira do Produtor do Riacho Fundo II,Manga,2
97,Feira do Produtor do Riacho Fundo,Brócolis,3
7,Feira do Produtor da Estrutural,Quiabo,5
123,Feira do Produtor do Paranoá,Alface,4
42,Pão de Açúcar - Asa Norte,Agrião,4
200,Associação dos Produtores Rurais Novo Horizonte Betinho (Aspronte),Cenoura,3
142,Associação dos Trabalhadores Rurais da Agricultura Familiar do Assentamento Chapadinha (Astraf),Cebola,5
66,Feira do Produtor do Lago Norte,Atemóia,2
88,Feira do Produtor do Jardim Botânico,Lichia,1
135,Sam's Club - Asa Norte,Goiaba,4
153,Feira do Produtor do Guará,Limão,3
172,Feira do Produtor do Sudoeste,Manga,3
106,Feira do Produtor do Riacho Fundo,Pimentão,5
116,Feira do Produtor do Itapoã,Pimentão,4
170,Comper - Sudoeste,Alface,4
123,Feira do Produtor do Recanto das Emas,Coco,4
69,Cooperativa dos Produtores Rurais de Brazlândia (Coopabra),Jiló,3
139,"Associação Mista dos Agricultores Familiares, Orgânicos e Produtores Rurais do DF e Entorno (Amista)",Atemóia,2
60,Extra - Asa Sul,Mamão,4
37,Feira do Produtor do Riacho Fundo,Maracujá,5
103,Feira do Produtor do Jardim Botânico,Gengibre,3
12,Cooperativa de Agricultura Familiar Mista do Distrito Federal (Coopermista),Pimentão,2
106,Associação Agrícola do Distrito Federal e Ride (Agrifam),Brócolis,4
117,Feira do Produtor de Planaltina,Agrião,5
149,Feira do Produtor do Jardim Botânico,Couve,3
80,"Cooperativa de Trabalho, Consultoria, Instrutoria e Serviços para o Desenvolvimento Agropecuário, Econômico e Social (Agrocoop)",Chuchu,5
62,Super Maia - Sobradinho,Tomate,3
53,Cooperativa de Produção Agropecuária dos Assentados e Pequenos Produtores Rurais do Distrito Federal e Entorno (Coopercal),Repolho,3
56,Feira do Produtor do Lago Sul,Agrião,4
179,Cooperativa dos Produtores Rurais de Brazlândia (Coopabra),Banana,4
169,Pão de Açúcar - Asa Norte,Maracujá,4
195,CEASA-DF,Lichia,3
10,Feira do Produtor de Samambaia,Mandioca,4
192,Feira do Produtor de Ceilândia,Pitaia,3
92,Cooperativa Mista da Agricultura Familiar do Meio Ambiente e da Cultura do Brasil (Coopbrasil),Gengibre,3
105,Atacadão - Ceilândia,Atemóia,3
162,Cooperativa de Produção Agropecuária dos Assentados e Pequenos Produtores Rurais do Distrito Federal e Entorno (Coopercal),Graviola,3
65,Cooperativa de Agricultura Familiar Mista do Distrito Federal (Coopermista),Jiló,4
43,Feira do Produtor de Brazlândia,Maracujá,5
95,Associação dos Produtores da Agricultura Familiar (Aspaf),Uva,2
178,Big Box - Águas Claras,Uva,2
52,Associação dos Produtores Rurais Novo Horizonte Betinho (Aspronte),Pepino,3
168,Cooperativa Agrícola da Região de Planaltina (Cootaquara),Couve,4
1,Cooperativa dos Produtores Rurais do PAD-DF (Coopadf),Brócolis,4
51,Cooperativa dos Produtores Rurais de Brazlândia (Coopabra),Atemóia,4
134,Walmart - Samambaia,Atemóia,4
145,Feira da Agricultura Familiar - Plano Piloto,Jiló,5
10,Feira do Produtor do Varjão,Lichia,4
39,Feira do Produtor da Candangolândia,Graviola,3
133,Cooperativa Mista da Agricultura Familiar do Meio Ambiente e da Cultura do Brasil (Coopbrasil),Tangerina,2
109,Feira do Produtor do Paranoá,Berinjela,2
185,Feira do Produtor de Ceilândia,Pitaia,3
32,Feira do Produtor de Águas Claras,Pepino,3
24,Feira do Produtor de Taguatinga,Quiabo,2
18,Feira do Produtor de Samambaia,Cajamanga,3
5,"Cooperativa de Trabalho, Consultoria, Instrutoria e Serviços para o Desenvolvimento Agropecuário, Econômico e Social (Agrocoop)",Tomate,2
120,Feira do Produtor de Santa Maria,Atemóia,3
116,Feira do Produtor do Itapoã,Tomate,4
147,Feira do Produtor do Itapoã,Couve,4
140,Pão de Açúcar - Asa Norte,Chuchu,3
139,Cooperativa Agropecuária e Industrial do Rio Preto (Coopari),Pimentão,3
92,Associação dos Produtores Rurais de Alexandre Gusmão (Asspag),Abacate,4
80,Feira do Produtor de Águas Claras,Batata,4
64,Comper - Sudoeste,Graviola,4
183,Associação de Agricultores Familiares da Eco Comunidade do Assentamento 15 de Agosto (Afeca),Agrião,4
104,Feira do Produtor de Planaltina,Cebola,5
67,Feira do Produtor do Riacho Fundo II,Limão,5
138,Feira do Produtor do Núcleo Bandeirante,Abacate,3
53,"Associação Mista dos Agricultores Familiares, Orgânicos e Produtores Rurais do DF e Entorno (Amista)",Brócolis,4
51,Comper - Sudoeste,Pitaia,4
129,Feira do Produtor do Cruzeiro,Mamão,5
133,Feira do Produtor de Samambaia,Cajamanga,3
77,Cooperativa Agropecuária e Industrial do Rio Preto (Coopari),Manga,4
145,Feira do Produtor de Brazlândia,Abóbora,3
152,Associação dos Produtores da Agricultura Familiar (Aspaf),Chuchu,3
162,Cooperativa Agropecuária e Industrial do Rio Preto (Coopari),Quiabo,4
100,Feira do Produtor do Paranoá,Tangerina,4
128,Big Box - Águas Claras,Pitaia,4
191,Cooperativa Agrícola da Região de Planaltina (Cootaquara),Limão,3
160,Cooperativa dos Produtores Rurais do PAD-DF (Coopadf),Batata,4
174,Associação dos Produtores Rurais Novo Horizonte Betinho (Aspronte),Goiaba,3
69,Feira do Produtor do Itapoã,Berinjela,3
133,Feira do Produtor de Águas Claras,Coco,2
11,Feira do Produtor do Varjão,Batata,3
142,Mercado Orgânico do CEASA,Alface,4
94,CEASA-DF,Tomate,3
71,Cooperativa Mista da Agricultura Familiar do Meio Ambiente e da Cultura do Brasil (Coopbrasil),Tomate,4
188,Assaí Atacadista - Ceilândia,Atemóia,3
120,Comper - Águas Claras,Cebola,3
148,Supercei - Ceilândia,Repolho,2
11,Super Maia - Taguatinga,Morango,3
60,Cooperativa Mista da Agricultura Familiar do Meio Ambiente e da Cultura do Brasil (Coopbrasil),Agrião,2
103,Cooperativa Agrícola da Região de Planaltina (Cootaquara),Repolho,3
123,Atacadão - Taguatinga,Couve,2
199,Super Maia - Taguatinga,Tangerina,5
78,Pão de Açúcar - Asa Sul,Cenoura,5
124,Mercado Orgânico do CEASA,Quiabo,4
129,Pão de Açúcar - Asa Sul,Couve,4
121,Cooperativa dos Produtores Rurais de Brazlândia (Coopabra),Tangerina,3
9,Associação dos Produtores Rurais Novo Horizonte Betinho (Aspronte),Manga,5
127,Cooperativa de Produção Agropecuária dos Assentados e Pequenos Produtores Rurais do Distrito Federal e Entorno (Coopercal),Pitaia,3
142,Feira do Produtor do Park Way,Pitaia,5
46,Comper - Sudoeste,Pepino,3
81,Assaí Atacadista - Ceilândia,Cebola,4
143,Feira do Produtor do Varjão,Manga,4
113,Supercei - Sobradinho,Agrião,2
185,Extra - Asa Norte,Morango,2
188,Assaí Atacadista - Taguatinga,Goiaba,3
32,Feira do Produtor do Riacho Fundo,Mandioca,2
105,Comper - Águas Claras,Maracujá,4
92,Pão de Açúcar - Asa Norte,Quiabo,3
199,Atacadão - Ceilândia,Maracujá,4
64,Feira do Produtor de Sobradinho,Uva,4
40,Feira do Produtor do Núcleo Bandeirante,Cajamanga,4
98,Feira do Produtor do Recanto das Emas,Cenoura,4
99,Associação Agrícola do Distrito Federal e Ride (Agrifam),Tangerina,2
110,Feira do Produtor do Jardim Botânico,Tangerina,3
195,Feira do Produtor da Candangolândia,Manga,2
118,Cooperativa Agropecuária e Industrial do Rio Preto (Coopari),Abacate,4
42,Extra - Asa Sul,Uva,4
189,Feira do Produtor de Samambaia,Cajamanga,1
142,Feira do Produtor do Núcleo Bandeirante,Abacate,5
162,Cooperativa de Produção Agropecuária dos Assentados e Pequenos Produtores Rurais do Distrito Federal e Entorno (Coopercal),Pitaia,3
93,Cooperativa Agrícola da Região de Planaltina (Cootaquara),Tangerina,5
63,Feira da Agricultura Familiar - Plano Piloto,Cebola,3
173,Extra - Asa Sul,Morango,3
82,Associação dos Produtores de Hortigranjeiros do Distrito Federal (Asphor),Abacate,4
99,Feira do Produtor do Cruzeiro,Gengibre,2
168,Cooperativa Agropecuária e Industrial do Rio Preto (Coopari),Brócolis,3
81,Feira da Agricultura Familiar - Plano Piloto,Abacate,4
37,Feira do Produtor do Lago Norte,Abacate,4
123,Feira do Produtor de Taguatinga,Atemóia,3
199,Pão de Açúcar - Asa Norte,Agrião,5
5,Pão de Açúcar - Asa Sul,Cenoura,3
148,Feira do Produtor do Jardim Botânico,Lichia,2
185,Associação Agrícola do Distrito Federal e Ride (Agrifam),Pimentão,3
39,Feira do Produtor da Estrutural,Pepino,5
168,Comper - Águas Claras,Cenoura,3
83,Feira do Produtor do Paranoá,Pitaia,5
36,Comper - Águas Claras,Chuchu,3
171,Feira do Produtor do Itapoã,Chuchu,3
21,Comper - Águas Claras,Mamão,5
47,Associação dos Produtores da Agricultura Familiar (Aspaf),Uva,2
159,Pão de Açúcar - Asa Sul,Morango,4
46,Comper - Sudoeste,Alface,4
69,Comper - Águas Claras,Pitaia,3
187,Walmart - Samambaia,Coco,4
110,Sam's Club - Asa Norte,Pimentão,3
102,Associação dos Produtores Rurais de Alexandre Gusmão (Asspag),Chuchu,2
81,Associação dos Produtores de Hortigranjeiros do Distrito Federal (Asphor),Cenoura,5
130,Pão de Açúcar - Asa Norte,Berinjela,3
151,Super Maia - Taguatinga,Abóbora,3
55,Carrefour - Águas Claras,Quiabo,4
85,Feira do Produtor da Estrutural,Cenoura,3
47,Feira do Produtor do Sudoeste,Cenoura,3
162,Associação dos Produtores Rurais Orgânicos e Convencionais do Distrito Federal e Entorno (Asproc),Pepino,3
102,Assaí Atacadista - Taguatinga,Mandioca,3
138,Feira do Produtor da Candangolândia,Banana,4
113,Feira do Produtor do Itapoã,Repolho,4
18,Associação dos Produtores Rurais Novo Horizonte Betinho (Aspronte),Berinjela,4
43,Supercei - Sobradinho,Quiabo,5
199,Associação dos Trabalhadores Rurais da Agricultura Familiar do Assentamento Chapadinha (Astraf),Batata,5
94,Associação dos Produtores Rurais de Alexandre Gusmão (Asspag),Morango,5
55,Associação dos Produtores Rurais de Alexandre Gusmão (Asspag),Maracujá,5
176,Supercei - Sobradinho,Pitaia,4
1,Sam's Club - Asa Norte,Pimentão,2
103,Feira do Produtor de Águas Claras,Mandioca,2
157,"Cooperativa de Trabalho, Consultoria, Instrutoria e Serviços para o Desenvolvimento Agropecuário, Econômico e Social (Agrocoop)",Goiaba,5
7,Feira do Produtor do Itapoã,Goiaba,5
2,Comper - Águas Claras,Cenoura,3
90,Mercado Orgânico do CEASA,Chuchu,4
55,Feira do Produtor de Ceilândia,Pimentão,4
72,Feira do Produtor do Jardim Botânico,Mandioca,4
134,Feira do Produtor de Vicente Pires,Abóbora,4
187,Feira do Produtor de Planaltina,Manga,4
184,Associação Agrícola do Distrito Federal e Ride (Agrifam),Lichia,5
189,Cooperativa de Agricultura Familiar Mista do Distrito Federal (Coopermista),Morango,3
122,Feira do Produtor do Lago Sul,Quiabo,4
70,"Associação Mista dos Agricultores Familiares, Orgânicos e Produtores Rurais do DF e Entorno (Amista)",Cajamanga,4
83,Feira do Produtor de Taguatinga,Abacate,4
171,Feira do Produtor do Varjão,Mandioca,4
132,Cooperativa de Produção Agropecuária dos Assentados e Pequenos Produtores Rurais do Distrito Federal e Entorno (Coopercal),Manga,4
187,Feira do Produtor da Candangolândia,Cajamanga,3
65,Associação dos Produtores da Agricultura Familiar (Aspaf),Batata,5
27,Atacadão - Ceilândia,Maracujá,4
199,Associação dos Produtores Rurais de Alexandre Gusmão (Asspag),Alface,5
33,Cooperativa de Produção Agropecuária dos Assentados e Pequenos Produtores Rurais do Distrito Federal e Entorno (Coopercal),Uva,5
25,Feira do Produtor do Itapoã,Agrião,4
176,Feira do Produtor do Riacho Fundo II,Limão,4
9,Feira do Produtor do Lago Sul,Pimentão,4
62,Cooperativa Agropecuária e Industrial do Rio Preto (Coopari),Tomate,4
139,Feira do Produtor de Planaltina,Mamão,2
5,Feira do Produtor do Lago Sul,Graviola,4
53,Cooperativa dos Produtores Rurais de Brazlândia (Coopabra),Pimentão,4
188,Walmart - Samambaia,Pimentão,3
138,Super Maia - Taguatinga,Tomate,4
187,Feira do Produtor de Sobradinho,Agrião,3
29,Cooperativa Agropecuária e Industrial do Rio Preto (Coopari),Manga,3
136,Feira do Produtor de Brazlândia,Uva,4
179,Mercado Orgânico do CEASA,Cajamanga,4
196,Cooperativa de Agricultura Familiar Mista do Distrito Federal (Coopermista),Limão,3
74,Feira do Produtor da Estrutural,Atemóia,4
131,Feira do Produtor do Itapoã,Atemóia,5
181,Super Maia - Sobradinho,Jiló,3
75,Cooperativa dos Produtores Rurais do PAD-DF (Coopadf),Alface,4
139,Feira do Produtor do Jardim Botânico,Mandioca,2
22,Feira do Produtor do Itapoã,Mandioca,5
185,Supercei - Taguatinga,Lichia,3
109,Extra - Asa Sul,Lichia,3
191,Feira do Produtor de Ceilândia,Quiabo,2
118,Feira do Produtor de Brazlândia,Abóbora,4
3,Feira da Agricultura Familiar - Plano Piloto,Couve,3
183,Supercei - Sobradinho,Repolho,3
194,Assaí Atacadista - Taguatinga,Agrião,4
183,Feira do Produtor da Candangolândia,Batata,5
86,Cooperativa de Produção Agropecuária dos Assentados e Pequenos Produtores Rurais do Distrito Federal e Entorno (Coopercal),Pitaia,3
82,Associação dos Produtores da Agricultura Familiar (Aspaf),Atemóia,3
160,Feira do Produtor do Lago Sul,Repolho,5
48,Feira do Produtor do Guará,Limão,3
42,Carrefour - Águas Claras,Banana,5
39,Extra - Asa Norte,Uva,4
63,Feira do Produtor de Planaltina,Pimentão,4
144,Associação dos Produtores da Agricultura Familiar (Aspaf),Chuchu,3
178,Pão de Açúcar - Asa Sul,Mamão,2
163,Feira do Produtor do Sudoeste,Repolho,2
11,Feira do Produtor do Riacho Fundo II,Tangerina,3
158,Feira do Produtor do Riacho Fundo II,Tomate,3
133,Cooperativa Agropecuária e Industrial do Rio Preto (Coopari),Alface,2
91,Associação dos Produtores de Hortigranjeiros do Distrito Federal (Asphor),Maracujá,3
121,Associação dos Produtores Rurais Orgânicos e Convencionais do Distrito Federal e Entorno (Asproc),Pitaia,4
160,Associação dos Produtores Rurais Orgânicos e Convencionais do Distrito Federal e Entorno (Asproc),Banana,4
53,Associação dos Trabalhadores Rurais da Agricultura Familiar do Assentamento Chapadinha (Astraf),Brócolis,4
118,Associação dos Produtores Rurais Novo Horizonte Betinho (Aspronte),Berinjela,5
153,Assaí Atacadista - Taguatinga,Alface,4
90,Supercei - Ceilândia,Manga,4
192,Feira do Produtor de São Sebastião,Goiaba,4
182,Associação dos Trabalhadores Rurais da Agricultura Familiar do Assentamento Chapadinha (Astraf),Coco,3
47,Feira do Produtor do Guará,Manga,2
26,Feira do Produtor do Guará,Mandioca,5
20,Feira do Produtor do Lago Sul,Alface,5
75,"Associação Mista dos Agricultores Familiares, Orgânicos e Produtores Rurais do DF e Entorno (Amista)",Couve,2
62,Cooperativa Agrícola da Região de Planaltina (Cootaquara),Coco,2
176,Associação dos Produtores de Hortigranjeiros do Distrito Federal (Asphor),Agrião,4
64,Feira do Produtor do Itapoã,Couve,4
108,Feira do Produtor de São Sebastião,Pepino,5
25,Associação dos Produtores Rurais de Alexandre Gusmão (Asspag),Chuchu,2
118,Extra - Asa Norte,Coco,5
143,Pão de Açúcar - Asa Norte,Cebola,3
23,"Associação Mista dos Agricultores Familiares, Orgânicos e Produtores Rurais do DF e Entorno (Amista)",Coco,3
197,Feira do Produtor do Lago Norte,Graviola,3
116,Feira do Produtor do Lago Sul,Uva,4
143,Feira do Produtor de Planaltina,Graviola,3
130,"Associação Mista dos Agricultores Familiares, Orgânicos e Produtores Rurais do DF e Entorno (Amista)",Morango,3
5,Feira do Produtor do Lago Norte,Pitaia,3
114,Extra - Asa Sul,Lichia,3
132,Associação de Agricultores Familiares da Eco Comunidade do Assentamento 15 de Agosto (Afeca),Mandioca,4
25,Comper - Águas Claras,Pepino,2
197,Extra - Asa Sul,Graviola,3
193,Sam's Club - Asa Norte,Mandioca,4
138,Associação dos Produtores de Hortigranjeiros do Distrito Federal (Asphor),Brócolis,4
106,Assaí Atacadista - Ceilândia,Uva,4
10,Extra - Asa Sul,Atemóia,5
101,"Cooperativa de Trabalho, Consultoria, Instrutoria e Serviços para o Desenvolvimento Agropecuário, Econômico e Social (Agrocoop)",Gengibre,3
90,Supercei - Sobradinho,Manga,4
10,Cooperativa Agropecuária e Industrial do Rio Preto (Coopari),Cebola,5
32,Feira do Produtor do Riacho Fundo,Tangerina,3
45,Associação dos Produtores Rurais Novo Horizonte Betinho (Aspronte),Brócolis,2
97,CEASA-DF,Alface,4
17,Associação dos Produtores Rurais de Alexandre Gusmão (Asspag),Brócolis,4
39,Feira do Produtor do Park Way,Couve,3
35,Carrefour - Águas Claras,Cebola,5
55,Feira do Produtor do Paranoá,Cebola,4
79,Cooperativa dos Produtores Rurais de Brazlândia (Coopabra),Batata,5
130,Supercei - Ceilândia,Mandioca,2
77,Feira do Produtor de Planaltina,Cajamanga,4
114,Cooperativa de Agricultura Familiar Mista do Distrito Federal (Coopermista),Berinjela,3
153,Feira do Produtor de Águas Claras,Tomate,4
125,Cooperativa Mista da Agricultura Familiar do Meio Ambiente e da Cultura do Brasil (Coopbrasil),Gengibre,3
38,Associação dos Produtores Rurais Orgânicos e Convencionais do Distrito Federal e Entorno (Asproc),Alface,2
70,Feira do Produtor do Sudoeste,Couve,4
139,"Associação Mista dos Agricultores Familiares, Orgânicos e Produtores Rurais do DF e Entorno (Amista)",Pimentão,3
131,Feira do Produtor de Águas Claras,Cajamanga,5
96,Feira do Produtor do Park Way,Mamão,3
13,Associação dos Produtores Rurais de Alexandre Gusmão (Asspag),Abacate,3
15,Feira da Agricultura Familiar - Plano Piloto,Maracujá,2
123,Feira do Produtor do Varjão,Beterraba,4
86,Feira do Produtor do Núcleo Bandeirante,Atemóia,4
24,Feira do Produtor do Park Way,Brócolis,3
163,Super Maia - Taguatinga,Atemóia,4
86,Associação de Agricultores Familiares da Eco Comunidade do Assentamento 15 de Agosto (Afeca),Batata,3
166,Feira do Produtor do Jardim Botânico,Beterraba,3
199,Feira do Produtor do Varjão,Abacate,4
92,Extra - Asa Norte,Graviola,3
146,Comper - Águas Claras,Coco,4
86,Pão de Açúcar - Asa Norte,Abacate,3
13,Feira do Produtor de Santa Maria,Coco,3
34,Big Box - Águas Claras,Couve,3
164,Associação dos Produtores Rurais Orgânicos e Convencionais do Distrito Federal e Entorno (Asproc),Pitaia,3
165,Pão de Açúcar - Asa Sul,Lichia,3
81,Feira da Agricultura Familiar - Plano Piloto,Chuchu,3
153,Assaí Atacadista - Taguatinga,Atemóia,3
56,Feira do Produtor do Núcleo Bandeirante,Quiabo,5
132,Comper - Águas Claras,Chuchu,4
21,Feira do Produtor do Cruzeiro,Manga,5
174,Supercei - Sobradinho,Coco,3
168,Feira do Produtor do Núcleo Bandeirante,Morango,4
26,Assaí Atacadista - Ceilândia,Pitaia,4
160,Comper - Águas Claras,Alface,4
194,Feira do Produtor de Sobradinho,Pepino,3
106,Feira do Produtor de Samambaia,Couve,4
121,Feira do Produtor de Brazlândia,Agrião,3
75,Feira do Produtor do Recanto das Emas,Maracujá,2
158,Feira do Produtor de Brazlândia,Jiló,3
50,Associação dos Produtores de Hortigranjeiros do Distrito Federal (Asphor),Maracujá,2
64,Feira do Produtor da Estrutural,Tomate,2
178,Feira do Produtor de Planaltina,Cenoura,3
114,Feira do Produtor do Paranoá,Maracujá,4
156,Sam's Club - Asa Norte,Goiaba,3
92,Assaí Atacadista - Taguatinga,Graviola,3
48,Feira do Produtor do Guará,Mandioca,4
161,Feira do Produtor do Jardim Botânico,Atemóia,5
63,Feira da Agricultura Familiar - Plano Piloto,Pepino,3
27,Cooperativa de Produção Agropecuária dos Assentados e Pequenos Produtores Rurais do Distrito Federal e Entorno (Coopercal),Cajamanga,5
5,Feira do Produtor do Jardim Botânico,Agrião,2
152,Feira do Produtor do Lago Sul,Agrião,4
39,Feira do Produtor do Gama,Mandioca,4
42,Feira do Produtor do Núcleo Bandeirante,Uva,4
24,Feira do Produtor de Vicente Pires,Pimentão,3
81,Feira do Produtor de Santa Maria,Graviola,3
158,CEASA-DF,Berinjela,3
35,Feira da Agricultura Familiar - Plano Piloto,Chuchu,4
157,Cooperativa de Agricultura Familiar Mista do Distrito Federal (Coopermista),Couve,4
51,Walmart - Samambaia,Alface,5
156,Associação dos Produtores Rurais Novo Horizonte Betinho (Aspronte),Uva,2
162,Feira do Produtor da Estrutural,Batata,3
58,Associação de Agricultores Familiares da Eco Comunidade do Assentamento 15 de Agosto (Afeca),Abacate,3
43,Super Maia - Sobradinho,Graviola,5
184,Cooperativa Agrícola da Região de Planaltina (Cootaquara),Lichia,5
55,Associação dos Produtores Rurais de Alexandre Gusmão (Asspag),Graviola,5
169,Comper - Sudoeste,Coco,4
145,Associação dos Produtores Rurais Novo Horizonte Betinho (Aspronte),Chuchu,3
78,Big Box - Águas Claras,Brócolis,4
24,Feira do Produtor de Taguatinga,Cenoura,3
186,Supercei - Sobradinho,Jiló,4
20,Feira do Produtor do Cruzeiro,Pepino,5
176,Sam's Club - Asa Norte,Banana,5
157,Feira do Produtor de Águas Claras,Coco,5
68,Carrefour - Asa Norte,Cebola,3
167,Supercei - Ceilândia,Lichia,5
140,Atacadão - Ceilândia,Banana,3
29,"Cooperativa de Trabalho, Consultoria, Instrutoria e Serviços para o Desenvolvimento Agropecuário, Econômico e Social (Agrocoop)",Tangerina,2
61,Feira do Produtor do Lago Sul,Maracujá,3
139,Associação dos Produtores Rurais de Alexandre Gusmão (Asspag),Coco,3
123,Feira do Produtor de Samambaia,Couve,4
177,Feira do Produtor do Lago Norte,Abóbora,5
39,Feira do Produtor da Estrutural,Batata,4
53,Super Maia - Sobradinho,Abacate,5
67,Atacadão - Ceilândia,Agrião,5
47,Cooperativa dos Produtores Rurais de Brazlândia (Coopabra),Cajamanga,3
135,Super Maia - Taguatinga,Chuchu,4
100,Assaí Atacadista - Ceilândia,Pitaia,4
176,Associação de Agricultores Familiares da Eco Comunidade do Assentamento 15 de Agosto (Afeca),Cebola,4
75,"Cooperativa de Trabalho, Consultoria, Instrutoria e Serviços para o Desenvolvimento Agropecuário, Econômico e Social (Agrocoop)",Gengibre,3
97,Carrefour - Asa Norte,Gengibre,4
128,Feira do Produtor do Lago Norte,Gengibre,3
103,Feira do Produtor de São Sebastião,Limão,3
4,Supercei - Ceilândia,Coco,4
189,Feira do Produtor de Planaltina,Batata,2
95,Cooperativa dos Produtores Rurais de Brazlândia (Coopabra),Alface,3
88,Feira do Produtor de Águas Claras,Coco,2
49,Associação dos Produtores da Agricultura Familiar (Aspaf),Chuchu,4
168,Cooperativa dos Produtores Rurais do PAD-DF (Coopadf),Mamão,3
56,Atacadão - Taguatinga,Goiaba,4
43,Associação dos Produtores de Hortigranjeiros do Distrito Federal (Asphor),Jiló,4
7,Feira do Produtor do Itapoã,Batata,5
126,Feira do Produtor de Taguatinga,Atemóia,3
138,Feira do Produtor da Candangolândia,Abóbora,4
196,Feira do Produtor do Núcleo Bandeirante,Uva,2
150,Feira do Produtor do Guará,Abóbora,3
88,Feira do Produtor de Samambaia,Cebola,2
192,Mercado Orgânico do CEASA,Coco,4
154,Feira do Produtor de Brazlândia,Brócolis,3
162,Super Maia - Sobradinho,Alface,4
135,Pão de Açúcar - Asa Sul,Tangerina,4
27,Feira do Produtor do Varjão,Pepino,5
115,Associação dos Produtores de Hortigranjeiros do Distrito Federal (Asphor),Quiabo,4
17,Associação dos Produtores da Agricultura Familiar (Aspaf),Atemóia,5
37,Feira do Produtor de Águas Claras,Atemóia,4
61,Feira do Produtor do Park Way,Agrião,3
144,Feira do Produtor do Guará,Abóbora,3
58,Associação dos Produtores Rurais de Alexandre Gusmão (Asspag),Coco,3
128,"Associação Mista dos Agricultores Familiares, Orgânicos e Produtores Rurais do DF e Entorno (Amista)",Pimentão,4
194,Super Maia - Sobradinho,Graviola,4
27,Associação dos Produtores de Hortigranjeiros do Distrito Federal (Asphor),Goiaba,5
118,Feira do Produtor do Núcleo Bandeirante,Goiaba,5
178,Feira do Produtor de Planaltina,Cenoura,2
181,Atacadão - Taguatinga,Berinjela,4
147,Cooperativa de Produção Agropecuária dos Assentados e Pequenos Produtores Rurais do Distrito Federal e Entorno (Coopercal),Uva,5
145,Associação dos Produtores Rurais de Alexandre Gusmão (Asspag),Uva,2
47,Associação dos Trabalhadores Rurais da Agricultura Familiar do Assentamento Chapadinha (Astraf),Agrião,3
102,CEASA-DF,Alface,3
174,Feira do Produtor do Guará,Lichia,3
59,Feira do Produtor do Park Way,Pepino,5
183,Feira do Produtor do Riacho Fundo,Batata,4
41,Feira do Produtor do Riacho Fundo,Gengibre,2
189,Supercei - Taguatinga,Jiló,2
3,"Cooperativa de Trabalho, Consultoria, Instrutoria e Serviços para o Desenvolvimento Agropecuário, Econômico e Social (Agrocoop)",Maracujá,3
173,Assaí Atacadista - Taguatinga,Beterraba,4
107,Associação dos Produtores Rurais Novo Horizonte Betinho (Aspronte),Batata,4
39,"Cooperativa de Trabalho, Consultoria, Instrutoria e Serviços para o Desenvolvimento Agropecuário, Econômico e Social (Agrocoop)",Gengibre,4
10,Comper - Águas Claras,Tangerina,4
85,Feira do Produtor do Sudoeste,Abóbora,3
3,Feira do Produtor de Vicente Pires,Cenoura,3
181,Feira do Produtor de Sobradinho,Atemóia,4
149,Big Box - Águas Claras,Pitaia,5
94,Associação dos Produtores Rurais de Alexandre Gusmão (Asspag),Lichia,4
6,Sam's Club - Asa Norte,Maracujá,4
52,"Cooperativa de Trabalho, Consultoria, Instrutoria e Serviços para o Desenvolvimento Agropecuário, Econômico e Social (Agrocoop)",Tangerina,3
79,Supercei - Taguatinga,Cebola,5
33,Cooperativa de Produção Agropecuária dos Assentados e Pequenos Produtores Rurais do Distrito Federal e Entorno (Coopercal),Abóbora,4
3,"Cooperativa de Trabalho, Consultoria, Instrutoria e Serviços para o Desenvolvimento Agropecuário, Econômico e Social (Agrocoop)",Manga,3
108,Extra - Asa Sul,Tomate,5
58,Associação de Agricultores Familiares da Eco Comunidade do Assentamento 15 de Agosto (Afeca),Mandioca,5
76,Comper - Sudoeste,Mamão,4
105,Feira do Produtor de Águas Claras,Tomate,3
98,Associação dos Produtores Rurais Novo Horizonte Betinho (Aspronte),Agrião,4
29,Supercei - Ceilândia,Mamão,4
51,Cooperativa Mista da Agricultura Familiar do Meio Ambiente e da Cultura do Brasil (Coopbrasil),Maracujá,4
9,Feira do Produtor do Riacho Fundo,Batata,3
15,Cooperativa Agropecuária e Industrial do Rio Preto (Coopari),Atemóia,2
158,Carrefour - Asa Norte,Maracujá,3
37,Comper - Águas Claras,Agrião,4
36,Associação dos Produtores Rurais de Alexandre Gusmão (Asspag),Coco,3
108,Feira do Produtor de Águas Claras,Coco,4
4,Associação de Agricultores Familiares da Eco Comunidade do Assentamento 15 de Agosto (Afeca),Abacate,4
109,Associação dos Produtores Rurais Orgânicos e Convencionais do Distrito Federal e Entorno (Asproc),Chuchu,2
27,CEASA-DF,Tomate,4
188,Cooperativa Mista da Agricultura Familiar do Meio Ambiente e da Cultura do Brasil (Coopbrasil),Agrião,3
107,Feira do Produtor do Guará,Mamão,4
88,Assaí Atacadista - Ceilândia,Pepino,2
176,Supercei - Sobradinho,Abóbora,4
152,Supercei - Taguatinga,Uva,4
79,Feira do Produtor da Estrutural,Tomate,5
144,Walmart - Samambaia,Pitaia,4
57,Associação dos Produtores Rurais Orgânicos e Convencionais do Distrito Federal e Entorno (Asproc),Cenoura,3
51,Sam's Club - Asa Norte,Pitaia,5
141,Feira do Produtor do Riacho Fundo,Beterraba,4
142,Associação dos Produtores Rurais Novo Horizonte Betinho (Aspronte),Repolho,4
118,Cooperativa de Agricultura Familiar Mista do Distrito Federal (Coopermista),Chuchu,4
9,Feira da Agricultura Familiar - Plano Piloto,Beterraba,2
18,Associação dos Produtores Rurais Novo Horizonte Betinho (Aspronte),Coco,4
81,Feira do Produtor de São Sebastião,Pepino,4
73,Comper - Sudoeste,Abacate,4
12,Supercei - Taguatinga,Alface,2
197,Associação dos Produtores da Agricultura Familiar (Aspaf),Chuchu,2
134,Feira do Produtor de Samambaia,Couve,3
21,Cooperativa de Agricultura Familiar Mista do Distrito Federal (Coopermista),Beterraba,4
103,Mercado Orgânico do CEASA,Pitaia,2
182,Comper - Águas Claras,Manga,3
134,Walmart - Samambaia,Pimentão,4
7,Feira do Produtor da Estrutural,Goiaba,5
37,Associação dos Trabalhadores Rurais da Agricultura Familiar do Assentamento Chapadinha (Astraf),Banana,4
141,Feira do Produtor do Lago Norte,Cebola,4
52,Atacadão - Ceilândia,Mandioca,4
96,Associação dos Produtores Rurais Novo Horizonte Betinho (Aspronte),Agrião,3
97,Mercado Orgânico do CEASA,Quiabo,4
106,Comper - Águas Claras,Quiabo,5
23,Feira do Produtor de Águas Claras,Tomate,3
50,Associação dos Produtores da Agricultura Familiar (Aspaf),Tangerina,3
43,Feira do Produtor do Cruzeiro,Tomate,5
146,Feira do Produtor de Brazlândia,Jiló,4
12,Supercei - Taguatinga,Lichia,4
109,Feira do Produtor de Planaltina,Cajamanga,3
105,Mercado Orgânico do CEASA,Beterraba,3
78,Carrefour - Águas Claras,Manga,5
48,Pão de Açúcar - Asa Norte,Batata,3
33,Cooperativa de Produção Agropecuária dos Assentados e Pequenos Produtores Rurais do Distrito Federal e Entorno (Coopercal),Uva,4
136,Comper - Sudoeste,Abóbora,3
142,Associação dos Produtores Rurais Novo Horizonte Betinho (Aspronte),Pitaia,4
161,Feira do Produtor de Taguatinga,Cebola,5
162,Cooperativa Agropecuária e Industrial do Rio Preto (Coopari),Banana,3
92,Carrefour - Asa Norte,Manga,3
79,Feira da Agricultura Familiar - Plano Piloto,Beterraba,5
120,Supercei - Taguatinga,Goiaba,3
10,Comper - Águas Claras,Maracujá,3
193,Cooperativa dos Produtores Rurais de Brazlândia (Coopabra),Alface,3
9,Cooperativa de Produção Agropecuária dos Assentados e Pequenos Produtores Rurais do Distrito Federal e Entorno (Coopercal),Maracujá,4
167,Feira do Produtor de Taguatinga,Batata,5
180,Big Box - Águas Claras,Mamão,3
131,Associação de Agricultores Familiares da Eco Comunidade do Assentamento 15 de Agosto (Afeca),Mandioca,3
28,Feira do Produtor do Sudoeste,Alface,3
53,Associação dos Produtores de Hortigranjeiros do Distrito Federal (Asphor),Goiaba,5
39,Feira do Produtor do Cruzeiro,Agrião,4
3,Feira do Produtor do Núcleo Bandeirante,Beterraba,2
149,Cooperativa de Produção Agropecuária dos Assentados e Pequenos Produtores Rurais do Distrito Federal e Entorno (Coopercal),Brócolis,3
171,Mercado Orgânico do CEASA,Quiabo,3
147,Feira do Produtor de Santa Maria,Pitaia,5
126,Feira do Produtor de São Sebastião,Agrião,4
109,Extra - Asa Sul,Coco,2
60,Cooperativa dos Produtores Rurais do PAD-DF (Coopadf),Brócolis,2
87,Super Maia - Sobradinho,Cajamanga,4
155,Extra - Asa Sul,Lichia,5
67,Feira do Produtor de Taguatinga,Cenoura,5
69,Atacadão - Taguatinga,Cenoura,4
103,Mercado Orgânico do CEASA,Maracujá,2
14,Assaí Atacadista - Taguatinga,Pimentão,3
141,Sam's Club - Asa Norte,Graviola,4
58,Associação dos Produtores Rurais de Alexandre Gusmão (Asspag),Mandioca,4
90,Feira do Produtor do Sudoeste,Mamão,4
189,Feira do Produtor do Riacho Fundo,Pimentão,3
30,Comper - Águas Claras,Pimentão,5
58,Associação dos Produtores Rurais Orgânicos e Convencionais do Distrito Federal e Entorno (Asproc),Mandioca,4
100,Feira do Produtor da Candangolândia,Cajamanga,5
61,Associação de Agricultores Familiares da Eco Comunidade do Assentamento 15 de Agosto (Afeca),Cenoura,3
139,Feira da Agricultura Familiar - Plano Piloto,Lichia,4
33,Pão de Açúcar - Asa Sul,Beterraba,3
58,Feira do Produtor de Vicente Pires,Abacate,3
160,Feira do Produtor do Recanto das Emas,Uva,4
12,Feira do Produtor do Riacho Fundo,Pepino,3
192,Feira do Produtor de Ceilândia,Jiló,4
82,Mercado Orgânico do CEASA,Cenoura,3
34,Feira do Produtor do Varjão,Mamão,3
91,Pão de Açúcar - Asa Sul,Beterraba,4
31,Feira do Produtor do Sudoeste,Lichia,2
192,Super Maia - Sobradinho,Beterraba,3
167,Walmart - Samambaia,Mandioca,5
136,Feira do Produtor de Brazlândia,Lichia,4
3,Comper - Águas Claras,Gengibre,4
81,Assaí Atacadista - Taguatinga,Brócolis,4
56,"Cooperativa de Trabalho, Consultoria, Instrutoria e Serviços para o Desenvolvimento Agropecuário, Econômico e Social (Agrocoop)",Quiabo,4
61,Cooperativa Mista da Agricultura Familiar do Meio Ambiente e da Cultura do Brasil (Coopbrasil),Mamão,2
136,Feira do Produtor do Núcleo Bandeirante,Jiló,3
60,Extra - Asa Sul,Cenoura,3
136,Feira do Produtor do Recanto das Emas,Limão,3
152,Associação dos Produtores Rurais de Alexandre Gusmão (Asspag),Alface,4
124,Carrefour - Asa Norte,Chuchu,4
52,Cooperativa de Agricultura Familiar Mista do Distrito Federal (Coopermista),Limão,3
196,Feira do Produtor de Águas Claras,Tomate,3
12,Feira do Produtor de Brazlândia,Coco,3
13,Cooperativa Mista da Agricultura Familiar do Meio Ambiente e da Cultura do Brasil (Coopbrasil),Lichia,3
161,Feira do Produtor de Vicente Pires,Atemóia,5
5,Feira do Produtor do Guará,Banana,3
57,Cooperativa de Produção Agropecuária dos Assentados e Pequenos Produtores Rurais do Distrito Federal e Entorno (Coopercal),Tomate,3
110,Cooperativa Agrícola da Região de Planaltina (Cootaquara),Quiabo,3
105,Associação dos Produtores da Agricultura Familiar (Aspaf),Uva,3
178,Assaí Atacadista - Ceilândia,Cebola,3
144,Supercei - Taguatinga,Couve,3
105,Assaí Atacadista - Taguatinga,Cenoura,3
183,Carrefour - Águas Claras,Quiabo,4
32,Feira do Produtor do Riacho Fundo II,Limão,3
186,Feira do Produtor do Recanto das Emas,Cenoura,3
184,Carrefour - Águas Claras,Maracujá,4
13,Feira do Produtor de Taguatinga,Abóbora,3
111,Assaí Atacadista - Taguatinga,Abacate,4
124,Feira do Produtor do Sudoeste,Tomate,4
52,Supercei - Sobradinho,Banana,4
81,Assaí Atacadista - Ceilândia,Agrião,3
69,Extra - Asa Norte,Manga,3
199,Feira do Produtor do Núcleo Bandeirante,Beterraba,5
132,"Associação Mista dos Agricultores Familiares, Orgânicos e Produtores Rurais do DF e Entorno (Amista)",Couve,3
157,Associação dos Produtores Rurais Orgânicos e Convencionais do Distrito Federal e Entorno (Asproc),Manga,5
47,Sam's Club - Asa Norte,Chuchu,3
36,Feira do Produtor do Núcleo Bandeirante,Pitaia,4
57,Feira do Produtor do Recanto das Emas,Chuchu,2
111,CEASA-DF,Banana,5
8,Feira do Produtor do Núcleo Bandeirante,Pimentão,2
53,Feira do Produtor da Estrutural,Abóbora,4
105,Associação dos Produtores da Agricultura Familiar (Aspaf),Pepino,4
108,Associação dos Produtores Rurais Novo Horizonte Betinho (Aspronte),Batata,5
38,Associação dos Produtores Rurais Orgânicos e Convencionais do Distrito Federal e Entorno (Asproc),Coco,3
197,Assaí Atacadista - Taguatinga,Abóbora,3
36,Comper - Águas Claras,Pepino,4
36,Cooperativa de Produção Agropecuária dos Assentados e Pequenos Produtores Rurais do Distrito Federal e Entorno (Coopercal),Cebola,4
86,Feira do Produtor de Vicente Pires,Batata,3
128,Feira do Produtor de Planaltina,Uva,5
170,Cooperativa Agrícola da Região de Planaltina (Cootaquara),Tangerina,4
43,Cooperativa Mista da Agricultura Familiar do Meio Ambiente e da Cultura do Brasil (Coopbrasil),Quiabo,5
156,Feira do Produtor do Park Way,Manga,3
98,Associação de Agricultores Familiares da Eco Comunidade do Assentamento 15 de Agosto (Afeca),Agrião,4
141,Cooperativa de Produção Agropecuária dos Assentados e Pequenos Produtores Rurais do Distrito Federal e Entorno (Coopercal),Couve,5
25,Feira do Produtor do Itapoã,Repolho,3
108,Supercei - Sobradinho,Uva,5
186,Associação dos Produtores de Hortigranjeiros do Distrito Federal (Asphor),Cenoura,4
197,Feira do Produtor de Samambaia,Mandioca,2
169,Comper - Águas Claras,Couve,3
136,Super Maia - Taguatinga,Uva,3
90,Mercado Orgânico do CEASA,Maracujá,3
161,Feira do Produtor de Santa Maria,Atemóia,4
183,Supercei - Sobradinho,Pitaia,4
152,Assaí Atacadista - Ceilândia,Pepino,4
117,CEASA-DF,Alface,4
142,Feira do Produtor do Guará,Batata,4
188,Feira do Produtor do Gama,Mandioca,2
5,Feira do Produtor de Sobradinho,Chuchu,2
132,Feira do Produtor de Sobradinho,Couve,4
195,CEASA-DF,Coco,3
186,Carrefour - Asa Norte,Pitaia,4
27,Associação dos Produtores de Hortigranjeiros do Distrito Federal (Asphor),Quiabo,5
43,CEASA-DF,Alface,5
159,Carrefour - Águas Claras,Quiabo,5
103,Comper - Águas Claras,Cajamanga,3
116,Feira da Agricultura Familiar - Plano Piloto,Beterraba,4
128,Feira do Produtor de Planaltina,Brócolis,4
54,Assaí Atacadista - Taguatinga,Goiaba,3
99,Feira do Produtor de Brazlândia,Jiló,3
162,Feira do Produtor de São Sebastião,Coco,2
166,Associação dos Trabalhadores Rurais da Agricultura Familiar do Assentamento Chapadinha (Astraf),Banana,4
155,Associação dos Produtores Rurais Orgânicos e Convencionais do Distrito Federal e Entorno (Asproc),Coco,4
92,Big Box - Águas Claras,Cenoura,3
148,Associação dos Produtores da Agricultura Familiar (Aspaf),Brócolis,2
31,Supercei - Sobradinho,Pitaia,4
157,Feira do Produtor do Itapoã,Cajamanga,4
54,Feira do Produtor do Lago Sul,Quiabo,4
76,Cooperativa de Agricultura Familiar Mista do Distrito Federal (Coopermista),Morango,5
116,Cooperativa Mista da Agricultura Familiar do Meio Ambiente e da Cultura do Brasil (Coopbrasil),Goiaba,3
77,Feira do Produtor de São Sebastião,Manga,4
93,Associação dos Produtores Rurais de Alexandre Gusmão (Asspag),Pimentão,5
184,Associação dos Produtores Rurais Orgânicos e Convencionais do Distrito Federal e Entorno (Asproc),Maracujá,5
190,Extra - Asa Norte,Jiló,3
77,Walmart - Samambaia,Cebola,3
100,Feira do Produtor de São Sebastião,Repolho,3
153,Associação dos Produtores de Hortigranjeiros do Distrito Federal (Asphor),Cebola,3
146,Feira do Produtor do Núcleo Bandeirante,Cajamanga,3
44,Comper - Sudoeste,Berinjela,3
18,Cooperativa Agrícola da Região de Planaltina (Cootaquara),Limão,3
131,Carrefour - Águas Claras,Cebola,3
178,Feira do Produtor do Lago Sul,Uva,3
143,"Associação Mista dos Agricultores Familiares, Orgânicos e Produtores Rurais do DF e Entorno (Amista)",Morango,3
18,Feira do Produtor do Varjão,Lichia,4
11,Feira do Produtor do Jardim Botânico,Uva,3
181,Feira do Produtor da Candangolândia,Tomate,4
77,Pão de Açúcar - Asa Sul,Abacate,3
35,Assaí Atacadista - Ceilândia,Agrião,4
177,Feira da Agricultura Familiar - Plano Piloto,Graviola,3
21,Associação dos Produtores Rurais de Alexandre Gusmão (Asspag),Chuchu,5
159,Assaí Atacadista - Ceilândia,Alface,5
138,Feira do Produtor do Jardim Botânico,Cajamanga,4
191,Feira do Produtor do Sudoeste,Quiabo,3
129,Extra - Asa Norte,Abacate,5
168,Feira do Produtor de Samambaia,Manga,3
95,Supercei - Ceilândia,Cajamanga,2
7,Feira do Produtor do Recanto das Emas,Uva,4
86,Comper - Sudoeste,Pitaia,3
131,Carrefour - Asa Norte,Pepino,3
76,Cooperativa de Agricultura Familiar Mista do Distrito Federal (Coopermista),Abacate,5
128,Feira do Produtor de Sobradinho,Tangerina,4
181,Cooperativa dos Produtores Rurais do PAD-DF (Coopadf),Tomate,3
163,Super Maia - Taguatinga,Atemóia,3
178,Associação Agrícola do Distrito Federal e Ride (Agrifam),Cajamanga,3
183,Atacadão - Ceilândia,Alface,4
102,Feira do Produtor do Guará,Repolho,4
51,Cooperativa Agrícola da Região de Planaltina (Cootaquara),Limão,5
138,Cooperativa Agrícola da Região de Planaltina (Cootaquara),Agrião,5
99,Associação dos Produtores Rurais Orgânicos e Convencionais do Distrito Federal e Entorno (Asproc),Mandioca,3
47,Feira do Produtor de Taguatinga,Graviola,3
197,Feira da Agricultura Familiar - Plano Piloto,Beterraba,3
132,Atacadão - Ceilândia,Couve,5
82,Feira do Produtor de Águas Claras,Maracujá,3
68,Associação de Agricultores Familiares da Eco Comunidade do Assentamento 15 de Agosto (Afeca),Cajamanga,2
30,Cooperativa de Agricultura Familiar Mista do Distrito Federal (Coopermista),Lichia,4
5,Cooperativa Agropecuária e Industrial do Rio Preto (Coopari),Abacate,4
15,Cooperativa de Produção Agropecuária dos Assentados e Pequenos Produtores Rurais do Distrito Federal e Entorno (Coopercal),Pitaia,2
196,Atacadão - Taguatinga,Cenoura,3
158,Supercei - Taguatinga,Brócolis,3
168,Comper - Águas Claras,Mamão,4
6,Associação dos Produtores de Hortigranjeiros do Distrito Federal (Asphor),Agrião,4
175,Associação dos Produtores Rurais de Alexandre Gusmão (Asspag),Banana,3
92,Feira do Produtor do Lago Sul,Tangerina,3
140,Cooperativa dos Produtores Rurais do PAD-DF (Coopadf),Brócolis,2
1,Cooperativa Mista da Agricultura Familiar do Meio Ambiente e da Cultura do Brasil (Coopbrasil),Goiaba,3
194,Assaí Atacadista - Taguatinga,Atemóia,3
40,Comper - Águas Claras,Alface,3
191,Associação dos Trabalhadores Rurais da Agricultura Familiar do Assentamento Chapadinha (Astraf),Banana,2
138,Feira do Produtor do Itapoã,Batata,3
156,Super Maia - Taguatinga,Cebola,3
126,Cooperativa Mista da Agricultura Familiar do Meio Ambiente e da Cultura do Brasil (Coopbrasil),Limão,4
69,Super Maia - Taguatinga,Banana,3
110,Feira do Produtor de Vicente Pires,Batata,4
137,Associação dos Produtores Rurais de Alexandre Gusmão (Asspag),Agrião,4
140,Atacadão - Ceilândia,Atemóia,3
34,Comper - Sudoeste,Jiló,3
131,Feira do Produtor do Sudoeste,Tangerina,3
123,Atacadão - Taguatinga,Berinjela,4
157,Feira do Produtor de Brazlândia,Berinjela,2
46,Supercei - Taguatinga,Graviola,4
72,Feira do Produtor de Ceilândia,Coco,3
16,Super Maia - Taguatinga,Cajamanga,3
85,Cooperativa de Produção Agropecuária dos Assentados e Pequenos Produtores Rurais do Distrito Federal e Entorno (Coopercal),Abóbora,3
105,Pão de Açúcar - Asa Sul,Morango,5
91,Comper - Sudoeste,Jiló,4
178,Feira da Agricultura Familiar - Plano Piloto,Gengibre,3
158,Atacadão - Ceilândia,Jiló,4
191,Cooperativa Agrícola da Região de Planaltina (Cootaquara),Graviola,3
140,Sam's Club - Asa Norte,Pimentão,3
22,Feira do Produtor do Riacho Fundo II,Beterraba,4
24,Super Maia - Taguatinga,Tomate,2
132,Feira do Produtor do Lago Norte,Agrião,4
176,Associação de Agricultores Familiares da Eco Comunidade do Assentamento 15 de Agosto (Afeca),Brócolis,4
102,Feira do Produtor de Brazlândia,Graviola,2
129,Pão de Açúcar - Asa Sul,Batata,4
38,Cooperativa dos Produtores Rurais de Brazlândia (Coopabra),Jiló,4
22,"Associação Mista dos Agricultores Familiares, Orgânicos e Produtores Rurais do DF e Entorno (Amista)",Agrião,4
113,Feira do Produtor do Jardim Botânico,Manga,3
78,Feira do Produtor do Núcleo Bandeirante,Morango,4
79,Atacadão - Ceilândia,Banana,3
141,Feira do Produtor do Itapoã,Brócolis,4
139,Atacadão - Taguatinga,Beterraba,2
148,Feira do Produtor de Brazlândia,Morango,3
105,Associação dos Produtores da Agricultura Familiar (Aspaf),Graviola,3
95,Extra - Asa Norte,Morango,3
18,Walmart - Samambaia,Tomate,4
123,Associação dos Produtores Rurais Novo Horizonte Betinho (Aspronte),Berinjela,3
3,Feira do Produtor do Recanto das Emas,Chuchu,4
110,Associação dos Produtores da Agricultura Familiar (Aspaf),Chuchu,4
138,Feira do Produtor da Candangolândia,Mamão,5
90,Comper - Sudoeste,Cebola,5
133,Cooperativa Agropecuária e Industrial do Rio Preto (Coopari),Uva,3
119,Comper - Sudoeste,Lichia,3
137,Feira do Produtor do Lago Norte,Cebola,3
189,Supercei - Taguatinga,Repolho,3
45,Super Maia - Sobradinho,Beterraba,3
109,"Cooperativa de Trabalho, Consultoria, Instrutoria e Serviços para o Desenvolvimento Agropecuário, Econômico e Social (Agrocoop)",Limão,3
109,"Associação Mista dos Agricultores Familiares, Orgânicos e Produtores Rurais do DF e Entorno (Amista)",Agrião,2
35,Feira do Produtor do Riacho Fundo II,Berinjela,4
20,Feira do Produtor do Gama,Abóbora,3
72,Assaí Atacadista - Ceilândia,Coco,4
64,Feira do Produtor do Núcleo Bandeirante,Pitaia,4
135,Big Box - Águas Claras,Tomate,3
109,Extra - Asa Norte,Brócolis,3
121,"Cooperativa de Trabalho, Consultoria, Instrutoria e Serviços para o Desenvolvimento Agropecuário, Econômico e Social (Agrocoop)",Manga,4
49,Feira do Produtor de Santa Maria,Brócolis,3
192,"Associação Mista dos Agricultores Familiares, Orgânicos e Produtores Rurais do DF e Entorno (Amista)",Manga,5
83,Associação dos Trabalhadores Rurais da Agricultura Familiar do Assentamento Chapadinha (Astraf),Coco,4
2,Associação dos Trabalhadores Rurais da Agricultura Familiar do Assentamento Chapadinha (Astraf),Batata,3
145,Atacadão - Taguatinga,Pitaia,4
96,Supercei - Taguatinga,Abóbora,3
109,Assaí Atacadista - Ceilândia,Cebola,3
78,Carrefour - Águas Claras,Lichia,5
1,Feira do Produtor de Vicente Pires,Agrião,3
97,Supercei - Taguatinga,Cajamanga,4
6,Associação Agrícola do Distrito Federal e Ride (Agrifam),Agrião,4
88,Carrefour - Águas Claras,Pimentão,3
168,Feira do Produtor do Núcleo Bandeirante,Maracujá,4
152,Atacadão - Taguatinga,Uva,5
119,Associação dos Trabalhadores Rurais da Agricultura Familiar do Assentamento Chapadinha (Astraf),Abacate,4
109,Associação dos Produtores Rurais Orgânicos e Convencionais do Distrito Federal e Entorno (Asproc),Pimentão,3
111,Feira do Produtor do Recanto das Emas,Pimentão,4
98,Feira do Produtor do Gama,Quiabo,4
138,Associação Agrícola do Distrito Federal e Ride (Agrifam),Abóbora,4
178,Cooperativa dos Produtores Rurais de Brazlândia (Coopabra),Gengibre,2
34,Feira do Produtor do Varjão,Batata,4
159,Feira do Produtor de Ceilândia,Gengibre,4
198,Extra - Asa Norte,Pimentão,3
59,Extra - Asa Sul,Agrião,4
61,Cooperativa de Produção Agropecuária dos Assentados e Pequenos Produtores Rurais do Distrito Federal e Entorno (Coopercal),Tangerina,3
63,Feira do Produtor do Gama,Pitaia,4
133,Pão de Açúcar - Asa Sul,Uva,2
153,Feira do Produtor do Riacho Fundo,Brócolis,3
21,Cooperativa de Produção Agropecuária dos Assentados e Pequenos Produtores Rurais do Distrito Federal e Entorno (Coopercal),Cenoura,3
145,Pão de Açúcar - Asa Sul,Beterraba,3
99,Supercei - Ceilândia,Repolho,2
37,Supercei - Taguatinga,Repolho,4
10,Feira do Produtor do Recanto das Emas,Cajamanga,4
5,Feira do Produtor do Varjão,Agrião,3
87,Extra - Asa Norte,Cenoura,4
110,"Associação Mista dos Agricultores Familiares, Orgânicos e Produtores Rurais do DF e Entorno (Amista)",Abacate,3
68,Supercei - Ceilândia,Gengibre,2
185,Associação Agrícola do Distrito Federal e Ride (Agrifam),Alface,3
34,Feira do Produtor do Varjão,Abóbora,3
164,Feira do Produtor do Varjão,Manga,3
34,Feira do Produtor do Recanto das Emas,Cebola,3
52,Associação dos Trabalhadores Rurais da Agricultura Familiar do Assentamento Chapadinha (Astraf),Alface,3
141,"Associação Mista dos Agricultores Familiares, Orgânicos e Produtores Rurais do DF e Entorno (Amista)",Tomate,4
8,Cooperativa de Produção Agropecuária dos Assentados e Pequenos Produtores Rurais do Distrito Federal e Entorno (Coopercal),Beterraba,4
58,Associação dos Produtores Rurais Novo Horizonte Betinho (Aspronte),Pimentão,4
94,Associação dos Produtores da Agricultura Familiar (Aspaf),Coco,5
6,Extra - Asa Sul,Uva,4
6,Cooperativa Agropecuária e Industrial do Rio Preto (Coopari),Alface,4
129,Associação dos Trabalhadores Rurais da Agricultura Familiar do Assentamento Chapadinha (Astraf),Berinjela,4
117,Associação dos Produtores Rurais de Alexandre Gusmão (Asspag),Alface,4
95,Associação dos Produtores da Agricultura Familiar (Aspaf),Cenoura,4
158,Cooperativa dos Produtores Rurais do PAD-DF (Coopadf),Couve,2
143,Associação dos Produtores de Hortigranjeiros do Distrito Federal (Asphor),Goiaba,3
29,Feira do Produtor do Cruzeiro,Limão,4
35,Feira do Produtor de Vicente Pires,Uva,4
25,Feira do Produtor do Gama,Manga,2
19,Feira do Produtor do Sudoeste,Pimentão,3
188,Feira do Produtor do Lago Sul,Limão,3
57,Cooperativa de Produção Agropecuária dos Assentados e Pequenos Produtores Rurais do Distrito Federal e Entorno (Coopercal),Repolho,2
6,Feira do Produtor do Paranoá,Tangerina,5
76,Feira do Produtor de Samambaia,Jiló,5
182,Feira da Agricultura Familiar - Plano Piloto,Berinjela,3
161,Feira do Produtor de Brazlândia,Alface,4
118,Cooperativa Agropecuária e Industrial do Rio Preto (Coopari),Maracujá,4
65,CEASA-DF,Beterraba,4
9,Feira do Produtor do Sudoeste,Lichia,4
41,Feira do Produtor de São Sebastião,Beterraba,3
194,Feira do Produtor do Varjão,Lichia,4
125,Feira do Produtor de Brazlândia,Coco,2
81,Assaí Atacadista - Ceilândia,Alface,4
55,Carrefour - Asa Norte,Mamão,4
86,Comper - Sudoeste,Pepino,3
127,CEASA-DF,Abóbora,3
65,Assaí Atacadista - Ceilândia,Pepino,4
160,Cooperativa dos Produtores Rurais do PAD-DF (Coopadf),Pepino,5
91,Feira do Produtor de Ceilândia,Jiló,3
17,Cooperativa dos Produtores Rurais de Brazlândia (Coopabra),Pepino,5
95,CEASA-DF,Pimentão,3
173,CEASA-DF,Mandioca,3
120,Feira do Produtor do Park Way,Pimentão,3
66,Assaí Atacadista - Taguatinga,Mamão,3
70,Cooperativa Agropecuária e Industrial do Rio Preto (Coopari),Jiló,4
191,Feira do Produtor da Candangolândia,Tangerina,2
136,Cooperativa Mista da Agricultura Familiar do Meio Ambiente e da Cultura do Brasil (Coopbrasil),Agrião,3
173,Cooperativa Mista da Agricultura Familiar do Meio Ambiente e da Cultura do Brasil (Coopbrasil),Repolho,3
178,Associação dos Produtores Rurais Orgânicos e Convencionais do Distrito Federal e Entorno (Asproc),Banana,2
150,Mercado Orgânico do CEASA,Beterraba,3
126,Carrefour - Asa Norte,Agrião,4
186,Feira do Produtor de Samambaia,Gengibre,5
112,Super Maia - Sobradinho,Abacate,5
112,Feira do Produtor de Brazlândia,Abacate,3
197,Walmart - Samambaia,Alface,3
68,Feira do Produtor do Itapoã,Abacate,2
24,Cooperativa dos Produtores Rurais do PAD-DF (Coopadf),Maracujá,3
37,Associação Agrícola do Distrito Federal e Ride (Agrifam),Brócolis,4
115,Cooperativa dos Produtores Rurais do PAD-DF (Coopadf),Manga,4
179,Cooperativa de Agricultura Familiar Mista do Distrito Federal (Coopermista),Pepino,4
157,Feira do Produtor de Brazlândia,Abóbora,3
2,Mercado Orgânico do CEASA,Graviola,3
148,Feira do Produtor de Vicente Pires,Coco,3
132,Atacadão - Ceilândia,Brócolis,4
148,Super Maia - Taguatinga,Uva,4
107,Cooperativa de Agricultura Familiar Mista do Distrito Federal (Coopermista),Manga,3
129,Feira do Produtor do Cruzeiro,Manga,5
75,Assaí Atacadista - Taguatinga,Beterraba,5
40,Comper - Águas Claras,Limão,4
113,Cooperativa Agrícola da Região de Planaltina (Cootaquara),Chuchu,3
161,Feira do Produtor de Taguatinga,Cajamanga,4
196,Feira do Produtor de Taguatinga,Manga,3
32,Feira do Produtor do Riacho Fundo II,Pitaia,3
124,Feira do Produtor do Sudoeste,Beterraba,3
48,Super Maia - Taguatinga,Banana,3
130,Feira da Agricultura Familiar - Plano Piloto,Graviola,2
1,Sam's Club - Asa Norte,Tangerina,4
154,Feira do Produtor do Lago Sul,Mandioca,2
143,Feira do Produtor do Varjão,Pimentão,2
87,Feira do Produtor de Vicente Pires,Cenoura,4
143,Big Box - Águas Claras,Couve,3
120,Mercado Orgânico do CEASA,Coco,3
119,Feira do Produtor do Sudoeste,Goiaba,3
110,Feira do Produtor de Santa Maria,Cebola,3
27,Feira do Produtor de Planaltina,Pitaia,4
45,Feira do Produtor do Paranoá,Brócolis,3
14,Associação dos Trabalhadores Rurais da Agricultura Familiar do Assentamento Chapadinha (Astraf),Brócolis,4
191,Extra - Asa Norte,Pepino,3
140,Associação de Agricultores Familiares da Eco Comunidade do Assentamento 15 de Agosto (Afeca),Mandioca,3
100,Associação dos Produtores da Agricultura Familiar (Aspaf),Beterraba,4
111,Feira do Produtor do Paranoá,Goiaba,5
162,Feira do Produtor de São Sebastião,Abóbora,3
135,Cooperativa Agropecuária e Industrial do Rio Preto (Coopari),Brócolis,4
108,Big Box - Águas Claras,Coco,5
36,Comper - Águas Claras,Coco,4
130,Carrefour - Águas Claras,Beterraba,3
89,Atacadão - Ceilândia,Couve,2
11,Super Maia - Taguatinga,Atemóia,3
161,Pão de Açúcar - Asa Norte,Lichia,5
172,Atacadão - Taguatinga,Beterraba,3
46,Feira do Produtor do Sudoeste,Batata,4
29,Super Maia - Sobradinho,Chuchu,2
175,Feira do Produtor do Gama,Agrião,4
133,Feira do Produtor do Lago Sul,Alface,3
193,Feira do Produtor de Samambaia,Maracujá,5
110,Associação Agrícola do Distrito Federal e Ride (Agrifam),Banana,3
21,Supercei - Ceilândia,Tangerina,4
18,Associação dos Produtores de Hortigranjeiros do Distrito Federal (Asphor),Maracujá,4
17,Supercei - Ceilândia,Chuchu,4
89,Feira do Produtor do Paranoá,Cebola,3
17,Cooperativa dos Produtores Rurais de Brazlândia (Coopabra),Maracujá,5
128,Feira do Produtor do Lago Norte,Repolho,4
58,Feira do Produtor de Brazlândia,Abacate,2
3,Feira do Produtor de São Sebastião,Pepino,2
28,Pão de Açúcar - Asa Sul,Batata,3
153,Supercei - Ceilândia,Alface,4
161,Pão de Açúcar - Asa Norte,Agrião,4
140,"Associação Mista dos Agricultores Familiares, Orgânicos e Produtores Rurais do DF e Entorno (Amista)",Maracujá,3
199,Feira do Produtor do Jardim Botânico,Limão,3
7,"Cooperativa de Trabalho, Consultoria, Instrutoria e Serviços para o Desenvolvimento Agropecuário, Econômico e Social (Agrocoop)",Tomate,4
61,Atacadão - Taguatinga,Beterraba,2
15,Feira da Agricultura Familiar - Plano Piloto,Pitaia,3
84,Associação dos Produtores da Agricultura Familiar (Aspaf),Tangerina,5
15,Supercei - Taguatinga,Graviola,3
51,Feira do Produtor de Samambaia,Mandioca,5
169,Supercei - Ceilândia,Berinjela,3
179,Supercei - Sobradinho,Agrião,4
48,Big Box - Águas Claras,Uva,2
48,Feira do Produtor de Brazlândia,Abacate,3
172,Cooperativa de Produção Agropecuária dos Assentados e Pequenos Produtores Rurais do Distrito Federal e Entorno (Coopercal),Cajamanga,4
109,Feira do Produtor do Varjão,Batata,3
43,Walmart - Samambaia,Graviola,4
42,Feira do Produtor de Ceilândia,Cajamanga,4
82,Assaí Atacadista - Ceilândia,Atemóia,4
86,Associação dos Produtores Rurais Novo Horizonte Betinho (Aspronte),Tomate,4
42,Cooperativa de Agricultura Familiar Mista do Distrito Federal (Coopermista),Goiaba,5
30,Cooperativa dos Produtores Rurais de Brazlândia (Coopabra),Atemóia,2
178,Feira do Produtor do Riacho Fundo,Gengibre,3
160,Comper - Sudoeste,Tangerina,4
98,Cooperativa dos Produtores Rurais de Brazlândia (Coopabra),Brócolis,3
16,Feira do Produtor de Águas Claras,Coco,3
65,Associação de Agricultores Familiares da Eco Comunidade do Assentamento 15 de Agosto (Afeca),Agrião,4
35,Feira do Produtor de Taguatinga,Pitaia,4
151,Feira da Agricultura Familiar - Plano Piloto,Goiaba,3
132,Associação Agrícola do Distrito Federal e Ride (Agrifam),Abacate,4
194,Assaí Atacadista - Taguatinga,Alface,4
3,Pão de Açúcar - Asa Sul,Batata,4
35,Assaí Atacadista - Ceilândia,Pepino,4
189,Feira do Produtor do Varjão,Berinjela,3
13,Feira do Produtor de Vicente Pires,Quiabo,2
180,Feira do Produtor de São Sebastião,Goiaba,3
92,Feira do Produtor do Gama,Agrião,3
8,Atacadão - Ceilândia,Manga,3
159,Feira do Produtor do Riacho Fundo II,Tangerina,4
67,Feira do Produtor de São Sebastião,Agrião,5
183,Feira do Produtor de Sobradinho,Batata,4
36,Feira do Produtor do Cruzeiro,Mamão,3
36,Walmart - Samambaia,Quiabo,3
45,Feira do Produtor do Varjão,Morango,3
59,Feira do Produtor do Lago Norte,Alface,3
52,Feira do Produtor do Guará,Cenoura,4
22,Feira do Produtor do Jardim Botânico,Limão,3
37,Feira do Produtor do Lago Norte,Tomate,4
140,Atacadão - Taguatinga,Pepino,3
175,Pão de Açúcar - Asa Norte,Quiabo,5
29,Feira do Produtor do Lago Norte,Couve,3
26,Feira do Produtor do Park Way,Cajamanga,3
141,Sam's Club - Asa Norte,Batata,4
8,Atacadão - Taguatinga,Gengibre,3
35,Feira do Produtor do Paranoá,Brócolis,4
146,Feira do Produtor de Samambaia,Couve,4
44,Feira do Produtor do Itapoã,Brócolis,3
174,Supercei - Sobradinho,Batata,4
135,Cooperativa de Agricultura Familiar Mista do Distrito Federal (Coopermista),Lichia,4
91,Feira do Produtor de São Sebastião,Pepino,4
49,Cooperativa Agropecuária e Industrial do Rio Preto (Coopari),Brócolis,3
66,Feira do Produtor do Lago Norte,Abacate,2
160,Feira do Produtor do Recanto das Emas,Cenoura,4
42,Feira do Produtor de Santa Maria,Manga,5
108,Feira do Produtor do Riacho Fundo II,Pepino,5
42,Associação dos Produtores Rurais Novo Horizonte Betinho (Aspronte),Lichia,4
40,Cooperativa Agrícola da Região de Planaltina (Cootaquara),Tangerina,3
148,Feira do Produtor do Varjão,Couve,3
67,Mercado Orgânico do CEASA,Couve,4
187,Associação dos Produtores Rurais de Alexandre Gusmão (Asspag),Abacate,4
120,Comper - Águas Claras,Tangerina,4
9,Feira do Produtor do Riacho Fundo,Pitaia,4
57,Associação dos Trabalhadores Rurais da Agricultura Familiar do Assentamento Chapadinha (Astraf),Batata,2
145,Feira do Produtor de Brazlândia,Abacate,3
13,Feira do Produtor do Gama,Banana,3
31,Associação dos Produtores Rurais de Alexandre Gusmão (Asspag),Alface,4
175,Feira do Produtor do Gama,Quiabo,4
136,Feira do Produtor de Ceilândia,Chuchu,2
187,Big Box - Águas Claras,Brócolis,4
40,Supercei - Ceilândia,Coco,4
30,Atacadão - Taguatinga,Limão,3
131,Feira do Produtor do Paranoá,Beterraba,4
53,Big Box - Águas Claras,Uva,5
166,Associação de Agricultores Familiares da Eco Comunidade do Assentamento 15 de Agosto (Afeca),Abacate,3
119,Feira do Produtor de Planaltina,Agrião,4
86,Walmart - Samambaia,Atemóia,3
125,Big Box - Águas Claras,Pitaia,3
168,Feira da Agricultura Familiar - Plano Piloto,Tangerina,4
183,Big Box - Águas Claras,Cebola,4
178,Cooperativa de Agricultura Familiar Mista do Distrito Federal (Coopermista),Couve,3
54,Feira do Produtor do Recanto das Emas,Cajamanga,4
125,Feira do Produtor do Riacho Fundo,Couve,4
67,Feira do Produtor de Vicente Pires,Atemóia,5
132,Comper - Sudoeste,Cebola,4
130,Sam's Club - Asa Norte,Jiló,3
87,Supercei - Sobradinho,Repolho,3
19,Feira do Produtor do Cruzeiro,Limão,3
177,Super Maia - Taguatinga,Morango,3
100,Feira do Produtor de Planaltina,Jiló,4
119,Supercei - Sobradinho,Cajamanga,3
1,Associação dos Produtores da Agricultura Familiar (Aspaf),Atemóia,3
108,Feira do Produtor do Sudoeste,Mandioca,5
90,Supercei - Taguatinga,Graviola,4
26,Comper - Sudoeste,Alface,5
143,Feira do Produtor do Lago Sul,Pimentão,2
3,Cooperativa Mista da Agricultura Familiar do Meio Ambiente e da Cultura do Brasil (Coopbrasil),Maracujá,5
42,Feira do Produtor do Riacho Fundo,Gengibre,4
3,Feira do Produtor de Samambaia,Manga,3
38,Extra - Asa Sul,Tomate,3
41,Feira do Produtor de Planaltina,Repolho,3
166,Supercei - Taguatinga,Couve,2
15,Associação dos Produtores da Agricultura Familiar (Aspaf),Beterraba,3
178,Feira do Produtor de Samambaia,Abacate,3
85,Feira do Produtor do Sudoeste,Alface,3
7,Supercei - Ceilândia,Beterraba,4
32,Feira do Produtor do Varjão,Alface,3
171,Feira do Produtor do Recanto das Emas,Cajamanga,3
49,Associação dos Produtores Rurais Novo Horizonte Betinho (Aspronte),Abóbora,5
53,Feira do Produtor de Brazlândia,Jiló,4
142,Associação dos Produtores Rurais Orgânicos e Convencionais do Distrito Federal e Entorno (Asproc),Maracujá,4
139,Feira do Produtor de Águas Claras,Pitaia,3
82,Super Maia - Sobradinho,Limão,2
114,Carrefour - Águas Claras,Pimentão,4
54,Feira do Produtor da Estrutural,Gengibre,4
186,Feira do Produtor de São Sebastião,Gengibre,3
108,Cooperativa dos Produtores Rurais do PAD-DF (Coopadf),Graviola,4
18,Feira do Produtor de Sobradinho,Coco,4
180,Feira do Produtor de Brazlândia,Tangerina,3
184,Feira do Produtor de Taguatinga,Mamão,4
136,Super Maia - Taguatinga,Tangerina,4
100,Feira do Produtor do Recanto das Emas,Pimentão,4
184,Supercei - Sobradinho,Jiló,4
193,Sam's Club - Asa Norte,Cenoura,4
167,Feira do Produtor do Itapoã,Banana,4
194,Associação dos Produtores Rurais de Alexandre Gusmão (Asspag),Agrião,3
71,Extra - Asa Norte,Atemóia,3
72,Cooperativa dos Produtores Rurais do PAD-DF (Coopadf),Pepino,5
104,Feira da Agricultura Familiar - Plano Piloto,Goiaba,3
16,Associação dos Produtores de Hortigranjeiros do Distrito Federal (Asphor),Graviola,4
71,Feira do Produtor de Sobradinho,Atemóia,4
138,Feira do Produtor do Riacho Fundo II,Abacate,4
179,Feira do Produtor de Águas Claras,Chuchu,4
124,Carrefour - Águas Claras,Alface,3
169,Feira do Produtor de Taguatinga,Tangerina,4
57,Associação dos Trabalhadores Rurais da Agricultura Familiar do Assentamento Chapadinha (Astraf),Maracujá,2
30,Extra - Asa Norte,Chuchu,4
52,Supercei - Sobradinho,Tomate,4
15,"Cooperativa de Trabalho, Consultoria, Instrutoria e Serviços para o Desenvolvimento Agropecuário, Econômico e Social (Agrocoop)",Graviola,2
85,Super Maia - Taguatinga,Manga,3
180,Feira do Produtor da Estrutural,Jiló,3
73,Associação Agrícola do Distrito Federal e Ride (Agrifam),Couve,4
50,Feira do Produtor de Taguatinga,Atemóia,3
65,Assaí Atacadista - Ceilândia,Limão,5
131,Comper - Sudoeste,Beterraba,3
145,Assaí Atacadista - Taguatinga,Goiaba,2
110,Feira do Produtor do Núcleo Bandeirante,Cajamanga,3
88,Feira do Produtor do Jardim Botânico,Tangerina,2
138,Supercei - Sobradinho,Quiabo,4
64,Feira do Produtor do Paranoá,Coco,4
67,Feira do Produtor de Vicente Pires,Goiaba,4
80,Associação de Agricultores Familiares da Eco Comunidade do Assentamento 15 de Agosto (Afeca),Abacate,4
163,Associação de Agricultores Familiares da Eco Comunidade do Assentamento 15 de Agosto (Afeca),Mandioca,2
131,Assaí Atacadista - Taguatinga,Limão,4
168,Feira do Produtor do Gama,Agrião,3
122,Feira do Produtor do Lago Sul,Coco,4
88,Feira do Produtor do Itapoã,Coco,3
54,Feira da Agricultura Familiar - Plano Piloto,Graviola,3
43,Carrefour - Águas Claras,Uva,4
1,Feira do Produtor do Cruzeiro,Agrião,4
57,Cooperativa dos Produtores Rurais do PAD-DF (Coopadf),Goiaba,3
166,Feira do Produtor do Jardim Botânico,Pepino,2
196,Carrefour - Águas Claras,Cenoura,3
190,Feira do Produtor de São Sebastião,Agrião,4
45,Feira do Produtor da Estrutural,Berinjela,3
48,Cooperativa Agrícola da Região de Planaltina (Cootaquara),Chuchu,4
169,Cooperativa de Produção Agropecuária dos Assentados e Pequenos Produtores Rurais do Distrito Federal e Entorno (Coopercal),Tomate,3
25,Atacadão - Taguatinga,Pitaia,2
190,Feira do Produtor do Riacho Fundo,Coco,3
94,Extra - Asa Sul,Repolho,3
48,Associação dos Produtores Rurais de Alexandre Gusmão (Asspag),Abacate,3
188,Comper - Sudoeste,Tomate,3
134,Feira do Produtor de Samambaia,Cebola,5
39,Feira do Produtor do Park Way,Couve,5
39,Associação dos Produtores de Hortigranjeiros do Distrito Federal (Asphor),Lichia,4
163,Feira do Produtor do Núcleo Bandeirante,Mandioca,2
52,Assaí Atacadista - Ceilândia,Limão,3
79,Feira do Produtor de Santa Maria,Batata,4
170,Comper - Sudoeste,Cebola,4
89,Comper - Sudoeste,Mandioca,3
35,Extra - Asa Norte,Tomate,5
10,"Associação Mista dos Agricultores Familiares, Orgânicos e Produtores Rurais do DF e Entorno (Amista)",Couve,4
152,Mercado Orgânico do CEASA,Quiabo,5
23,Feira da Agricultura Familiar - Plano Piloto,Cajamanga,4
1,Pão de Açúcar - Asa Norte,Pitaia,3
78,Cooperativa Agrícola da Região de Planaltina (Cootaquara),Coco,5
125,Cooperativa Agropecuária e Industrial do Rio Preto (Coopari),Couve,4
52,"Associação Mista dos Agricultores Familiares, Orgânicos e Produtores Rurais do DF e Entorno (Amista)",Gengibre,4
175,Pão de Açúcar - Asa Norte,Cenoura,5
59,Big Box - Águas Claras,Tangerina,3
176,CEASA-DF,Lichia,3
20,Supercei - Sobradinho,Uva,5
194,Associação de Agricultores Familiares da Eco Comunidade do Assentamento 15 de Agosto (Afeca),Atemóia,3
86,Carrefour - Águas Claras,Cebola,2
178,Super Maia - Sobradinho,Batata,4
99,Feira do Produtor do Sudoeste,Mandioca,2
159,Feira do Produtor do Varjão,Tomate,4
161,Cooperativa dos Produtores Rurais de Brazlândia (Coopabra),Chuchu,3
136,Supercei - Sobradinho,Mandioca,3
55,Cooperativa dos Produtores Rurais do PAD-DF (Coopadf),Cebola,4
97,Feira do Produtor de Sobradinho,Pepino,4
37,Feira do Produtor do Riacho Fundo II,Pimentão,3
151,Feira do Produtor do Paranoá,Brócolis,4
116,Pão de Açúcar - Asa Sul,Tangerina,4
139,Associação dos Produtores da Agricultura Familiar (Aspaf),Lichia,3
178,Associação dos Produtores Rurais de Alexandre Gusmão (Asspag),Mandioca,3
122,"Associação Mista dos Agricultores Familiares, Orgânicos e Produtores Rurais do DF e Entorno (Amista)",Couve,4
53,Feira do Produtor da Candangolândia,Maracujá,4
182,Associação Agrícola do Distrito Federal e Ride (Agrifam),Pitaia,3
103,Supercei - Sobradinho,Abóbora,3
140,Supercei - Taguatinga,Repolho,3
178,Feira do Produtor de Samambaia,Tangerina,3
149,Feira do Produtor da Candangolândia,Beterraba,3
51,Cooperativa Mista da Agricultura Familiar do Meio Ambiente e da Cultura do Brasil (Coopbrasil),Maracujá,4
82,Feira do Produtor de Taguatinga,Maracujá,2
99,Assaí Atacadista - Taguatinga,Jiló,2
103,Supercei - Sobradinho,Chuchu,3
142,Mercado Orgânico do CEASA,Graviola,5
81,Feira do Produtor do Cruzeiro,Manga,4
42,Feira do Produtor do Riacho Fundo,Pimentão,4
25,Sam's Club - Asa Norte,Pimentão,2
36,Comper - Águas Claras,Pepino,3
164,Feira do Produtor do Varjão,Banana,4
99,Assaí Atacadista - Taguatinga,Cenoura,2
136,Feira do Produtor do Riacho Fundo II,Abacate,4
81,Extra - Asa Sul,Couve,3
37,"Associação Mista dos Agricultores Familiares, Orgânicos e Produtores Rurais do DF e Entorno (Amista)",Coco,4
24,Walmart - Samambaia,Alface,3
141,Feira do Produtor de Taguatinga,Brócolis,4
21,Associação dos Produtores Rurais de Alexandre Gusmão (Asspag),Maracujá,4
12,Mercado Orgânico do CEASA,Tomate,3
194,Assaí Atacadista - Taguatinga,Abacate,4
165,Comper - Sudoeste,Tomate,3
189,Supercei - Ceilândia,Manga,4
64,"Cooperativa de Trabalho, Consultoria, Instrutoria e Serviços para o Desenvolvimento Agropecuário, Econômico e Social (Agrocoop)",Repolho,2
185,Comper - Sudoeste,Batata,2
116,Cooperativa Mista da Agricultura Familiar do Meio Ambiente e da Cultura do Brasil (Coopbrasil),Limão,5
198,Feira do Produtor do Núcleo Bandeirante,Uva,2
124,Feira do Produtor do Lago Norte,Abóbora,3
48,Cooperativa dos Produtores Rurais do PAD-DF (Coopadf),Pepino,4
178,Feira do Produtor de Samambaia,Mamão,3
52,Assaí Atacadista - Ceilândia,Graviola,3
178,Associação Agrícola do Distrito Federal e Ride (Agrifam),Couve,3
160,Associação dos Produtores Rurais Orgânicos e Convencionais do Distrito Federal e Entorno (Asproc),Banana,4
59,Big Box - Águas Claras,Morango,4
142,Feira do Produtor do Riacho Fundo,Gengibre,4
162,Cooperativa Mista da Agricultura Familiar do Meio Ambiente e da Cultura do Brasil (Coopbrasil),Pimentão,3
9,Feira do Produtor de Ceilândia,Abóbora,3
102,Cooperativa Agropecuária e Industrial do Rio Preto (Coopari),Coco,3
38,Comper - Sudoeste,Batata,4
126,Feira do Produtor do Lago Norte,Cebola,4
126,Feira do Produtor de Taguatinga,Berinjela,3
191,Feira do Produtor do Park Way,Alface,3
43,Feira da Agricultura Familiar - Plano Piloto,Atemóia,5
68,Cooperativa de Agricultura Familiar Mista do Distrito Federal (Coopermista),Abóbora,1
83,Feira do Produtor do Paranoá,Lichia,4
28,Feira do Produtor do Sudoeste,Goiaba,2
52,Carrefour - Asa Norte,Lichia,3
8,Feira do Produtor da Candangolândia,Jiló,3
98,Cooperativa dos Produtores Rurais de Brazlândia (Coopabra),Tangerina,4
28,Assaí Atacadista - Taguatinga,Brócolis,2
152,Feira do Produtor de Samambaia,Tangerina,4
106,Feira do Produtor de Sobradinho,Abacate,5
130,Super Maia - Taguatinga,Morango,2
104,"Associação Mista dos Agricultores Familiares, Orgânicos e Produtores Rurais do DF e Entorno (Amista)",Manga,3
169,Feira do Produtor do Lago Norte,Cebola,4
7,Cooperativa Agropecuária e Industrial do Rio Preto (Coopari),Cebola,4
162,Cooperativa Agrícola da Região de Planaltina (Cootaquara),Batata,4
81,Feira da Agricultura Familiar - Plano Piloto,Abóbora,4
113,Cooperativa Mista da Agricultura Familiar do Meio Ambiente e da Cultura do Brasil (Coopbrasil),Lichia,3
142,Associação dos Produtores Rurais de Alexandre Gusmão (Asspag),Abóbora,5
102,Cooperativa Mista da Agricultura Familiar do Meio Ambiente e da Cultura do Brasil (Coopbrasil),Goiaba,3
160,Atacadão - Ceilândia,Limão,3
39,Super Maia - Sobradinho,Jiló,4
120,Feira do Produtor do Gama,Quiabo,3
114,Comper - Águas Claras,Agrião,5
116,Assaí Atacadista - Taguatinga,Lichia,4
146,Super Maia - Sobradinho,Mamão,3
90,Super Maia - Sobradinho,Pitaia,3
18,Comper - Águas Claras,Alface,4
143,Feira do Produtor de Planaltina,Manga,3
97,Feira do Produtor de Brazlândia,Gengibre,4
8,Cooperativa de Agricultura Familiar Mista do Distrito Federal (Coopermista),Pimentão,2
121,Cooperativa dos Produtores Rurais de Brazlândia (Coopabra),Batata,3
49,Feira do Produtor do Gama,Pepino,4
104,Associação Agrícola do Distrito Federal e Ride (Agrifam),Mandioca,3
186,Supercei - Sobradinho,Batata,3
42,Cooperativa Mista da Agricultura Familiar do Meio Ambiente e da Cultura do Brasil (Coopbrasil),Maracujá,4
135,Cooperativa Mista da Agricultura Familiar do Meio Ambiente e da Cultura do Brasil (Coopbrasil),Maracujá,3
189,Feira do Produtor de Ceilândia,Coco,2
90,Feira do Produtor do Lago Sul,Graviola,4
147,Feira do Produtor do Park Way,Cajamanga,4
84,Pão de Açúcar - Asa Sul,Atemóia,3
104,Feira do Produtor de Vicente Pires,Abóbora,4
40,Feira do Produtor do Itapoã,Abóbora,4
181,Associação dos Produtores de Hortigranjeiros do Distrito Federal (Asphor),Tomate,4
111,Comper - Águas Claras,Couve,5
70,Feira do Produtor do Riacho Fundo,Couve,5
54,Supercei - Taguatinga,Brócolis,4
41,Feira do Produtor de Samambaia,Chuchu,4
26,Feira do Produtor do Riacho Fundo,Jiló,4
54,Cooperativa dos Produtores Rurais de Brazlândia (Coopabra),Couve,5
13,Feira do Produtor do Gama,Gengibre,4
